7924.09936 37799.7206 -798.866775 -4.84564356 -0.108690275 -0.173929004 5.36699194e-13
-31913.0828 -29605.6845 -1151.10952 2.26248854 -3.03208744 -0.416507755 5.78832687e-10
12866.4814 -33230.5584 450.316236 3.40738486 2.02547028 1.05751802 1.16019531e-14
2395.91012 46236.4504 -800.883553 -4.16935438 -0.0832356497 -0.683460897 8.09086846e-10
-8762.77506 -1693.42545 1095.11867 2.27024621 -7.12138346 -2.30913368 7.47823362e-11
-9676.23863 8210.44166 345.847748 -7.59501558 -2.68998986 0.664146562 4.96648429e-07
-3267.70735 31003.1848 -588.777339 -5.29207333 -1.39606213 -1.00705663 8.36042729e-13
-39357.9849 23435.7803 743.781326 -1.51353165 -4.12564092 -0.309498181 1.61333686e-11
-34532.1524 -1629.83815 -383.395589 -0.620729184 -4.44786293 0.712636928 1.06326529e-07
-26465.2244 33480.0585 -1182.00767 -2.6100874 -3.14404657 -0.108459706 2.91472005e-10
30780.0164 22924.6563 -960.399046 -3.69218875 1.90460672 0.205612958 6.31653432e-15
5299.29513 -46480.9125 345.4572 4.3645007 0.601660278 -0.861500705 1.66126679e-14
5796.92356 -31986.0561 -1494.16341 5.1388062 -0.333888378 -0.38445264 1.5780003e-15
11319.5217 3929.03848 -630.9616 -4.04607841 7.31723543 0.11274407 2.47806045e-13
-26285.9491 -34702.7777 -534.447518 3.51152533 -2.40128319 -0.19802292 1.74688383e-14
-35250.4559 27335.7084 -859.33528 -2.30529901 -3.72378839 0.463758308 2.11687724e-12
35147.9256 -33160.5158 9.92273326 2.6120298 2.56342907 0.0647380945 4.28762607e-10
-6954.7647 38646.1594 -421.362079 -4.33254319 -0.366525868 1.49593682 0.000280139538
-31154.343 -19995.2046 920.956452 0.207735134 -4.02199519 0.545700533 1.34862489e-13
1393.89151 6351.99665 -976.496581 -7.84948676 7.94269022 -2.31028145 5.88190244e-12
-31854.5753 -30186.9017 -1445.99872 3.77456658 -0.915580058 -0.019969544 3.53683961e-09
-42119.0279 20655.9672 109.143351 -2.6265886 -3.39557239 0.116896731 1.69912448e-15
18715.3219 -34173.7265 327.578966 2.76156334 3.45164054 0.71783062 2.64321187e-06
11990.7025 -16516.2549 -592.134955 3.07703594 4.68049399 0.217668284 4.82543178e-05
17408.2042 12397.2244 1410.30706 -1.95296194 5.51424091 -0.210862018 1.845681e-12
-17435.4587 2662.96431 -211.803009 -1.01616862 -5.03201916 -1.17705325 3.83074022e-10
-28233.2519 33095.8479 352.155281 -3.60339619 -2.71267576 1.00888708 3.29790885e-09
-17633.18 -35273.8392 1399.35145 4.4208216 -1.38066577 -0.233768151 4.40435633e-13
16034.9225 15134.13 -62.2974022 -4.18225278 4.66036031 0.00364497663 1.2747758e-09
22892.6319 24223.2953 -980.628674 -3.68099453 3.30156604 -0.515933241 3.61292659e-12
34074.4843 30622.0678 455.526663 -1.31263554 4.60995622 -1.02696116 4.30518427e-09
46589.84 -8055.50784 471.258923 1.56047333 4.25592947 -0.628350219 0.000408008518
17298.2393 29357.0298 1119.00511 -4.17920029 2.37945429 0.733100687 2.90225709e-09
-35739.5521 -22353.7194 -1201.73565 1.30675615 -3.06937524 0.229182257 1.21301112e-09
31800.329 -22518.2145 1008.68227 2.48342401 2.967983 0.365933737 5.91427338e-12
44947.2072 19201.5107 756.532621 -1.3908674 4.03290168 -0.466007518 3.71173355e-10
-12692.4961 -6710.82484 721.674092 2.90947426 -6.26134999 -1.0372718 1.53241261e-14
10818.7657 29353.091 -58.4791638 -4.1438912 2.69259727 0.0132149957 1.66687702e-15
17380.0107 45529.451 413.6415 -3.56110702 0.625768913 0.0970065318 1.92726943e-10
-19054.6172 10888.1626 -166.906527 0.826745887 -5.94239209 0.0649051801 3.52270602e-05
30392.4932 23195.2251 992.991061 -2.00936819 3.29164858 -0.0721138136 1.35011573e-15
24930.429 16900.8702 -1415.67761 -1.34099781 4.94270885 -0.56004979 2.10562426e-08
5325.86615 -22949.8059 -988.221317 3.83833527 2.55779572 1.88330453 2.18132799e-14
9258.43996 44964.3886 -850.281436 -4.31616629 -1.87047682 0.598534718 2.26121738e-14
-19428.7505 -27109.8133 49.5890702 2.95439696 -4.74089505 -0.699763205 3.03081222e-12
2365.04811 41837.106 1000.28803 -3.82530166 0.152660004 -0.108743165 5.32024783e-11
46925.197 10208.1413 -1384.84161 -1.0441821 4.15570693 -0.0658608995 2.01659168e-13
-38331.1684 -8661.85215 418.31821 0.413681934 -4.27292014 -0.294964 1.60115498e-12
38080.9086 30321.1674 900.268932 -2.44824773 2.4871113 0.84585183 1.82315226e-10
-24997.0621 -4920.07074 413.291597 -0.398444183 -4.58629301 0.650875204 3.94699773e-10
37985.4087 -10657.5225 -840.848497 -0.338346919 5.08750917 -0.325508131 2.46722862e-15
56.3517207 39888.4814 -1428.81827 -3.68874948 0.317872641 -0.0461684991 2.05400071e-09
47856.263 -1660.8415 -801.583785 -0.320742943 3.98651792 0.192809609 3.08403947e-10
47939.8569 -12051.8225 -78.4616052 2.11397802 3.12574763 1.10582018 1.05947507e-15
19901.0603 -22097.1646 -449.518788 2.95180348 2.69464184 0.588251766 2.45610067e-09
32592.6523 -28772.5312 -1127.2958 0.293616578 4.92207747 -0.665976758 0.000376787221
3601.81492 -21699.0652 -27.6824125 6.34761724 -2.89840163 0.840641408 2.93172658e-12
27231.357 -17312.655 362.049727 4.62204502 2.37416196 -0.988134591 2.47611455e-14
16350.2472 -3919.68295 1340.63309 1.65327749 4.86570271 -0.911963568 6.18211149e-10
-39644.3745 -20809.1141 463.29372 0.18374791 -3.65763494 0.132399798 8.25158952e-10
49286.7071 -8158.61126 -30.8122611 1.22462928 3.51101964 0.276622573 1.54426173e-09
17944.1886 1066.35734 1206.92191 -0.681686108 5.97576412 -0.561532693 9.1198188e-15
21153.5809 7343.70284 1153.34546 -2.82374374 5.18003783 -1.5088229 4.82823929e-06
-18167.7815 15733.4341 259.083565 -2.83537927 -5.21882776 0.73307125 9.24640136e-12
-35459.0104 30903.8832 -348.057941 -1.42888303 -4.02266519 0.34601055 1.80994151e-14
31598.2726 -28957.5096 -663.705308 1.04358143 3.72919504 -0.305040347 2.25001348e-06
18561.7488 9686.98052 -964.591944 -0.208911206 6.52914319 0.741052935 1.10535828e-09
12278.1627 12838.3153 739.20149 -6.63079298 1.65047398 -0.151834273 6.97556033e-14
-17005.2163 -22465.317 476.29725 5.16276279 -1.7300006 0.580210121 3.16167863e-13
-8093.82134 15752.3447 -172.572012 -5.06699773 -1.67168004 0.376326378 4.86247202e-10
14366.3249 20977.458 -424.915678 -4.82020745 3.09703766 -0.369921419 1.62037981e-12
35319.312 14221.184 -598.051568 0.200563002 5.43827706 0.751259088 6.95816383e-14
27434.0083 -4184.76941 1465.17508 -1.46523013 5.59088847 0.503782007 6.46904996e-13
-35651.2658 -9065.99153 1104.91446 0.155607622 -4.54138214 0.77524985 1.40296082e-15
23220.6969 10875.7643 -295.919098 0.334114198 6.75384073 -0.903538195 2.67120791e-13
19216.5062 29401.8155 -868.473988 -2.99244256 2.21863067 1.30745053 3.74301373e-14
4956.82804 -16747.2923 348.779674 6.93275159 2.33321018 -1.55633749 1.75981546e-11
35862.0297 -15347.1009 -682.502444 2.39249295 4.21395293 -1.13458944 8.10393963e-12
9038.71201 8669.93973 -1234.23066 -3.07927616 6.774796 0.653446631 4.5076444e-14
-23100.1874 -8310.31932 1317.90884 2.77538097 -5.16894181 -0.158325173 4.97463136e-12
18887.6051 39076.5107 -1460.907 -4.29040116 1.93503668 -0.822169078 5.01200899e-05
-44176.0044 -936.817893 -347.251233 0.0547037455 -4.05334002 0.224449415 3.44637318e-13
-29601.333 14831.1433 -472.798011 -2.66902262 -4.46649049 -0.437322798 2.14370842e-15
41904.4561 10217.81 -677.988932 -1.02621891 3.17923339 0.448133672 1.77697902e-14
43284.1808 4842.55075 -1436.55814 0.717633379 3.85884517 0.530208982 9.47637606e-09
-38407.7703 -23186.3332 601.148244 0.18211525 -5.02498739 -0.02473864 0.00074543596
-42277.1267 25724.7284 314.52878 -3.68246306 -2.7346759 -0.848727505 3.53359124e-11
44757.838 -13089.0733 454.807587 0.923206652 4.24899239 0.277719177 1.08215371e-14
-8446.22863 3288.6348 -430.064663 -4.37429472 -8.90089532 -0.280433029 3.02016254e-10
16725.5489 -13192.7999 -1436.47841 2.91983712 3.80715961 0.160747465 1.29352498e-10
-17502.7475 -29172.7453 -749.538874 3.22430742 -2.93294283 -0.339924142 1.57712209e-12
2566.06532 20261.4757 -1357.96041 -6.32753804 -1.43685144 0.126282424 1.58075085e-10
14792.6926 -11329.6845 842.861281 2.04282037 6.49306807 0.051983543 3.22329412e-11
7162.83205 -36739.7849 393.575094 3.08908191 2.73663813 -0.569485713 1.14433816e-13
-29254.7072 -14053.7304 774.336932 2.10985007 -3.63585042 -0.09061454 4.75320932e-12
-32564.0537 8131.91735 67.5378811 -1.57237657 -3.72411255 0.523417335 1.5021693e-05
8537.35543 -23405.0178 719.839252 5.04770129 0.629538916 -0.467687532 2.47441906e-10
42849.9641 -4935.8228 -1381.31724 1.28659522 3.22190673 0.364962694 2.78947936e-10
-9705.53109 10625.9134 -1459.71539 -5.44556245 -3.52382784 -0.089019798 3.66637526e-12
4531.86021 -16784.0803 -880.77404 6.19724593 2.46572111 0.530751758 4.76566417e-09
-28284.3923 37441.9861 -391.042829 -3.76050163 -1.57860877 -0.495531471 5.33563667e-11
24316.589 -28330.7862 -663.141177 3.4963092 2.10427699 0.178220107 1.90368833e-12
16853.3306 16894.9545 -1206.06687 -1.25409043 5.02149649 -0.536275049 6.90029263e-13
-40480.1592 2637.17185 -1378.98738 0.0111949091 -4.76684001 -0.157979215 6.04029966e-13
15078.3178 10236.9238 811.064555 -4.07392111 5.1930864 -2.50074744 4.20228586e-12
-33186.2089 7358.5818 1281.02334 -1.2169728 -5.18314758 0.713518617 5.01796041e-14
-35470.6541 24299.7647 -442.712428 -1.2601816 -4.52307865 -0.721729405 5.22353406e-14
48318.4691 -10337.8055 1280.84396 -0.0822961894 4.36642 -0.36059116 1.77067594e-09
22886.0688 -7746.86516 756.491054 1.8573158 5.95070385 0.792244233 9.60173514e-15
-20976.446 -33473.095 215.821252 4.25879241 0.477628385 -0.548878048 2.63306064e-09
32233.7806 2667.59892 -104.913241 -0.730578424 5.07035185 0.329915471 1.53358705e-08
-4116.31712 -47396.4991 470.691538 3.52920677 -0.0754109075 -0.567902757 1.55340321e-10
-5915.78865 46222.7956 508.112323 -4.14375292 -0.754025019 -0.424445201 1.72802206e-14
30608.6388 21436.6827 -248.097081 -1.84016315 3.51208328 -0.191345973 4.13130037e-11
-26955.7364 -33776.6819 -1092.88114 2.92124257 -1.81221776 0.547512603 1.10478525e-15
33212.2346 -19245.5316 537.219012 3.68816878 2.16536716 -0.0171922115 0.42619368
8752.14956 11101.3424 -368.618569 -5.17827789 5.78888263 0.927177481 8.10993726e-13
-11071.6778 -8021.09428 -454.888557 2.94427988 -6.0386878 -1.38894905 1.25774646e-10
12721.0827 14599.7945 -875.326295 -4.32554607 4.44866311 -0.00637969453 1.15310318e-14
-27654.6671 23860.0503 -215.502202 -3.20159837 -2.68887435 0.523662246 0.000580275935
11853.6467 -7767.45832 -657.025026 2.6365763 5.16202229 1.4465339 1.72715191e-09
1002.84291 -47129.792 -1194.12913 3.94618026 1.31383634 -0.0247145172 61.390454
-24049.502 -16857.4721 -408.166581 2.7770344 -2.7702001 0.0191070949 1.96018191e-13
-21047.2732 30108.9289 242.671129 -3.58636384 -2.47212153 0.588552415 5.50790285e-09
39279.753 22289.2962 754.006258 -0.560485693 3.69650877 -0.0400207846 5.88780546e-14
40569.0544 -14558.0954 -711.817937 0.180967757 3.49104557 -0.68871406 2.31080966e-09
7847.1873 -40795.9164 -1231.56321 4.75211428 0.649860331 0.268022385 5.68795615e-15
42627.6183 7547.89005 -724.120352 1.34036603 4.4738557 0.445422245 1.43492332e-08
40946.7097 -10009.6003 1108.7089 0.279510278 3.75748873 -0.476724399 8.423559e-12
-9415.23782 -20689.1493 328.984609 4.9785007 -1.37761674 0.908039182 6.10984816e-14
-21234.5764 16287.82 1379.80146 -4.90484196 -2.57614044 0.241949276 17.1036559
35315.1373 -23991.3487 -578.7539 0.182079109 4.20920629 -0.183016681 2.05097118e-10
27885.3123 7402.39472 575.711017 -3.00209413 5.03001953 0.192493831 8.41671854e-15
17016.7382 43.1913619 -1487.07409 -0.951456447 6.19024584 1.04440183 2.05880359e-08
-2239.2248 16675.1 1049.02285 -5.2836563 -0.0583628932 -1.64348155 9.23249846e-14
-13170.3483 28638.6894 -601.560885 -4.40944393 -3.48062631 -0.22434894 4.12078504e-06
10355.8852 2573.53053 59.6947993 -1.8229819 8.4110037 -0.493653263 1.67669281e-11
-22314.0877 -2945.11073 -1071.87696 -0.275552356 -4.77289763 -0.470617014 6.73727161e-09
23174.0237 -12236.3467 -1339.74747 1.72485341 5.15141401 -0.323748922 9.63177552e-13
-38370.5322 9427.98462 -601.459232 -2.13386303 -3.98872252 0.0864789335 2.75941109e-11
-10057.2805 20169.8869 -453.176782 -5.24781152 -2.32929522 -1.26369561 2.00787675e-14
-29189.473 -13704.3989 -1009.71852 1.826374 -3.40929228 -0.724372968 1.67135915e-13
7737.17953 46714.5459 1050.16114 -4.20780301 1.73214849 0.484884986 2.4980472e-12
-12291.6838 -6206.38332 -269.615543 3.01047001 -7.76267313 -0.821589345 5.69360449e-11
-31907.8256 -22183.0644 890.706743 2.53259364 -4.19678449 0.32468937 2.17683802e-14
4417.72675 10257.9564 -1077.21434 -6.33028442 3.78101824 -1.5232497 2.50021355e-10
23626.6178 26790.3867 549.535818 -4.47446677 0.817965933 -0.356839508 5.19224741e-15
-8927.04573 -12562.0886 -977.592452 5.80965697 -4.24662576 -0.434852776 1.26753062e-10
6525.99515 -18065.7954 -22.6972874 5.74146103 0.773646437 -0.461600849 0.000160992676
20165.1676 2150.09351 693.5992 0.956444393 5.89525163 -0.0758375756 7.56919238e-14
38500.9931 7195.58491 -1483.47974 -0.696469413 3.97494816 0.626682777 1.12670577e-09
12277.7074 35711.9096 432.09202 -4.16407296 1.5828561 0.926059471 1.07964709e-11
-35735.3975 4130.48386 1367.48177 -1.30115116 -3.75324136 0.216714335 5.46528122e-13
13778.9841 5681.21496 -125.011403 -1.74608241 7.80114741 -0.370935297 9.90904975e-12
38402.0004 27696.3586 -459.231899 -2.95712792 2.85263079 0.685360792 3.90982302e-13
-35437.7061 -24083.9559 654.284836 3.97553039 -2.72938554 0.359028354 2.44738593e-08
-36640.8071 1441.71174 -1364.37507 -2.1862576 -4.28883454 -0.500405765 6.04276543e-13
-48515.6165 -8242.47389 -260.458501 0.386180006 -3.05420332 -0.353588344 9.28681438e-15
11091.3916 -39015.7273 -327.37877 4.42055372 1.78079909 0.12458973 3.05767183e-14
19633.2547 -3356.24778 1452.30641 2.08623798 6.5691006 0.251964885 3.78296834e-15
-42753.9495 -22841.1845 -1053.82267 0.476995482 -3.4116084 -0.238636141 2.5358101e-08
1407.31968 -5016.73092 -1093.53674 10.7030652 3.68585757 1.09547848 7.67020669e-09
3272.86345 -22742.5276 -1018.91894 6.1105169 1.94303383 -0.121698763 5.29631051e-09
-29992.2656 -35536.2137 395.229038 3.04777362 -2.43527562 0.457378843 5.11251097e-14
-28885.2504 24758.3994 1452.40126 -3.4276145 -2.83633802 0.852725667 2.12424411e-11
39842.626 8709.40738 -1325.78139 -3.03522067 4.05431663 0.470175741 8.86507583e-14
3979.34913 -1419.9239 1351.41896 3.88047319 11.2860991 2.3556894 4.943732e-14
11073.583 22553.8416 1442.4229 -5.13574243 2.40193682 0.493423141 2.66562341e-11
2261.82936 -42194.6153 -533.699319 4.59774662 -1.25043721 -0.565014064 3.63840642e-09
-2741.39429 38640.209 1225.85731 -3.97088735 0.0722371599 0.184773938 4.27287629e-10
-42814.063 16354.4485 264.655871 -0.754194227 -4.24312874 -0.790738158 9.54837584e-15
36749.9612 14638.0501 606.882605 -0.683317168 3.97592779 -0.154948555 2.00079693e-13
39890.1582 547.163023 -594.699928 -0.478513966 4.86568852 -0.365835501 4.78530535e-15
8902.88618 -32789.1791 175.644381 4.78323697 2.15424136 0.503451942 4.17083091e-14
-45765.3792 -5750.60813 -1474.74201 -0.846816877 -3.75693131 0.702951696 1.3703154e-10
8614.17879 -12754.9219 -892.613567 3.43599407 8.53273194 1.00004129 4.52134432e-05
11979.8848 11048.1046 1206.74342 -5.66247223 4.18711543 -0.512242062 2.61015285e-11
-20413.7369 17564.0568 1226.98403 -4.68208954 -3.13864152 -0.730574071 4.84178592e-15
28900.0403 29964.3857 157.277026 -3.15348247 2.41763802 0.250782137 7.78751283e-06
28099.223 2555.1722 -1093.81954 1.68863874 5.31904741 0.146426087 1.00236279e-15
-33584.1159 33898.668 -1188.53869 -3.0880288 -1.33665489 -0.0632110091 2.30133903e-12
-36865.4319 14818.8829 -329.920392 -1.1556114 -3.22858668 0.00274781583 2.24016168e-05
7941.13221 31570.8815 -1053.37831 -4.00686258 4.49617342 1.2324118 6.85258629e-15
-29923.5663 -29061.1469 -309.922225 4.16639619 -2.53916519 0.871519737 2.34494749e-12
-28538.3992 13935.571 -1411.14477 -3.00543619 -4.55630267 -1.43564437 1.69101033e-11
-23091.7357 -12150.3232 -104.391335 2.40368403 -3.51653758 -1.46898201 0.000203067804
23092.0788 25016.7808 1440.58447 -3.6697085 1.94134529 0.39299715 9.92321522e-06
4686.49992 5900.38834 -896.149324 -7.84297552 6.92179367 0.151920441 2.27423635e-09
28383.9519 -40174.2014 239.205487 2.56141751 3.86204619 0.422792573 2.8490015e-13
-20887.1568 -41726.9408 626.103549 2.95403496 -1.92833763 -0.359937183 5.88416907e-15
1520.20418 23673.2514 -616.18992 -5.88525792 1.65893086 0.524516881 3.7945336e-12
18089.502 24414.6407 -387.218399 -3.85580858 3.65728153 0.684872211 2.04975395e-14
-27675.1876 1912.44619 824.594874 -0.994988031 -4.9062963 0.252351759 3.21723749e-10
27219.8105 -8188.22621 -188.792005 0.475096844 4.37478899 -0.919088861 6.64183639e-15
11713.1175 14926.7949 -114.469248 -6.59507978 2.90943375 0.637020828 2.67049734e-15
-45523.9943 -10649.6314 427.992812 3.04777107 -3.7137126 -0.637900587 4.20444012e-11
-31835.5887 -31738.4674 573.365764 1.2872422 -3.47021531 -0.224573726 1.60994422e-15
146.855677 -15703.9088 -443.173879 5.66857264 -0.21969229 -1.66397723 1.92893138e-14
44774.6625 -15469.9383 957.125344 0.386190306 4.46899759 0.472040986 1.96701378e-10
-1545.00438 -32599.151 -265.162154 4.66508522 0.0585931052 -0.482178865 2.5102028e-14
24180.5074 -31540.0436 1200.56465 3.91436264 2.94580228 1.36365748 2.65108546e-09
16927.3246 30593.6688 -616.816809 -4.4885817 2.63990257 0.313597621 2.83809325e-08
15808.0333 -22551.5842 1169.323 4.87435744 0.789873595 0.448272669 7.13770123e-10
1040.41916 25342.2216 -1245.73772 -5.31810102 3.80840763 -0.404798393 3.27398726e-06
-4605.71416 -10428.7051 -652.717938 6.58141854 -1.41072759 2.17867015 1.49609077e-10
28916.9995 -39203.7283 916.322034 3.13855103 0.851501036 -0.270660068 5.69698178e-09
15639.0046 24231.8527 -941.944813 -4.77595848 3.2652646 -0.273715042 9.783369e-14
9143.10005 43702.6929 70.9912395 -3.57937036 2.71684453 -0.655970833 0.000513024484
21777.5254 -5656.54662 330.17739 2.55204402 3.87760273 0.392405685 9.57266706e-06
-35652.5418 -29231.4471 873.600361 2.26524281 -2.3807543 0.155704527 3.67836996e-14
26829.9415 23309.8006 194.049338 -2.1031298 3.33216614 0.00690851351 6.83669804e-09
-32654.5252 503.785612 -603.915122 -0.114410293 -5.26527066 0.0325588384 4.60981336e-12
-7232.29242 43607.4228 -1350.90448 -4.59182485 0.426876982 0.808417987 2.80122858e-14
23012.5265 -41012.2284 -896.812263 3.62339687 2.22784788 0.801910856 6.52984665e-15
23932.7716 -28769.228 230.489762 3.67541351 2.41526964 0.713500469 3.79620551e-13
6348.68437 -17136.2676 -250.183763 5.22321619 3.77393244 -1.23188479 1.97445517e-09
9553.93622 -2181.20691 -1254.51601 1.56844891 6.50383289 0.454697294 1.85620652e-13
10730.2528 -1824.29216 -786.13234 0.720417161 7.88770753 -2.24500845 4.33758532e-13
15595.1341 8205.50345 -865.921723 -3.93943369 3.54576009 1.02433004 1.29674595e-09
-32717.7332 2242.09311 706.775766 -1.08336866 -4.17853284 0.355504292 2.93024574e-14
-15133.306 -6454.47402 1011.90253 -1.35914216 -6.69315362 -0.047649341 2.67435244e-09
26437.2048 6544.69178 -1306.55259 1.04400371 5.24941201 0.180732517 1.46901895e-15
-7028.21141 42909.0686 1339.29591 -4.0617343 -2.6319592 -0.316946976 6.33348368e-10
-26929.1474 -30069.5764 1476.25058 3.83595471 -1.81449869 -0.198101417 1.35669022e-12
15264.6544 35398.088 529.386499 -3.65673228 1.8382904 -0.230142137 2.27076095e-05
7327.61024 13090.2437 1331.76455 -4.35718982 4.56615312 1.12348411 1.19849322e-12
-45838.5343 11487.1688 -1491.89004 -3.01047274 -2.52147563 0.386452648 4.5073668e-12
-29136.262 32679.8404 -574.392663 -2.7955741 -2.47625577 0.738203713 6.16938021e-08
-21378.6435 -41420.4929 -1106.21798 3.48898847 -1.33872378 0.0712346232 6.44393665e-12
-18683.2989 -27338.7274 1263.23894 4.30255247 -1.95163738 1.47103219 3.96736543e-09
-18913.55 -13778.7296 1197.42539 5.28811143 -2.80857624 0.288394412 2.72870028e-12
31890.0762 -17823.6969 -805.553785 1.60653453 4.72368124 0.0518700225 7.21822145e-10
-47845.8139 -5503.06206 -81.1238446 0.549227841 -4.15577935 0.249520245 8.93285281e-10
-35982.055 -32308.2696 -1363.15759 2.60683788 -2.19695993 0.0112412307 1.42859305e-13
-20562.927 -21666.3859 -174.138134 4.15830816 -3.64655975 0.303483601 1.89818143e-15
-32331.787 -28544.0958 -629.846214 4.59566203 -2.24536766 0.495129374 3.07310312e-09
-38560.8056 -25670.1341 304.01032 1.81479768 -3.79634571 -0.019843231 8.49596411e-12
37254.0367 -4403.87679 -1006.55406 -0.815899569 4.14083997 0.386807087 1.67313656e-10
-41404.4991 6680.20167 -666.140712 0.0245770905 -4.01307177 0.322210654 3.59222702e-09
38803.6316 26890.5081 -187.526624 -1.95483171 2.96241846 -0.908481695 8.08913083e-09
-27303.3473 2004.7276 826.845036 -1.27858374 -4.01050542 0.563069668 5.01187997e-15
282.065282 -35812.0301 302.762572 4.1680466 0.278307332 -0.232949006 9.50905898e-14
-14569.6408 3202.28689 826.9739 -1.72852792 -5.44125604 -0.996918013 1.84304681e-05
975.81979 30347.5457 -936.070982 -5.21111455 -2.8559535 0.0142413669 3.13327071e-13
43658.0419 -16013.5347 701.833489 1.1687314 3.73347933 1.17715596 1.08205087e-09
-29443.0941 -1863.78097 895.649785 1.25780446 -5.2224796 0.17070434 4.86111712e-15
-41440.6111 -12766.9232 -790.394499 0.659309838 -3.80994767 -0.131527824 1.82843057e-14
-44690.8329 -3676.24069 1052.77714 0.453981249 -4.12934244 -0.651578962 7.44849788e-13
-20575.6665 -29255.4587 -1214.5333 4.46515825 0.133719565 2.08834779 2.321376e-11
-6711.00103 45102.8703 1160.53138 -3.5828889 -0.485553337 0.640915423 2.53021483e-12
-3115.76892 6884.37551 368.628072 -6.20531935 -7.63518521 2.41623738 1.60171576e-15
24138.0947 -26953.8973 -387.735733 4.29486181 1.46339954 0.279158069 5.48406657e-10
-39418.9139 16982.8744 -277.534999 0.631147567 -4.04301371 -0.51248637 6.21215743e-15
37921.3103 27465.7547 678.045611 -2.69578667 2.93273758 0.232629426 4.94616055e-13
-12895.9381 -6688.48429 -1000.75624 3.66419721 -6.85129885 0.482389243 2.75710457e-11
-13118.0094 35886.9255 -816.792003 -4.67080835 -0.934850769 -0.215942115 6.47291e-12
-37531.0655 -293.850164 -1097.31786 -4.38210692 -4.73128068 -0.228530273 1.37902469e-11
10966.1149 2812.54432 533.786706 0.643816732 8.78615235 -1.27815704 2.81837178e-05
-36058.8097 28969.2989 360.364174 -2.07483396 -2.69753095 0.263973708 3.96492702e-13
-820.998336 -15130.5412 992.23652 7.88528431 -0.740457761 -1.15073152 1.06289621e-06
17367.5856 18329.452 325.112448 -2.99254192 4.30757708 0.28434813 4.09710175e-13
35711.9467 -34229.376 1031.88911 2.53362447 3.63966842 -0.584911213 1.47820663e-09
-18734.7303 35197.0972 629.620821 -4.15030326 -1.98135069 0.86258747 1.1376858e-15
33673.6677 -9860.34205 -467.648117 -1.05658119 4.86287918 -0.681556872 1.30042812e-11
-11885.2729 -36646.388 -1201.84238 2.52397499 -3.5090321 -0.668528237 7.13368093e-11
-2177.24538 43734.8819 -1185.68107 -4.54050155 0.1504119 0.230038611 1.94815485e-15
6470.54616 47223.8038 -265.468351 -3.66775087 -0.828751894 -0.966975467 5.80040456e-15
2672.82536 7096.62111 922.999794 -11.3457827 -2.32347628 -0.323744066 1.80603107e-09
-18032.2848 -37724.8679 -1049.39682 4.7363021 -0.531152205 0.866908283 3.93975963e-09
-5884.58587 25511.6612 -1335.2866 -4.57237848 -0.0139487681 1.04651924 9.89539253e-05
25392.492 42301.5581 3.7550358 -2.50860507 2.55159726 0.38669588 5.32811145e-12
48256.8387 823.996488 -70.6872652 0.0693908969 4.39251303 0.648320961 1.1546261e-14
-10268.7033 333.581208 -1143.83816 -2.3696855 -8.5754522 -0.241075723 6.1479497e-13
-4157.8805 -3969.496 -467.402857 5.70389904 -9.21833753 0.335779688 7.47090245e-13
-7796.05637 -20991.9803 435.732116 6.08938711 -2.38986034 0.41046143 7.49308806e-12
21362.302 -43636.6206 543.022439 3.94516238 0.808728032 -1.4242759 1.0607921e-06
-30502.8922 37465.3088 -192.194006 -3.37426778 -1.50273357 0.251207236 1.01648863e-10
-39984.4922 -11535.647 206.736694 -0.232989572 -4.68535906 0.360413649 3.43146036e-10
46431.8802 -10853.1277 608.574159 0.805903391 3.62021422 -0.702861665 1.71226501e-06
12750.0276 5550.59673 -1076.9259 0.182931094 6.24710824 -1.17034637 2.39273691e-14
13397.2765 -29306.693 864.76153 4.65027689 2.9084075 0.507697689 1.76130568e-14
36816.9819 10799.3474 295.811127 -1.04560554 3.94837595 -0.312833599 2.35846955e-15
-3570.34763 -16093.4121 -815.135535 6.44222108 -1.27622552 0.235990162 9.51685971e-11
34995.2128 -5170.55253 948.7405 2.79945585 3.98056314 -1.22359649 7.10060136e-08
25564.9141 16985.5876 122.42972 -3.08839268 3.61067012 -0.0131387997 4.21994206e-13
13600.0321 -11527.1006 -915.549334 2.9543018 4.77398851 -0.914678085 2.44311918e-09
9379.89746 43222.4051 -162.334393 -4.4921724 1.00246592 0.872982777 2.60059412e-05
26768.2317 16239.9195 -636.794079 -2.17452644 3.95336356 0.387345177 3.02557115e-14
7974.81008 -6227.15445 1488.91106 1.00508534 8.55980181 -0.762682495 0.000265096776
34587.0457 -8299.93685 -1326.8572 1.20171559 4.4536999 0.709264815 6.91658338e-14
-8366.81324 -23827.0442 -577.974758 4.62182175 -3.15730559 0.419367827 5.46398215e-15
2328.79851 -25229.0695 -631.231505 4.47530671 0.260355788 -0.499565851 1.16294129e-09
-32229.6536 -30142.7024 728.745602 1.56899668 -3.54967015 -0.0799133871 2.96197054e-14
-36928.4299 32894.8535 538.8112 -1.05886639 -4.31181802 -0.682564302 6.24577328e-12
-1498.76976 4743.40842 578.614172 -12.1533416 2.47904976 -0.699963309 1.35078733e-15
-39965.6673 6438.08681 205.614472 -2.1662534 -4.39076558 0.579867971 3.45520681e-10
48896.9183 -4500.36097 -1143.82089 0.042553295 3.54297617 -0.0395378609 2.78701531e-09
23142.6757 -20323.1669 -609.894099 2.69139149 3.40928883 0.768953399 1.95508215e-09
41895.8381 21145.116 377.212162 -2.91868019 3.39795235 0.749689678 7.94843394e-13
22563.0797 -13425.2047 -828.677035 4.332153 3.79607958 0.239801142 5.84821157e-07
-6070.35784 28473.5644 690.154509 -4.56819795 -0.929140199 0.910686267 5.74485484e-07
24754.3603 11122.1079 305.79361 -3.66118791 3.98113984 0.448597605 9.97733025e-09
-1436.91693 -22227.9096 -1273.87956 5.99543618 -1.19154412 1.42316193 2.84480339e-14
15842.8694 16858.6543 -1066.78745 -4.91195789 4.08213521 0.0593106931 1.5583495e-12
30337.031 5525.30709 -807.570353 2.22432252 5.18842539 -1.00237507 7.48472269e-09
-29882.7589 -16948.7884 -250.790694 3.22853827 -3.75086878 0.49535536 0.10928056
45207.7227 -11857.5315 868.964024 0.857475912 3.94250221 -0.054146898 9.08031027e-14
-13086.0026 -36404.5363 963.92966 3.65680149 -1.54494552 -0.813622075 2.80423124e-15
4424.30503 -38470.3516 -466.18841 3.45666688 -0.222446683 -0.395124922 1.80074634e-10
-18172.9684 2841.70468 -1216.35656 -0.696822827 -6.61575953 -1.05571988 2.44120169e-15
-16667.3995 -32287.2628 -528.914538 4.55596438 -1.20651727 1.27104995 6.47461737e-07
-14722.7882 -46861.5747 -537.860256 3.59582784 -0.0751796527 -0.0568155537 6.85371319e-14
40197.4191 -28394.293 727.599944 4.40148108 0.718245943 -0.52267156 1.0250877e-15
28478.305 -2255.74167 -1077.54133 2.62499103 3.7389086 0.251358839 1.6337294e-14
10819.8267 -25728.7542 -1436.88348 4.43916681 1.1466434 -0.0510689121 4.27371593e-12
-38293.4456 11458.0431 -820.698814 -1.13378355 -3.95843028 -0.584552176 9.08137978e-12
36964.9663 10587.581 311.89291 -3.12612794 3.94085609 -0.0472714782 0.000936729929
-31201.87 -34562.622 -1139.37586 4.01665338 -1.72593291 0.243817057 4.7068845e-11
-16211.378 1108.49639 566.51601 0.116756904 -6.4417474 -2.29427165 3.30592076e-13
7222.32481 -17719.8093 979.465662 7.48479447 -1.05636375 0.630040732 1.13207915e-15
-32286.4948 -27371.6168 47.1115228 1.7477044 -3.98246453 -0.274644463 1.0990161e-11
7276.63451 31425.0011 -1206.37903 -3.85678405 2.33068854 0.919678443 1.35608106e-14
-42291.4134 -10723.6314 -1493.87515 -0.300371025 -3.53915745 0.359335514 2.35251126e-13
10412.8086 -36609.0941 -421.452869 3.86166723 -0.084895676 1.1607936 5.12040227e-15
12691.059 9382.43367 -808.001544 -6.64017762 2.19884622 1.28389461 8.84589079e-14
-9023.03258 39389.672 59.7175596 -4.17955935 1.21701452 -0.155301043 4.68319257e-08
-34050.4483 -24783.2346 -462.656667 3.14130991 -3.01645292 -0.292644848 0.000121588701
28103.0748 -12799.6028 -331.360432 3.53120093 3.87164472 0.257740685 2.6648816e-10
-2816.97233 34295.7098 464.065358 -4.42513183 0.3538553 -1.33097832 2.90803439e-07
4468.45905 -12970.2603 -454.011982 7.00437501 4.33641631 0.63818671 6.05409651e-13
19949.7911 16340.7502 -108.333839 -1.66931629 4.78333957 2.02502427 4.98470109e-10
-14002.9907 28009.3456 728.941953 -3.87597959 -1.13610966 -0.167688024 1.41921812e-11
-4507.78432 21597.2665 -642.921742 -6.42467663 -0.44470149 0.792540743 7.97352816e-12
12143.452 -31948.2882 324.424594 4.83143986 0.938683284 -0.235743758 2.11375345e-14
-23449.0313 14716.9548 1080.53172 -3.23907058 -3.6648118 -0.345297607 6.19337042e-09
1043.41465 -12259.1984 -533.760875 6.7616115 -0.912801642 -0.0927992677 5.98838883e-09
9359.91252 5054.87392 -381.94314 -2.37362832 8.9043685 -3.02294201 5.54079304e-15
25505.7348 -40264.8789 310.389889 2.58548344 1.75380489 -0.668781441 6.93404379e-12
-19930.938 35387.9791 918.329644 -3.4550154 -3.38766559 0.17834053 9.3069317e-13
44826.0098 -7659.52322 977.225399 1.97247175 2.90793572 0.976911412 7.68436476e-12
13051.5692 -17614.0049 632.190842 7.18930751 0.897558299 -0.635923359 1.76003412e-10
41685.6071 6661.09849 -1160.31547 -1.16530825 3.92741471 0.0427916841 5.38707876e-14
35614.6207 21450.6944 167.634841 -2.65650233 2.75954305 -0.107272366 2.35189272e-13
-7038.01482 -708.384149 -421.373567 -0.337553571 -8.47056639 -1.09129096 1.25011615e-05
2571.03703 -31415.2239 1189.00267 4.90494502 1.25530647 0.384644146 5.47737869e-09
-28231.5455 24185.4864 -876.062576 -3.47978368 -2.544719 -0.107443224 5.72395201e-07
3354.64785 29651.442 -450.566044 -4.31937205 -1.89029179 1.04936409 3.39254798e-10
27222.025 12761.7908 -1102.6208 -2.07113206 3.44292274 0.0524493669 2.82814455e-14
48098.3663 6286.08589 214.660071 -0.0186510491 3.45751374 0.0103882656 7.39040872e-09
825.540193 4732.91366 1106.36725 -11.322473 -0.754635676 -1.44904692 2.45584041e-10
-32847.8737 -25069.6211 1175.77166 1.21485693 -4.02125337 0.0927460502 5.09660846e-05
-31821.4807 -4036.98757 1169.30317 -0.687868973 -5.48405991 0.784123125 9.24821965e-14
36256.6586 4850.63134 -335.246588 1.36356509 5.06886383 0.745896593 1.01014514
5449.84161 25814.2341 -1478.10386 -5.263918 2.5222194 -1.53817277 3.64054979e-15
18165.7463 47.2819138 249.780821 1.82887535 5.35767015 -1.18638996 3.60275817e-15
222.1571 30976.5553 -967.788533 -5.4833396 0.234525692 0.797619403 8.11099125e-09
15000.9434 -28944.7504 -1424.01474 3.64172327 2.06669601 -0.667170774 9.06053202e-15
27475.3864 -13696.3101 994.98162 1.26407082 3.85885554 -0.796724372 7.12834785e-14
9319.45008 10402.0614 -957.254807 -5.48187048 4.01499812 0.868440937 1.40721451e-14
-29404.2857 -37525.331 -1006.86952 2.46785407 -2.69865753 -0.225859122 3.95958452e-09
-6944.45404 3219.70802 -429.548955 -3.18805388 -7.87853756 0.0499361022 1.59931006e-09
-10235.262 11391.0689 337.347939 -6.89224234 -3.99065488 -0.909901131 3.37352924e-10
10703.8351 -39643.1065 93.7230857 4.61939077 -1.02365063 -0.347760595 9.8586512e-13
21621.3259 -31024.3446 103.581576 3.12690685 3.02403828 0.27108395 1.76514586e-13
2392.13986 49247.147 -802.504978 -3.90442271 0.449469679 0.213693455 1.77790599e-14
37726.5958 11423.213 -872.919099 -1.25727907 4.52873879 0.42738331 5.40640964e-05
29009.9069 -30563.5964 -446.486464 2.62558862 2.45881194 -0.773671475 8.52277112e-13
30476.2162 -24738.1879 -252.054122 2.21553444 3.55461719 0.365193131 1.44388287e-05
5620.66733 -44324.3108 -708.006099 4.10729944 0.53135351 -0.381420366 3.34444412e-12
40969.8591 -24024.9603 554.750613 1.86437884 2.70910175 0.157591193 7.3961407e-12
19915.3488 -4573.3522 203.916672 2.66810194 5.51578035 -1.08938386 3.06203077e-05
44588.0352 -12452.8415 1121.02424 0.31805109 4.11118882 0.469421242 7.15593571e-11
20447.8832 42673.4116 185.622987 -3.69065724 1.18782545 -0.0760896286 8.4031167e-12
-851.543129 -32094.0698 -718.517007 4.32293352 -1.48978961 0.177442201 5.84808829e-09
-16881.665 18401.0653 1496.96249 -3.3308481 -4.53693272 -0.206469107 1.89910671e-15
6447.25856 14743.2765 1114.75687 -6.98308009 -0.886927825 -0.840772031 2.13330428e-12
-27924.8038 22677.1742 -424.379748 -0.903513088 -3.88164037 0.148997317 1.01413478e-12
-14632.4512 -28709.6496 164.264613 4.50176205 -2.96222969 -0.523323978 1.16086045e-09
-15742.9317 -10952.1219 -1116.80962 4.89754637 -4.91237693 0.831872616 2.57321191
30074.8357 -31679.7821 1357.56921 2.90946049 3.70278487 0.572789239 1.11864806e-15
-28042.7643 -13528.5966 516.649243 3.04064607 -3.28815266 -0.12025043 3.01984787e-14
-1454.49564 36847.041 -124.6209 -4.50422404 -0.0916597539 0.587177559 4.33621679e-12
35972.7246 33019.5044 771.681716 -1.53132451 2.75162158 0.823235218 1.78320459e-11
-24746.1158 21987.7435 1264.21404 -2.60738412 -3.56464234 0.0594085666 8.19904611e-14
469.277263 16931.2336 -993.099056 -5.42971497 -2.43775798 -0.777706165 6.65585108e-10
22532.6877 -44365.5868 1003.8767 3.00464957 1.49923671 0.181444821 8.24766942e-10
-28282.2994 6488.60896 -270.912903 -1.628044 -3.96647208 0.00107998757 7.78642616e-10
-33518.9052 7013.38882 -1165.0522 -2.892062 -3.69487019 -0.00425322882 1.26029033e-14
-8304.45932 23951.0855 324.064501 -6.58795937 0.314821838 0.804321814 1.59349745e-11
-105.595634 38184.4191 -619.063151 -4.58403029 -0.573746866 0.701452107 1.68026278e-06
-8904.80658 47039.3035 720.541831 -3.05013601 -0.0216905163 -0.423678323 2.53167612e-06
17726.2951 18165.4133 503.192344 -4.86633126 2.64225324 -1.6810905 4.18795378e-13
-792.381302 -16012.6591 629.852785 5.53258229 -1.43503558 1.40444701 3.12187088e-12
-20658.364 20843.5348 1487.93797 -3.77232458 -3.21400581 0.0887362956 1.36900566e-14
-5047.02848 -24592.5343 19.0095078 4.35106172 -2.32254078 -0.796749283 3.45330174e-12
-45906.0198 4734.15504 -472.50617 -2.0066996 -4.26451922 -0.200942012 3.27186512e-15
-13043.1558 33592.6993 901.640265 -3.35000356 -0.915330343 -0.855702339 4.56189058e-08
-26834.1338 32244.1183 122.7761 -2.54963562 -2.98129781 0.0886854975 1.40890863e-09
842.031024 -47181.658 62.9230938 4.08684015 -0.038554001 -0.71443303 7.32826211e-09
26889.7682 31096.5134 -996.754464 -3.51702189 3.30890174 0.255993746 2.10481783e-11
-17353.1493 352.552596 -210.144246 0.742935914 -7.43339422 -0.324870487 9.18193883e-13
14074.7175 43215.8267 -257.586568 -3.99277392 0.237337551 -0.704927704 4.25878571e-10
6864.70583 -22203.0247 -682.249223 4.64311139 1.08514486 0.230908152 5.89940099e-09
10568.7466 -4243.44639 -487.701365 2.12954487 7.31126486 -2.85913176 7.19033556e-12
7586.13033 -40918.2393 -163.639303 4.14927462 -1.18138622 -0.0209631138 9.53468207e-12
26955.1776 -2181.04118 -153.910779 -2.35066244 5.81208632 0.467305069 2.23290168e-13
-20396.5816 25437.1642 399.311986 -3.7661327 -3.80731789 0.271967261 4.07185067e-13
-14665.6103 20701.4837 1451.93737 -4.19900735 -3.4271903 0.812489343 8.68580958e-13
12943.6764 17729.4848 -818.544743 -5.30473162 1.79500961 -0.749780118 8.18005207e-10
14738.4357 20992.9346 1068.57953 -4.71212691 1.78494098 0.162738175 7.43271243e-15
45189.8427 -1713.30591 1314.49667 1.20051649 3.53871922 -0.445764592 2.37433588e-06
-46568.5408 2638.6773 1404.83717 -0.690633124 -4.3999213 0.245174618 1.19216239e-15
-609.025808 26984.7718 457.565051 -5.45451625 0.571311618 -1.06892347 6.03714416e-10
-2285.63734 29526.3587 -501.173063 -4.66959171 0.257948684 -0.474246269 1.64192761e-14
-31105.7172 -1698.73545 -1317.52739 2.09872217 -3.6500008 -0.0258923444 5.72685464e-15
31810.0148 11234.7566 299.16193 -3.03521592 4.53295701 0.517542607 4.05406564e-13
-29464.102 -33017.2504 536.876056 3.21333187 -1.57708228 -0.0637843726 2.4815004e-15
29352.8396 18337.0268 -964.933855 -1.9889748 4.79220821 -0.4902814 1.19491509e-13
-3413.56525 24463.6025 -1006.03075 -5.26201249 0.0620445294 0.604604604 6.78905429e-12
9764.88401 -39467.8886 433.060083 4.68145052 0.142349133 0.164074846 3.01321251e-11
-6465.27919 -1066.1242 235.916215 3.79460645 -11.2118862 -0.29456004 2.08864092e-14
403.596361 18393.4768 -597.622702 -6.35706426 0.123268553 1.85252696 2.00954561e-09
-46231.8728 -18218.3251 1155.29708 1.80648682 -2.50680515 0.137562639 2.65387865e-11
-40147.143 -19878.0464 1116.83995 0.337599745 -4.39189375 0.0916191428 2.20952171e-14
14175.4085 21614.0701 125.183547 -3.70545274 2.53334287 -0.120493654 1.90436373e-11
21086.8431 40792.8653 -47.7893046 -2.98496863 1.62901749 0.54325488 2.11486399e-06
7708.66095 2816.89823 881.280292 2.32533144 8.85383131 -1.87760131 1.37628371e-06
24302.1198 10872.555 -1362.22621 -2.22014905 3.98950103 0.155962448 3.68562593e-06
26118.8407 -39235.4239 -896.61113 3.62600379 1.04515988 0.0131267629 9.87531932e-13
-1814.63824 9541.5074 -516.56834 -8.07208531 -3.09057672 -0.245603681 5.08969044e-09
4007.13122 -29208.392 -727.466479 5.44563173 0.828485877 -0.929358115 7.04781281e-05
25347.6634 603.411255 -936.949001 0.437122559 4.87825556 0.0176266897 1.39103834e-10
-19257.1546 41388.1014 -1140.00571 -4.42613573 0.00402177435 -0.492742154 3.1537498e-05
25710.009 14224.9012 1046.12527 -4.08675694 2.64499882 0.107316398 1.23227341e-06
-32400.6662 -34630.5152 -321.646718 2.9695455 -3.17781948 0.247325751 7.01372028e-15
-40323.8349 22828.5515 888.011246 -3.06759802 -3.30305912 -0.153667638 1.57085298e-10
-33988.26 -30693.3552 -1017.70405 1.99565436 -2.54132417 -0.230277693 1.10107953e-07
1411.42994 -18996.8296 161.026765 5.86121191 -2.00368939 0.707497016 4.22932191e-09
-8856.79789 3943.50549 1266.46048 -2.67531602 -6.718367 0.993288048 1.13835489e-15
31601.5464 12675.4263 881.038685 -2.2422694 3.24610699 0.526540391 1.02545393e-15
-10048.1422 38758.6889 -630.902193 -3.42815854 -1.91655927 -0.546872827 1.28532817e-11
48318.2413 4249.35672 847.345085 -0.182963286 3.23732654 0.246112578 2.31801158e-14
24789.9121 -15942.8109 -1212.16108 3.08587152 4.45694256 1.31169505 1.32951717e-10
-5547.24077 -23525.437 1378.76755 4.76811836 -3.05854718 -0.179672576 2.77498459e-09
11886.2449 -19473.6864 -797.794809 3.82838743 2.7609016 0.880547082 5.03435298e-08
-24964.2005 8873.80353 127.313547 -0.831231815 -5.31259703 0.504798921 4.00969359e-12
12438.4426 46919.9091 756.320193 -3.00074094 0.417797956 0.464278997 5.3413416e-09
-28410.989 35371.9912 -1232.44322 -3.01909205 -1.54724803 1.27660009 1.97602137e-11
-2379.64722 -39112.9157 -1200.06844 4.71771308 -0.845528612 -0.512936462 1.14880139e-08
14475.14 44076.7934 -1061.83969 -2.99987807 1.84668136 0.941380373 4.33974082e-11
4611.74687 23148.7011 783.186729 -4.50745278 1.08972195 -0.153632485 1.44604408e-14
13207.0675 -16682.2277 -513.633199 3.03086647 4.62452049 1.1747396 4.57745957e-08
13868.9911 2326.33554 283.876806 -0.953524003 6.98973015 -1.40971469 6.15552218e-12
350.209731 -44623.4595 -1425.94378 3.12867332 1.3980291 1.38707772 1.36065756e-06
20360.1876 -31224.3924 -245.431553 5.00355678 0.742301902 1.25923802 2.56910055e-13
3775.89294 18315.1313 -1337.48295 -6.8837363 0.102315884 -1.54523874 1.34788897
16593.0202 -2484.80227 -1128.34597 -3.7601192 5.9525981 -1.40821304 3.37574929e-11
32799.8408 -25343.9207 -499.113534 1.18969401 4.03558865 -0.109575272 8.74470309e-10
38233.3384 11862.8351 -1435.28964 -3.28903783 2.45792945 -0.0690629861 9.10030872e-09
-26288.912 26686.3433 141.548363 -2.50452921 -3.15603599 0.94821716 3.38002605e-14
46215.5304 1200.44631 189.955046 -2.0874958 3.73836301 0.146920695 1.24456216e-14
12082.8136 -47533.2354 96.4402787 3.17652126 1.5113522 -0.297401646 1.11576738e-13
31950.1703 22708.8016 1174.02805 -2.32910194 3.76649758 -0.637487009 2.61795939e-09
-24327.6678 -16247.993 545.151624 3.10416318 -2.53270995 0.722906957 7.01538821e-14
-23375.4438 8778.37698 -1456.8348 -0.0944446745 -5.87829506 -1.50878256 8.83589902e-11
31329.0636 24583.7407 228.239151 -1.66035772 4.12024215 0.203645099 1.25676856e-09
-29957.0884 -7137.24552 -733.320491 -0.323355874 -5.46913437 0.369253274 6.84923978e-09
-26698.4644 -12088.783 -961.660896 2.03064671 -3.84867806 -0.515906955 6.64819407e-14
19483.6171 -19577.9507 806.274386 4.33191487 1.77616427 1.32978794 4.34881801e-14
30727.1859 26933.9216 846.134339 -2.07332757 3.32501907 -0.753819979 3.32686311e-07
-42935.0465 -22707.124 1495.81886 2.20790008 -2.48940895 -0.188598222 2.6612712e-15
-49353.6175 3621.96442 -1225.68194 -0.666130454 -4.33176408 0.756227303 5.88421159e-12
17802.0891 27629.1309 222.465272 -4.67481468 2.5648636 0.376857347 3.6382044e-10
-3339.95937 -18342.2326 -714.087159 6.09283854 -3.78287332 -0.344783326 6.23847725e-10
34209.2661 7507.43001 -1060.85147 -2.48615713 3.32939167 -0.120846818 2.07595038e-13
-43851.1787 21390.0524 -855.0357 0.764608372 -4.83281988 -0.466853766 1.68729033e-05
-17511.0013 -43159.0183 1440.44235 2.84845081 -2.69970631 0.950092595 0.000847167466
26316.0922 -42256.7265 -286.51753 3.03995276 2.51788347 0.16529493 1.4279043e-09
-35621.6077 23975.0133 -555.97448 -3.07541558 -3.30193752 -0.678303056 1.53672019e-14
-6200.81301 5263.20207 -499.739157 -4.48702998 -7.70679977 2.3213516 1.06677211e-12
41576.8377 13040.5671 1214.6686 -1.83071204 2.8480408 -0.285350341 3.16762653e-15
4782.4025 19668.6427 413.865559 -6.38387396 1.25074995 0.203666376 1.09221464e-14
16515.4471 -39241.9017 -455.575539 3.42968284 3.77930608 -0.346057243 2.46762541e-14
37080.2367 26117.0909 -805.197943 -2.86474048 2.26227789 -0.45099888 6.03898964e-11
-1346.203 -43651.7348 -18.2558684 4.67378276 -0.805604682 0.847500053 2.34392874e-05
21605.836 -35428.8676 -413.530639 3.08555813 1.47683589 0.385925433 9.01994023e-14
-40659.9193 9856.0395 383.212058 0.00881621038 -3.86038443 -0.101642771 2.91987079e-15
-17686.879 37205.1289 -678.385986 -3.58578351 -0.0834161877 1.05981972 2.22690404e-14
31926.7124 -4879.11899 -790.203185 1.08927923 3.58669161 -0.13238854 3.68882385e-14
-21760.428 -7085.06289 712.799939 -0.18163163 -5.11116132 0.521484682 1.90107098e-14
-39432.5347 20279.7067 1442.82966 -0.667174558 -3.45607045 -0.989232008 3.7239455e-14
24168.3431 -17408.1605 -599.526782 2.90408113 4.1179383 -1.27760021 3.6781028e-12
7188.71758 -24045.8474 1220.8868 4.38918472 2.55914873 -0.748455902 3.08370392e-11
39552.7232 -3164.0632 230.088511 1.15044259 4.76025371 -1.33768127 2.03812103e-12
38558.172 4860.14188 1423.0266 0.178192797 4.29406625 0.384369467 1.40618745e-14
36482.7454 -7892.09571 -1122.38699 0.764538883 3.68493795 0.278062411 1.17948059e-09
19825.0472 -6222.04644 1132.08284 2.45163986 4.97121431 0.310388333 6.35847587e-13
28767.887 31299.237 595.34771 -1.10020125 3.63465083 -0.409872193 6.74270747e-14
-16663.9393 46210.3867 50.5027134 -4.22721437 -0.85526774 -0.164604715 1.57411939e-09
-33354.9004 25492.7911 508.639111 -2.65809658 -2.8612599 -0.822725933 3.40630168e-14
16230.8013 22743.8376 -550.544244 -4.6000368 1.93854792 1.03184806 6.45981766e-09
4738.1302 -5820.83275 -1160.33053 8.00584782 5.86106922 -1.42665657 8.9988823e-09
1295.00902 -30080.372 1385.68737 4.05093916 -0.867852955 0.129783456 6.11500649e-15
19239.6092 -13565.2491 -1339.20655 5.83418269 3.32502367 -0.782932549 4.77093502e-14
-7383.26195 -18124.7743 -940.466211 5.7641085 -2.42003147 1.47661967 3.39790508e-12
17439.6001 -40128.1452 -1069.63312 3.13580249 1.87656809 -0.299449446 1.50776787e-11
-13766.5664 -14402.6245 -1420.39138 3.07558416 -5.48568381 -0.362427853 7.05606243e-10
15115.9013 37633.7561 -1385.89474 -4.47339986 0.328708676 -0.359277541 3.17236364e-09
13704.7317 -3138.97674 -1198.58206 -1.66218787 6.31810746 0.422567549 6.05897151e-08
-2080.98664 -24040.3716 1308.2418 5.40859535 -1.96129576 0.83035291 1.0033958e-14
14220.3652 -32038.2617 -1434.6646 4.10437177 1.4761033 0.33967091 3.95107164e-11
-10839.7008 13947.9234 -1452.26402 -4.48186548 -2.31267637 1.26520816 8.56548529e-14
22118.5233 28108.4891 -669.594609 -2.77472291 2.76689228 -0.725861963 2.76188321e-15
31473.6763 -17693.7943 -769.007072 2.0454033 3.71068202 0.786830502 5.72952945e-09
-8326.42195 -36230.5767 -207.507294 3.38857899 -1.59599243 0.723715656 2.1708018e-10
-15362.3007 17882.8528 1291.8855 -5.60966926 -3.056794 1.08065437 4.62574791e-15
-15233.0316 23027.3598 841.918579 -3.36949171 -3.57181287 -0.182564843 1.23774663e-09
-33337.4458 27904.3073 463.854121 -3.28274442 -2.37908845 -1.55654184 5.96422551e-15
-19164.6335 -39614.1765 -543.07727 3.40103787 -3.10462462 -0.0903412952 1.59873824e-15
25098.3624 -24601.0522 -242.02569 3.9309493 2.85921751 0.686432295 6.18652985e-12
-20295.4386 -8359.45938 -1493.81109 0.0796583928 -6.5783903 -0.609250379 2.62204029e-09
29042.63 21012.3402 14.2899548 -3.41708115 3.83851045 1.43568178 1.1732401e-15
-29110.6901 -27956.6318 -1114.54885 4.60126938 -0.750694786 -0.373933914 2.12148844e-15
22777.2433 14871.6077 -811.457551 -2.26719305 3.54757909 -0.404513905 2.9371751e-13
-22086.474 -43813.6048 387.249513 3.96110858 -1.75318191 -0.757391915 2.54986675e-09
14351.0933 32824.4752 -839.432169 -4.72100377 0.852777231 -0.217439643 5.03620431e-05
3236.00864 800.994688 -171.312223 -5.40604326 11.822309 -2.15337092 4.48250704e-11
-19033.2448 36991.8566 896.480666 -1.2617444 -4.65485913 -0.236689872 9.45214563e-14
-34789.718 -4342.75845 789.738928 2.49978164 -3.48182676 0.145596668 3.23409033e-12
-8413.39721 39076.003 1424.78079 -4.0120889 -0.795409493 0.101695097 7.33611696e-12
9297.09779 -28797.8887 1417.64232 5.70523061 0.704040565 -0.913288922 2.27617599e-14
-37491.096 15221.4398 -77.4735728 -2.41475108 -4.03153502 0.533057854 6.16489031e-11
26579.4495 16485.9564 60.1431957 -2.21712056 3.09882082 0.310738489 4.6212636e-10
14449.6078 23495.737 619.431967 -2.77563478 3.05900459 -0.331241813 9.60118155e-15
39863.1836 7473.12107 741.920847 -0.260532551 4.33819347 0.155337816 1.49463026e-15
-36835.8136 9963.22979 -605.821778 -0.891809525 -4.44948976 0.714876616 1.0378303e-09
-25576.1853 -27604.262 -940.958423 3.24518947 -2.6373237 0.663156762 2.12434371e-12
-19099.6572 44633.8454 1066.78885 -3.65437972 -1.5984813 -0.221892368 0.000164759731
-18921.9124 -14624.6997 119.080421 0.870925164 -6.2647021 0.732628394 1.41986323e-06
-396.255345 48281.2853 463.72315 -3.71122966 1.14008458 -0.920518847 7.43158866e-15
49256.8103 -3023.07625 -123.509592 -0.501161712 4.13520022 -0.480847069 8.66657468e-11
-19792.5223 9854.86068 1491.11807 -1.69304104 -4.14036539 -0.233203344 8.908604e-06
31425.3206 -6022.78595 -503.203455 -1.42997319 5.16604895 1.20517908 3.88421136e-13
16104.4283 -46204.6661 685.891774 2.96799959 0.601156007 -0.358603984 6.14766948e-10
-36246.7225 -32028.8855 -275.528865 3.23835489 -2.14785584 -0.22791937 5.55760082e-14
31623.366 2179.30378 -475.640403 -1.21101688 3.78550169 0.677990345 3.87663129e-12
46029.953 -9908.50256 -1283.13824 0.182525392 4.1358847 0.0547285948 9.66011309e-08
23076.0876 43631.0376 1190.13404 -3.80879007 1.08804696 -0.709886194 2.2468863e-14
33301.4435 36502.2582 -100.82155 -1.9684013 3.2566824 0.496270233 1.61463193e-07
27260.5445 -31459.7238 1281.0742 1.82609985 3.09250379 0.327159542 2.03916546e-14
-29284.8091 -20797.1111 -723.752773 1.22688747 -4.42760134 -0.198989226 3.26610657e-11
-14252.9855 24686.0388 -1296.0828 -4.13899312 -1.88729537 0.363100567 3.9425407e-14
43921.574 -4623.07646 697.673375 0.759670211 4.24795892 0.0915609466 2.72022839e-08
-13759.0733 -39800.0995 -384.501583 4.32273241 -1.81292669 -0.400983593 7.51793771e-13
35472.3986 24919.0987 746.410538 -2.7546911 2.25860322 0.238924536 5.26508875e-09
15958.1892 -29041.2289 545.017977 3.25288161 2.4949869 -0.500505177 1.48726347e-15
5003.88172 -44062.2457 544.470055 3.29825863 -0.297550078 -0.0564525389 7.65772677e-09
-43380.9835 -22854.7662 -122.069056 1.95015031 -3.69201599 -0.363031146 1.53495693e-14
26663.5034 4899.8577 1431.14149 -0.35935419 4.17537978 -0.706648263 5.35400234e-13
18718.9053 4195.72404 -63.866299 -2.39157154 4.77861811 -0.226728042 8.25287303e-12
27000.1673 21932.9516 -1209.34073 -3.55789139 1.70976202 -0.501673489 2.54313077e-14
-33765.1018 14310.8784 -105.456808 -2.83556499 -2.60241264 0.652274465 9.51390194e-05
25482.3168 35926.7223 -570.054884 -2.6742926 2.328871 -0.444572164 6.23599634e-10
-484.024307 20379.5281 946.733416 -5.41472223 -0.692872612 0.296229296 2.22255102e-14
7801.68037 8958.8324 -670.422154 -7.23644088 3.69908975 -1.1101795 1.1365091e-10
-3746.81974 -42346.6047 263.443906 3.96000635 0.028819542 -0.528785499 3.69608885e-10
-12745.4793 -10204.5501 -370.961104 6.2661561 -2.8864155 0.509155118 0.000237956568
17670.9481 -1278.63942 -410.914594 0.471497986 5.05323353 -1.21425359 4.52841992e-11
16409.3309 45811.834 232.408735 -3.25078777 0.758198823 -0.377076826 9.92419418e-14
-7406.85122 -42167.2348 -331.406569 4.34660767 -0.785867263 -0.227907366 8.1796054e-11
-18549.7082 -45414.1636 838.737997 4.1663751 -0.302335397 0.192702257 5.48353796e-09
11372.7818 11603.76 -110.989173 -3.04997863 6.03057498 1.61399962 4.81303446e-08
-10400.4032 -10178.1591 586.532679 2.40130987 -6.97779624 1.91670017 1.10178109e-09
-41840.7753 19761.2648 -1466.76465 -2.19368852 -3.9418254 -0.31071859 2.94492997e-14
39098.0825 -18046.2681 1188.48017 1.29558749 4.14609613 -0.0788278092 3.21716095e-15
40713.2632 -3142.44874 453.097068 -0.832887173 4.05710047 -0.0533085958 2.03583881e-14
-2086.51183 2404.32943 -838.600823 -7.152728 -12.0592901 -4.12973493 6.53980279e-06
-47092.2775 -3677.05947 189.176289 0.698060664 -3.64903146 0.614395359 3.1509416e-07
-27884.9054 -31861.4084 -1357.54274 3.8750863 -2.51708813 -0.233839209 8.77859887e-14
-18298.7278 -22093.2888 1490.16201 4.84029611 -2.46607743 0.221288744 0.000120471208
-24130.5443 -38379.4845 627.301118 4.48855633 -1.28548857 -0.373497587 3.14174039e-07
28473.5188 40643.0886 454.22282 -3.6775688 0.846953611 -0.227020019 1.90017618e-11
-24394.0998 35983.336 -661.351318 -1.3067951 -3.84120766 0.298207989 3.20018319e-14
16342.5057 22799.056 -933.307279 -3.34152565 2.98595042 0.112876064 2.79697372e-14
-40973.706 -13475.5778 1227.54129 -0.596637049 -4.94827906 0.221632315 3.88627831e-08
9394.96495 1444.70011 104.899023 -6.73282248 8.60296158 -0.201911055 1.09701103e-14
-20047.8739 35992.3799 -773.086608 -4.83453132 -1.05058587 -0.0155228944 5.86218835e-10
8426.02371 8540.42655 -296.794421 -9.68382364 2.28816267 -1.38685119 0.000125521255
315.433221 -46289.1236 1368.39909 3.51823025 -0.138490874 0.588270923 1.60314032e-14
36552.9561 4039.52559 883.307262 -1.64103302 4.89194625 -0.0814872176 4.80025027e-08
11119.5871 -13351.2204 -314.715332 4.53354432 5.30751509 1.58230787 3.30392511e-09
13064.532 42365.4586 97.1613163 -4.37229038 -0.0519238092 -0.517158404 4.13286585e-09
11564.799 -47696.2724 720.584044 3.3587882 2.29921323 -0.12723991 3.66885474e-11
40196.2559 -5761.50575 -902.889141 0.849133638 4.19518834 0.790006401 8.38108115e-15
2253.91082 -21207.7706 -154.069197 4.97388965 -0.510207796 0.10669789 2.87748488e-06
-18118.1962 -5640.45282 479.995131 5.95922235 -4.2349628 -1.10955656 2.67631396e-11
20112.1503 -18351.348 -238.259064 3.71795663 4.26707741 -0.189732521 0.000711753152
17786.0919 30709.7125 812.037014 -3.03665586 3.30166632 -0.324498368 8.84861213e-14
-7270.37138 -18263.7187 343.87693 5.02566092 -3.41939683 -0.062385444 4.87144216e-15
18741.8995 18237.438 1223.45617 -3.29678431 2.66720707 0.437332006 3.71808025e-15
5649.26412 35411.6142 -31.9145664 -4.79463449 -0.0232275837 -0.341872201 3.61139281e-09
-23114.5258 -41576.2677 1083.74401 2.4171769 -3.06872933 -0.163670496 1.6066487e-12
38876.0908 -29191.9612 -198.108382 3.16487954 2.12639255 0.140279899 1.02705445e-10
35217.5841 -11035.2456 849.557804 -1.04072716 4.82724116 -0.0355143924 6.417264e-15
-22626.5015 -16100.3973 -1427.45311 3.27484354 -4.58331192 0.774240415 1.97355688e-12
39214.8961 -16627.6315 -1261.62803 1.716029 4.40435426 -0.0744042257 2.80254398e-12
-24777.3309 24722.9313 -164.552735 -1.94375622 -4.28195355 0.149885212 1.25799232e-12
5511.21535 36754.9725 1027.39986 -4.61225265 1.524839 -1.28357769 2.02417067e-05
-27456.9711 -38808.8675 -30.6182655 1.74970741 -3.93203322 -0.40024078 5.49281263e-11
-25635.8299 20886.5438 931.371741 -2.74396091 -2.57622341 -0.30790781 4.95805433e-15
-8015.51664 13740.3806 1261.8074 -4.84660776 -3.07559988 -0.870606411 3.46644041e-15
11478.5904 -19866.0693 960.097733 2.16423101 5.2898254 -0.368012357 1.01246779e-11
-29653.4917 -22305.6833 -1220.05467 2.36050382 -2.69493922 0.0860440023 0.00011104093
11843.4141 -46168.9829 1484.38781 4.28593111 1.38630131 0.487135217 2.01730239e-10
5800.59648 38032.5526 -1031.87047 -3.36176431 0.98475566 -0.973175876 5.74665122e-10
4752.94507 41152.9671 722.229806 -3.49211478 0.882063184 0.0375561717 0.000319235365
7100.50634 2170.89939 -267.813601 -4.79732871 10.4494817 -0.0986717254 3.92442182e-10
17329.5552 -45527.1105 -891.971638 3.6198839 2.5405061 -0.438576584 1.25507751e-14
20795.1544 -33535.0718 1393.69806 2.85663237 1.85985148 -0.109525791 3.4937887e-12
-5547.10278 7482.80785 -47.1289174 -3.65778017 -10.4340797 -0.893119531 1.32470165e-06
-44127.3771 16603.184 -565.36531 -2.46529433 -2.39376274 0.551473457 1.87415725e-12
46359.3153 -2697.09475 -970.297511 -1.38489574 4.12611726 0.0761691793 1.8692131e-15
1176.41284 -44945.1413 570.553662 4.09412585 -0.589022133 -0.0598170747 8.20591722e-11
26083.7174 18348.0717 1182.40489 -3.15975908 4.30906527 -0.220653251 2.27834195e-13
25589.9393 41405.8412 -646.629315 -2.83703062 3.71733633 0.0903001182 3.60113589e-15
25573.6207 -21076.7541 572.276176 3.52997036 3.75337967 0.024498787 7.09375404e-08
-38557.6834 -26692.8405 -746.165372 1.67071208 -3.21072989 -0.652612874 3.75645821e-05
-3093.62473 28402.2806 -968.333652 -4.52167413 1.70615864 0.987793609 1.58127668e-13
-15799.2095 -22004.3312 -81.4119927 4.37099663 -3.58119437 0.225743869 7.69882426e-15
14536.6173 44607.9376 578.771053 -3.10895745 0.506795714 -0.229850267 1.48960945e-12
-33437.3674 12518.9711 -1186.65245 -1.1155215 -4.43935259 -0.385462639 3.04292507e-09
29063.3747 -2124.74114 920.370987 0.534618512 4.87720228 0.569219223 4.38258279e-13
-21744.7631 -28278.7232 -317.012332 3.15360725 -3.28427048 -0.411585502 5.15422451e-11
-34780.1438 -21379.6983 -345.243172 1.31774025 -4.60478849 -1.44138835 4.54469551e-10
43070.4523 8690.22511 1288.54657 -0.873599018 3.35561926 -0.143006603 1.12628944e-12
-35215.0425 7800.4267 911.238201 -0.455362367 -4.11641224 0.539833048 1.08481109e-10
47281.1467 13648.5731 -605.369571 -2.21303079 2.76903863 0.613153937 4.51690334e-13
11390.9094 16751.7356 -522.958325 -3.71423002 3.39503047 -0.445535027 2.23201073e-11
-2226.18742 -44739.096 -243.585645 4.65972089 2.77040575 -0.0816198094 5.40068944e-11
42235.0711 -11251.7695 -792.419693 1.31312809 3.41664948 -0.30189546 7.44586155e-11
-31957.4482 -12851.3519 -267.22942 2.49515154 -4.03005364 -0.860024999 1.84028018e-12
-19256.5597 2514.25207 -0.125516536 -0.0713343569 -5.85557859 0.00853877498 1.18712402e-10
25773.1189 -22145.5298 617.73652 4.28895679 1.97515082 1.0877464 1.65829482e-14
-32119.5967 27332.1876 -82.2775319 -3.98166219 -2.37621198 0.929529381 1.00021525e-15
-37302.6763 -3090.54704 89.6482772 0.681213733 -3.46225158 -0.662636308 1.12731768e-12
11447.7664 -45273.4203 -943.041483 2.98574957 1.71117045 0.666658507 6.90678522e-09
30099.4272 3227.20148 1231.0106 -4.19195228 3.38189108 -0.0640645537 2.23657006e-14
45406.1235 -8775.5985 -147.638554 1.9144248 3.61369027 0.884446917 1.62178339e-10
-8993.08548 41700.8269 1216.97555 -4.48546099 0.922017687 0.310283488 1.91407736e-10
-38330.5444 11266.3458 345.774681 -1.60255709 -3.78238915 -0.26957938 4.59294377e-12
-20715.2052 8734.22445 -907.954812 -2.34756074 -5.54560369 -0.828063748 1.43053847e-09
41571.4337 -19316.0494 -667.081577 2.97564427 3.38774588 -0.0078999902 2.13255072e-12
-43605.1836 -14902.6128 -811.42029 0.359175109 -3.62911421 0.0811933855 1.09259804e-15
531.505768 4970.90179 1108.98901 -11.4228327 -0.183724097 1.99421484 3.2273255e-11
-3919.80481 24705.873 575.660139 -4.43895445 -0.327870546 0.733885378 1.15600113e-14
-38683.3702 1586.64275 -1002.56362 -1.17723511 -3.88636291 -0.228302514 6.54404328e-13
-33258.7163 31160.1859 -309.420251 -3.31759757 -1.66508084 -0.0667061005 1.3342298e-09
-6180.32746 21673.0867 1193.11417 -6.12707986 0.15757122 0.140019716 1.40111348e-07
760.160478 -18204.5475 -1255.63584 5.26668062 -0.101058653 -0.554319775 1.03964193e-15
24603.4445 -38179.9039 280.305914 2.66077438 3.91018686 1.17633402 1.20370513e-13
-23810.158 10364.4492 -1021.86831 -2.7829231 -3.73002323 -0.498889111 1.00951811e-13
-25013.3915 -4042.454 888.204335 2.42254563 -5.83686694 0.357501982 3.92414681e-14
45166.9634 -1646.12156 -1099.76443 -0.0913000623 4.2057116 -0.888917419 5.50341499e-15
-12815.1762 -41611.3658 398.986464 4.20781546 0.0927221404 0.674528543 1.51614992e-09
-10697.3979 12334.0783 1236.79844 -4.30563811 -5.57448405 1.2277222 2.49069648e-10
-5113.10602 49217.0917 -555.949048 -3.56463299 0.745605301 0.0866637765 1.70503403e-14
-21148.3304 -32414.1583 -1124.645 3.80127357 -2.94122146 -0.157601466 6.92349985e-06
44146.8595 7591.18762 1171.68688 -2.43072445 4.11339786 -0.652528779 9.45378919e-11
23175.2852 32795.4101 -1194.03427 -4.62646195 0.896120923 0.686459887 1.15731045e-13
40511.6571 -20484.3985 -296.943055 1.46244944 3.86338442 -0.149595329 1.19152875e-10
-5764.34468 16696.0796 -619.623457 -4.98537621 -0.875723678 1.4831955 6.1758183e-05
-23726.3874 -20983.4988 -481.312106 2.59312338 -4.84471311 0.438212111 6.80202875e-07
-3912.54015 29101.9863 -867.521908 -4.01270541 -1.13684663 0.336533126 2.1189101e-10
31897.1085 -36972.5004 -1113.71105 3.15363385 1.22511561 0.294614516 7.80625218e-10
2147.50348 -40494.2168 1052.63313 3.71229344 1.14533162 0.619542349 5.09531103e-11
23225.3492 18652.2112 -1163.0015 -4.96858798 2.83235703 0.184725046 2.51718515e-08
25839.6092 -3047.28894 -178.759811 1.63491253 5.28821522 0.550604195 2.89542821e-14
-28266.4064 23040.9283 1323.86743 -2.50474166 -2.90435858 0.735190829 8.58885767e-11
-43345.8263 -3413.84243 1421.46201 1.78350599 -4.18353441 -0.171109132 6.16462504
-4070.05354 -30755.9764 291.403311 4.04189252 -3.91345201 -0.873169969 5.89508752e-06
23763.5037 26110.2456 129.778468 -3.10730984 3.51086202 0.603138476 2.94432426e-13
20004.96 11852.3572 -940.075588 -2.64031289 5.61518288 -0.18221304 4.05608416e-08
-45619.9013 4431.02562 -1206.09736 0.71627817 -4.25357289 0.286679263 2.25426551e-12
-8480.08058 -48771.9981 681.261935 3.59586479 -1.73617831 0.279615261 2.16105264e-14
9860.45009 -30547.9173 501.50535 3.93392419 3.85843325 -0.164429754 1.47093311e-11
-32638.2524 -26406.1787 -247.103916 3.17889211 -2.94484035 -0.522750618 3.52967211e-15
-6713.0081 -1862.92586 957.643397 5.36887699 -10.0026443 -0.651185998 3.06861309e-13
14709.7824 32509.9854 180.551637 -4.53437248 -0.0350961572 0.700375465 2.13718012e-14
23839.932 -33805.351 1318.31869 4.17810049 0.879650484 0.100788113 2.20437869e-15
-7426.78073 -8692.21621 1129.02983 4.12136769 -4.61534028 0.0180957995 7.89573448e-09
-34244.2542 3553.35977 390.957593 -0.531181265 -4.90420691 -0.339192354 2.33877235e-09
-6886.92934 27141.7974 578.430992 -5.09373621 -2.19741984 -1.96134772 2.00748309e-12
12415.9431 -28230.3761 -287.123256 4.50291148 1.64737546 -0.814862582 2.25660479e-05
-18433.7167 20650.869 975.453664 -4.97310022 -2.63233121 0.239353953 2.4491137e-13
-29690.4542 -24019.3065 980.10262 3.36766452 -2.71604039 -0.26604352 8.1603517e-06
-31845.1742 34740.3918 -1446.20371 -2.69911105 -2.58791891 0.571439593 3.99917325e-10
-15996.3976 -39895.1565 260.287364 3.87553607 -1.67006666 0.199849281 5.08785871e-11
-4740.87292 20493.7627 506.487465 -4.03341014 -3.22412015 0.547809902 8.45904958e-15
-14147.8263 15393.0584 -949.822242 -3.59985796 -3.7563993 -0.377564558 1.73558102e-10
-46098.1301 -3524.36344 -785.462462 -0.114719311 -4.33153455 -0.283550796 3.08838388e-14
16664.8578 -10190.2205 -931.161725 2.42506354 4.01987041 1.16905824 2.03351843e-14
32740.7901 16683.7026 -1434.67219 -1.04279536 4.02758035 -0.853698388 5.43704023e-10
20057.7078 37397.7171 742.269064 -4.38497748 1.36997621 -0.270580968 9.57328325e-12
34666.8322 -13737.9169 -213.282137 0.654212343 3.56375649 0.71661961 7.97940497e-14
-39555.2677 10264.9413 1254.60809 -0.678153338 -3.39666733 0.493382916 1.13004667e-09
21575.296 -20352.9864 61.5265856 1.22988471 4.98424031 0.626639256 0.000626391705
-22480.7463 -16883.3911 559.229924 3.6104817 -3.68399617 -0.678685146 1.62798417e-14
37167.9556 -19540.2778 409.911404 2.25478105 2.73473928 0.194514501 1.62268634e-11
-23010.5654 41856.5576 -802.885184 -3.6796663 -2.4746898 0.721531643 5.44633172e-10
-32954.9674 28295.4003 -84.3282778 -2.51607141 -3.3727701 0.102264065 3.18704461e-06
1991.50027 33422.8799 332.805007 -4.96160371 0.249313999 0.218160019 6.71111528e-10
4619.08845 -49520.3551 552.392641 3.81677285 0.514137165 -0.332641608 3.80143422e-06
-27060.4471 -23135.569 -50.1423543 2.4059148 -4.419086 -0.123612811 1.48025107e-14
-11897.0002 -21798.3891 -769.909844 5.0650132 -0.00662327348 0.364879457 8.24985501e-09
31692.8847 -37050.263 -288.633288 3.08540865 1.01571611 1.32080026 7.11511964e-15
-35358.2199 -14444.295 -1272.45812 0.679100451 -3.68739248 -0.493288627 8.14878782e-09
-5913.65544 -38021.5513 1304.5113 3.61194726 -1.61024686 -0.0618829851 2.89609031e-14
-34685.9221 -19330.1923 -947.526309 2.69067991 -3.88519071 0.387418131 1.92771606e-09
45312.8758 12348.2719 58.1524179 -2.03732099 3.05797409 -0.192178289 9.79511493e-09
-19427.9612 21553.3731 -2.93738262 -3.38825062 -3.66110764 0.717382245 3.15481187e-10
-22067.7335 -24481.6431 -744.743939 4.18680643 -2.25591896 0.145762771 7.91693648e-07
185.879707 -24331.1005 854.344498 5.37179853 1.89351798 -0.655184866 52.0982779
-10800.3656 44675.9657 -516.829904 -3.30375756 -1.23519555 0.0506815938 7.0304816e-14
31641.8232 35639.2322 621.656832 -2.73045021 2.01247262 1.1116527 5.77391729e-14
-17460.881 -4189.17129 -697.103045 0.768091255 -6.69645741 0.28624382 4.09487244e-09
32200.8461 13659.8341 1047.56844 -2.24485541 4.66148577 1.60822002 3.85534948e-09
9959.5692 1919.26696 -401.251035 -4.61436017 5.97293937 0.289978714 1.24897241e-11
18651.1839 -12054.8764 -485.059041 2.53318434 4.34949276 -0.705002512 1.90985087e-15
-26750.4755 -38460.6675 674.249399 2.55373891 -2.77077634 0.535558001 2.61573059e-08
-4587.00158 -16518.4405 1323.72589 4.96204203 -3.38375787 -1.2977243 0.000284760729
20064.3926 -4879.57054 -725.469598 -0.378644888 5.05158727 -0.138200083 2.62507156
8285.65194 -8107.36702 70.4987166 7.85484162 3.88665682 -0.0726236821 5.05729446e-11
-23634.0454 27182.3497 220.648878 -3.30850648 -2.33101305 -0.566288439 1.63794481e-12
29789.8893 23930.9528 -772.064708 -5.10820232 0.955410211 -0.0342596783 4.03366049e-14
28969.0575 -14842.9837 437.045643 2.30239508 4.6880013 -0.922448349 1.03190959e-10
-7547.50789 -1905.08109 565.011185 3.65336917 -6.92934049 -1.80308084 6.90834195e-09
1792.97082 22492.7259 -760.149142 -5.28177471 0.262593317 0.384503032 1.26927458e-08
-15477.1118 -43314.9985 1217.76557 3.68365199 -1.54623725 -0.402197294 5.18678683e-09
44335.2331 -13791.187 -747.199031 3.24482066 3.51289024 0.465827896 3.43989994e-11
-47915.7365 6414.41663 808.188751 0.629382622 -4.08881711 0.0905370001 1.31984037e-10
22270.9873 -26815.7215 1003.91039 3.68445092 3.20065028 -0.124416378 1.70299249e-15
-12672.4184 -16144.1797 -532.136034 4.78823774 -4.57868766 0.785029933 1.75104784e-09
-10788.8547 -32730.1879 183.715299 4.1843743 -2.64586634 0.455336568 5.26505711e-12
30350.7271 10635.046 1050.27846 -1.77994617 3.75022657 0.495576898 9.69681719e-09
28300.278 -26374.3658 -573.135501 3.07857685 1.89960136 0.774440449 6.89532578e-15
-29837.424 -12707.8874 -365.205495 1.93672346 -3.40333618 -0.150415322 1.52762875e-11
-39031.8188 23299.7116 -701.593601 -3.09837073 -2.07449846 0.146642307 4.48277622e-05
-968.376509 2944.36043 87.0741737 -13.5783013 -5.68720307 2.68108931 1.13143043e-14
-23947.6788 -9853.24773 619.129306 3.74899967 -4.16869928 -1.02682888 3.78434939e-13
-28506.5404 -15224.6565 -704.11887 4.09404109 -2.09769928 -0.0554905482 2.27443206e-13
-42719.1246 -11980.7698 889.48191 -0.521089874 -3.80475798 0.816566109 3.62184241e-10
-444.10056 45161.0221 237.209477 -3.60788791 -0.976076244 0.123655267 1.01162288e-11
-33205.897 -30434.3364 1306.26838 1.88788064 -4.03614724 -0.508046629 8.73320013e-12
38872.0235 -22424.5776 347.633126 1.66719275 3.50038997 -0.0815923799 1.93361076e-13
24647.8351 -26841.4292 -733.184605 1.47619116 5.46156221 0.101417679 7.73355516e-10
-28513.2469 -34840.9315 -485.04078 2.60654219 -2.03075373 1.14130629 1.0244308e-13
-2366.1451 44321.221 -157.670282 -3.65825972 -1.19979119 0.287134447 2.16003443e-15
-16704.9261 2051.70518 -635.258249 -0.396401056 -5.22109364 -0.00210599951 1.26024657e-14
9871.3388 11791.901 352.723284 -4.82607941 6.16042264 -1.13225076 5.91797249e-13
-24124.3198 -15902.0173 -208.998687 0.211309833 -4.60253774 -0.193369387 5.27359686e-13
-25017.0465 10252.5707 -847.765641 -2.04174332 -4.72583431 -1.24242902 1.18726282e-11
1517.75959 -13793.1898 -181.113058 6.80136309 -2.81369694 -1.81870824 1.13698344e-12
-19504.101 -2277.61114 1194.70907 -1.39781392 -5.70875408 0.90660575 1.93727605e-12
-3638.2409 -27535.0482 932.061384 5.27903392 0.0181002298 -1.40409317 1.42625779e-09
-3110.97852 8756.15301 -1329.24253 -8.6242265 -5.7876102 -0.132982992 2.96578931e-10
-35119.6144 -1375.05345 1015.98609 0.0259544583 -4.25019479 0.12172437 5.57766865e-08
-17381.9906 22900.1599 -740.60432 -3.44821995 -4.5421898 0.0734445529 1.0772267e-15
4603.16712 -17006.6413 -553.431247 6.68136884 1.00851799 -0.181967545 1.68864762e-13
31482.721 -22591.5443 -1413.49468 2.5581719 3.40357314 0.176296329 1.36267484e-12
3686.20612 -1570.73555 1058.13687 -0.464606716 15.8001417 3.40752142 2.5944454e-15
17675.832 -18438.1422 64.3319565 4.75423161 2.0569699 0.252627283 5.70175914e-13
43747.0319 -19947.0348 -260.195519 0.306476279 4.3295698 0.609912681 1.71881557e-15
-15709.3853 7498.34314 -452.156729 -4.96520042 -5.54260838 0.438188583 2.2093461e-13
-34627.3666 -23563.4042 355.620421 0.992020707 -3.68298565 0.319815705 8.47851997e-15
-1639.39146 -2743.6274 -56.5885342 14.3621748 -5.23825759 -0.396760419 6.90287294e-13
-3024.18022 -5107.97525 402.650321 9.41785693 -8.84734288 1.9206634 2.38934842e-12
-3432.01669 37392.9942 -994.510438 -4.10677353 2.68640654 0.131256292 7.65930586e-11
44026.0132 947.626974 -1299.13221 0.103528019 4.01847862 -1.54280759 4.73097316e-12
35442.5681 -19826.7854 275.132912 2.36704026 3.85428529 0.458967504 2.00656558e-13
25292.9813 35614.0986 1485.89132 -2.92201137 2.25057632 -0.490868103 3.30011861e-15
25672.297 40096.8659 -887.640349 -2.26226585 2.16458848 -0.302534681 6.84186818e-09
4791.36891 19180.1036 -1342.40148 -6.04738487 2.10695293 -1.72183752 4.09240143e-13
30050.3483 39508.6646 501.449472 -3.08202724 3.17586808 0.115970235 6.40693004e-11
14173.5085 -4526.93398 55.4736115 1.90149116 5.05439225 1.33933371 8.55197392e-12
-34853.2922 -7604.70302 744.879132 1.14288755 -3.3321436 0.264459807 2.82943218e-12
-8097.00905 -20705.0666 -230.874446 5.30654905 -3.00606488 0.613308429 9.99279632e-07
-12050.2549 -35167.8767 -666.479713 3.43277852 -2.33195605 -0.508631471 2.30159348e-10
18339.579 45060.1695 -766.293219 -3.5150403 0.465087493 0.201099728 1.34781625e-07
30078.8322 20823.499 -1243.89868 -2.96989666 2.54674145 -0.819676958 0.00023480956
24692.3244 28113.3305 498.237893 -4.42978864 0.782411986 0.422127182 5.65723926e-06
-11396.3814 5750.65944 1173.8124 0.536987411 -7.30899311 -0.549006576 3.16184532e-10
32813.1716 20161.465 1378.28121 -2.53185234 4.17455329 0.706944973 3.02608049e-13
-28168.9507 -28402.7158 184.683506 2.7803635 -3.61101504 -0.0206005438 1.55713439e-13
16736.7051 40220.1218 -915.282222 -3.07725333 2.71841667 0.729813027 9.96759408e-12
28747.7524 -25625.1789 -454.220976 5.00171022 1.48795523 0.302861252 5.55316966e-13
-45128.9487 -8039.78236 202.47706 -0.826460051 -4.60523231 0.957314928 1.26724025e-14
37434.947 15372.2517 -1317.85797 -2.62650035 3.85617252 -0.808566228 7.63743621
42566.4917 -24445.5402 -1391.66635 1.42637067 4.13572754 0.645764845 1.07317397e-13
-49447.0505 1731.78553 -274.67821 0.585168547 -3.53435504 -0.678603016 8.07769616e-09
-33786.548 -21271.0134 -1264.85385 2.48722453 -2.38323269 -0.0523286848 3.4703123e-11
8847.04623 46350.7151 -843.165303 -4.42976281 -2.13514181 -0.724751926 1.936878e-11
-20285.533 28842.0873 -91.4014658 -4.6786934 -1.11232161 -0.0774905379 0.000159331759
14850.5173 -39273.8934 -429.999772 2.57334421 2.23765756 0.322772452 2.13051515e-13
7050.8276 -28657.2799 -945.823727 5.03930713 1.25713636 -0.337478523 5.91886157e-09
4125.62339 -42882.5992 319.438114 4.38259172 1.46944386 -0.247746494 2.30442284e-10
-1992.2091 -14446.2437 959.78245 6.83186662 -1.1226514 0.151012093 5.13464264e-12
-15086.2148 44809.0655 271.561438 -4.99976689 0.706690667 -0.348360233 1.34929067e-10
-8977.92291 -36061.6295 101.544984 4.92177742 -0.686768272 0.517225201 4.26821112e-09
-13357.5456 35348.6874 -819.035345 -4.25251361 -1.35994113 -0.567931733 1.79317186e-09
45980.8773 12583.8283 -1387.64651 -0.839141945 4.24619072 -0.493652373 7.01762992e-15
-2425.76155 -12069.7861 95.9261754 7.72084611 -0.776026191 0.164713509 2.23686166e-12
-8457.96884 4490.99475 -1194.71968 -5.14904069 -7.80069647 0.866539398 60.5149632
13665.1906 -48034.6685 862.051538 3.76445061 1.7931526 0.310583193 2.86172305e-10
35101.3616 -19253.8312 -930.542246 1.41458322 3.72079495 0.186746013 8.03201849e-05
-1334.81215 23676.9396 1059.63772 -5.86404361 -1.08713105 -0.648357441 1.99512995e-14
4982.52871 49201.4018 -1032.88026 -2.87962204 1.09074345 0.467811061 3.03354638e-10
20406.2095 16701.4881 730.481787 -3.89458454 2.95962965 0.086525989 3.11285285e-09
-30687.1848 -20158.9298 -1178.49612 2.0910022 -3.48954666 -0.255898471 1.34163114e-10
34219.847 7954.152 327.486475 -1.67469597 4.38491891 -0.0988223305 9.73489553e-12
-11061.5645 -34774.4542 514.950556 3.10667131 -2.52983733 0.619711436 1.2001182e-06
37248.1603 -13400.9411 -258.569322 1.40976222 3.38955922 -0.0284196409 1.08557451e-15
7300.10536 37262.7517 1100.7477 -4.62109479 0.575183071 -0.0224656648 1.08310745e-07
-13353.5943 35493.4209 1458.92338 -4.65563432 -1.11019878 -0.53422108 1.02841579e-14
-47097.5296 11945.2256 -1382.39325 -0.76172779 -4.09835157 -0.220778132 9.3468966e-10
44858.8133 13381.0059 -1272.00648 -1.23899154 3.64345307 0.188043694 8.29473878e-12
-8248.05471 198.703367 -721.984296 0.20084537 -10.1014067 0.612008097 2.35617433e-13
-25289.7496 2129.344 1303.46249 -0.685429128 -5.21131588 -0.0186405665 4.13127559e-09
-46623.8894 -451.661242 -377.938066 -0.596631136 -4.40234014 -1.15196369 1.80122491e-06
5108.44169 20982.4054 -147.520699 -6.03664213 -0.00834639491 -0.513439754 0.000379608705
7791.03355 -15279.4693 1405.52433 6.27889991 1.75159699 -0.0124555761 2.74802564e-14
-22433.6125 27333.2298 -195.323823 -3.52427623 -2.83547329 -1.01953133 3.21925121e-12
-15088.5228 43583.8956 1237.14856 -4.62856823 0.420932038 0.137189964 4.40406494e-10
18090.984 16494.0789 -1181.82657 -3.38066467 3.41972898 0.341181155 1.30968484e-15
-39895.2125 -16668.2256 487.062973 1.10641646 -3.01060562 1.04145938 1.00173864e-13
-15353.0127 44007.1995 -1004.54813 -3.25094934 -1.60760998 0.447235528 1.18969012
-13053.911 3879.81016 -1013.99922 -3.62323975 -6.97004303 1.17285175 1.93356813e-15
12592.8774 -33723.96 552.83467 4.2164567 1.28457631 0.526382042 0.000148402306
-6700.05476 26225.0439 1182.41869 -5.58558068 -1.96236229 -0.144848736 3.5307744e-13
-10815.6577 -15665.0901 672.272061 4.71069007 -2.70599503 0.614212619 3.08451488e-07
22134.8748 10679.3003 58.1260982 -3.19192005 5.1614585 0.584503274 5.8356369e-11
-12140.5249 23964.3213 351.613984 -5.01907932 -2.46970025 1.24078231 8.55885126e-14
16849.7346 -972.789805 -296.338587 -0.619867889 5.76595629 0.760781942 8.14042316e-11
-2707.74129 -44900.3679 264.64185 3.86856024 1.29803842 -0.520644405 2.73037083e-15
49508.4324 -6101.52809 782.62039 0.955771451 4.15211451 0.475270984 2.52794737e-12
-27012.2963 -25959.6886 -224.695959 2.77711595 -4.0213988 0.281593851 5.69638666e-14
14946.397 8900.88499 -1251.69616 -1.07338414 6.24304356 0.0259495118 2.95761275e-13
18476.0682 -17046.7567 580.830172 1.50909013 6.17674227 0.534283705 3.63114518e-15
-49156.4329 1639.00908 -963.000154 0.0390686074 -3.18614009 0.228613226 7.26024647e-15
-16636.9177 24563.1012 458.373001 -5.08414134 -2.66028583 1.07055158 2.22317085e-13
-10558.8006 30596.5893 -1349.53456 -3.42961329 -1.5061242 1.29644064 2.30540113e-13
30930.0949 -36630.9591 274.06564 3.0077237 1.1146338 0.78142451 6.78094643e-15
10106.3855 47328.0326 706.570306 -4.14438804 1.30069653 0.18580809 2.33637729e-10
-35015.7518 -13056.509 -887.019472 2.88527792 -2.59338124 0.20498084 8.94858516e-14
-8620.15512 13943.8856 -610.17611 -5.74490946 -3.11663702 -0.75766999 1.02703784e-12
1480.58105 49174.1794 -921.005497 -3.55724976 1.50537358 -0.0330847737 5.34321532e-08
-16767.8574 -9526.39655 -147.388893 3.78592317 -3.74272175 -0.962818279 6.96138788e-12
-1286.98106 45487.817 1206.10003 -3.86064604 -1.19002233 0.448195779 9.73457866e-11
-3812.19277 -48803.8059 1192.98331 4.23893785 -0.990695643 0.784833049 0.0830340688
28975.2007 -33384.9498 -1204.98148 3.86473203 0.920822553 -0.950964803 7.21453812e-15
-3415.80733 658.509872 -1282.21247 -4.87127326 -10.8109945 -1.9751359 2.93368601e-15
-38097.7173 -1722.99994 909.962565 -0.049027438 -3.55984731 -0.893861442 1.68621632e-15
-40645.143 17351.0532 -584.742496 -0.837812725 -3.06755851 -0.838807725 1.87874709e-12
20802.551 -44190.1115 -1414.99072 3.45624219 0.61867444 0.000143191843 9.41264072e-09
34526.8353 12411.2655 -952.15875 -2.88822664 3.05459778 1.03904669 3.37123236e-11
19981.1736 36621.0345 260.346764 -2.82513708 2.49166444 -1.03839292 9.00503824e-11
-22206.071 38132.4598 -1288.91206 -3.83339327 -2.17648937 -0.733090209 1.26629629e-14
5397.50701 32098.5276 503.285783 -4.38674452 0.468224925 0.848836633 2.39561546e-10
-8839.2201 38203.2284 255.47855 -3.81172328 -1.2399322 -0.685042825 1.81251844e-12
-40454.4977 28758.1543 1268.51168 -3.16233495 -2.82408436 1.39222315 2.45362773e-06
3909.18243 -14064.5112 -447.180863 7.27484343 -0.679272719 -0.196949741 0.386677843
-36065.4957 -1757.1846 -647.736966 0.141532566 -3.54739102 1.03993368 1.13212183e-11
18750.9331 -10308.4837 346.753538 2.19507531 5.88938824 -0.604776318 4.25678028e-07
42232.5412 -1605.1994 -29.378317 -0.352250683 3.20395715 0.214483583 1.389406e-15
-7422.48299 -20023.3549 519.982622 5.3118366 -2.632775 1.09955268 7.98063066e-11
-45581.5831 -12371.0334 818.544459 2.73809573 -2.7678145 -0.090577456 1.02328272e-15
-15212.5988 34311.744 -567.567715 -3.39167778 -2.18654364 0.690834958 8.65874762e-08
-3799.34326 -30603.6144 834.023685 5.68996605 1.52457335 1.6487815 2.14244386e-09
-11123.2792 -2268.12625 -1125.55725 -0.369784191 -8.91711159 0.71374338 4.35836204e-11
-35733.7786 6510.20125 -1412.9637 -0.602702416 -3.95318997 0.778834653 1.35112501e-05
5940.83755 -14641.065 435.837318 5.99880606 4.78927234 0.820195537 3.74781494e-11
20288.1572 -42785.9976 -1118.96871 3.56033605 0.384690302 0.350742057 0.000494326679
9884.38774 -35205.6096 1496.65911 3.56316971 0.338153932 0.92013015 3.19285841e-09
-44220.7593 8933.13473 1421.79767 -0.577381753 -4.58373197 -0.806155387 2.87129182e-11
17132.5534 27670.0589 -1363.07476 -3.2402009 3.2300952 -0.26137845 2.19923258e-13
-10531.5269 12531.875 1397.84258 -4.44018263 -6.24274274 -0.334678699 1.12390983e-05
14447.3226 43361.4665 200.17147 -3.88905795 1.394107 0.12138879 1.17509887e-12
21060.5038 5714.68855 275.754223 -0.0319200137 5.04296424 -1.35355296 3.69721005e-12
-26633.5691 29639.7935 -903.591438 -3.06917029 -2.22012541 0.606891253 2.82515579e-15
-18395.1805 7179.46921 -295.49343 -2.15279359 -4.86924044 0.00970681246 4.57878889e-10
24678.9622 -24965.2676 1041.03784 2.54794709 2.69139675 0.367687314 3.94827362e-15
24798.1008 3158.63684 -1120.50131 -1.6942731 4.26798957 -0.671322848 2.74126657e-05
16944.0861 -32799.8916 1142.25105 5.18944815 1.09102491 -0.306749821 6.00822553e-11
-498.05997 12109.4388 1337.63565 -8.36017751 -1.82163952 0.0936744618 1.9306828e-15
-16118.3455 32106.6955 -1144.80247 -4.61985313 -1.06802225 -0.34799666 3.32812546e-11
44448.542 12758.6833 39.4985535 0.507871376 4.86591751 -0.428044759 4.53834941e-12
7490.55274 27876.7648 -1143.91425 -5.4228544 -0.412747524 -0.231401891 2.11725241e-15
12900.781 -20700.8781 1004.59692 4.22834017 2.34806587 -1.42266257 2.06863839e-10
-31727.051 -18662.3905 -784.474321 2.9423542 -3.08819232 -0.466945962 7.27294541e-06
-24635.0762 17331.0349 -1313.49428 -1.99411346 -4.0253898 -0.499239132 3.07750921e-09
-33318.6996 32262.7775 -1495.59033 -0.970031449 -4.0132864 1.3620046 1.54922796e-12
2178.80818 -45214.9819 -1370.18452 3.29835842 -0.61478246 0.0479476541 1.47233949e-14
-5293.74337 -2519.8542 -1012.65729 0.912733271 -12.2286866 3.11246058 5.11349449e-05
579.750756 -49338.789 908.651063 3.71800548 -0.217630254 1.43110912 1.15088303e-09
25299.7231 13419.1014 -1202.78989 -2.65914829 3.61343377 0.189039017 6.76464601e-11
24719.7217 38092.7295 -1427.91687 -2.53904499 2.64411484 -0.765487528 1.02171863e-05
20805.3127 41796.4661 385.161141 -3.0284536 1.59447054 0.413539807 1.07708454e-11
31624.6747 -6605.64526 -1446.10569 1.04408889 3.53862978 0.460147551 1.91768171e-10
-40069.6377 9729.33541 1293.03507 -1.52652137 -3.95888145 -1.11500555 1.61379147e-13
18589.1993 -19606.3027 427.65652 2.85849345 4.02987655 0.556231381 3.39309174e-13
-37926.5366 -7375.61146 847.75542 0.430178888 -3.82181901 -0.140726753 1.28608431e-06
33338.4638 -14405.2609 -882.839387 2.33317676 2.78010942 -0.823909634 1.15914913e-05
35694.3855 2730.09106 1436.27614 0.43229843 4.89560749 1.59220233 7.41098376e-08
20346.4102 -12637.1943 -1014.88313 3.70050746 2.70828472 -0.144959617 1.25472156e-12
13966.5219 9514.96206 -1076.5958 -5.31804585 4.78543336 -1.49745618 3.08790908e-06
-16557.1489 -31790.386 -716.195996 4.99013945 -1.52775317 -0.218530566 2.02355656e-15
17305.9986 36225.8848 -104.623396 -3.40145056 2.39765568 0.762329752 2.01042597e-09
1908.45528 12292.6117 -766.406089 -6.90819672 3.71620969 0.801141512 7.21569061e-12
21783.1509 6271.7337 1352.04354 -0.440782214 5.32943054 -0.38240327 7.16425956e-11
31116.712 -11817.9318 66.1087362 1.34576645 3.44916345 0.608900798 4.02365074
8557.40036 38500.5964 1092.39448 -4.49367599 -0.721656722 0.691693086 0.774056006
-17307.0451 -45490.7032 1287.43617 3.12658095 -1.18956074 -0.667795954 8.41877051e-10
-8804.3566 -41841.4553 1459.72647 4.32513345 -1.58307083 0.855588657 1.1128794e-10
-26521.1538 -15048.835 -546.496568 -0.125617687 -4.96774328 0.433420991 2.94492753e-13
-37363.4426 -7813.03706 -38.7607944 0.643500952 -3.66852072 0.879733316 8.07023921e-07
39838.0061 3077.24593 136.683604 -0.562387313 3.37068152 1.53466644 1.04299916e-13
-2366.30765 -26108.7553 393.6572 5.1823014 1.35264017 0.62109048 2.02833632e-12
-8760.5828 -730.624204 25.5152646 -0.774371122 -8.02213296 0.38611687 1.00354251e-13
-27807.5372 30435.4923 599.602615 -3.82277321 -2.58682366 0.311354834 4.04552161e-10
-22894.4019 34002.9691 540.092864 -3.28860974 -1.64552722 0.13434984 1.14861877e-10
31720.7057 15140.2191 -935.742093 -2.74729598 2.93769319 0.727807535 3.88598686e-14
-2966.10046 -43728.9958 -850.567296 3.4777461 0.135179392 -0.0717284522 2.31837311e-13
23244.2222 22805.0573 -810.31882 -1.53788777 4.98908752 -0.770458575 2.03171524e-10
3410.3214 46323.4945 364.127503 -4.35003903 0.888907604 0.217939481 2.14119161e-06
24992.0781 6912.76153 44.5513954 -1.80375444 3.85319959 0.781462042 2.27269884e-09
-21373.3181 39945.709 -597.375664 -3.50615949 -2.21258777 0.505228138 1.95210638e-08
21051.1055 32512.2226 -634.238336 -5.20755114 0.825587228 0.672867005 3.0826189e-13
27847.4763 -38006.2668 43.9124464 3.42245618 1.61834009 -0.352158307 1.67920872e-13
-33484.7082 36789.951 -24.0477947 -3.09291569 -1.04844802 -0.133405819 1.15733082e-06
-26151.8576 -38408.7122 56.599921 1.94547376 -3.36036031 0.22786002 6.62814518e-07
18606.1196 -23907.7933 1452.33729 4.46575026 3.32310158 1.68757977 5.39256142e-15
22646.1929 10071.8314 222.763649 -0.290621705 4.77007178 1.65873264 5.86549422e-15
-38467.9709 24802.849 -99.8077887 -2.3936653 -3.67240953 -1.14992598 8.68983933e-11
-16636.2459 -9546.84424 -1475.35294 0.414052596 -5.23838283 -0.21540294 2.25219776e-15
13509.8059 7105.63893 -174.264791 -5.94131649 3.57970882 -0.497450237 2.8557581e-14
-37172.971 -14120.7266 246.418107 0.242018214 -3.7270109 0.0637569053 4.29411157e-13
-7779.10662 1009.56626 -1026.7076 -0.829316296 -9.64315648 1.02419363 0.246873969
-44968.9974 9868.06668 1075.73582 0.200653447 -4.09969905 0.164212049 0.000282850251
454.548577 -677.183067 -761.765041 28.8821769 10.2205661 -2.12722337 2.07636707e-10
-15642.7218 3589.96195 -84.9798637 -2.62353836 -5.48035563 -0.139019258 4.0298502e-12
-23487.2805 -37969.053 315.850807 3.73001655 -0.837549599 -0.14500487 5.93423226e-12
13148.4689 -38476.5656 -280.69219 3.37378113 0.795399338 0.626973784 1.96813956e-09
-34973.8311 33261.0858 1193.18209 -2.58743401 -2.48061216 0.0792272103 1.50465104e-10
36967.5384 1956.82588 1232.37851 1.46888028 4.25878242 0.219573855 3.55868645e-10
8812.33232 7854.54585 118.83562 -2.83442267 6.23738433 1.39219578 1.55560279e-12
-25426.4322 -327.286947 -832.779264 -1.71728476 -4.88050615 -0.873241748 4.75967498e-09
-10523.9423 -23777.7126 90.7777718 2.98197122 -4.04288353 -0.299072061 4.3710329e-09
-6104.87039 30695.8284 -1047.72834 -4.03935584 -2.44384171 1.31970793 6.00189206e-13
-10629.6347 -24717.22 702.3847 5.0368771 -1.89427246 0.714572156 3.33770486e-11
21649.7709 -40529.6087 -938.16799 3.61646202 2.09909337 0.293153802 2.92861694e-11
12141.9711 18906.5133 -668.595628 -3.45696769 3.67239596 0.367340417 1.90110643e-14
-24923.5326 31825.5447 -270.868429 -2.92230742 -2.37146372 0.308185188 3.92446086e-05
19984.3491 41986.379 -157.767292 -3.01259349 2.22187344 -0.849143635 3.88257687e-10
-8514.78173 18129.3328 -1179.75704 -4.41665188 -2.93600488 0.201129996 1.92484349e-05
23695.2191 38990.1153 299.211527 -3.58892411 1.58658633 0.575856157 3.94057542e-12
26715.5188 21545.7056 -746.060211 -3.21148227 4.19987554 -0.352687756 6.62336091e-11
-31151.1251 -26704.8957 -1407.64607 2.53908045 -2.80918423 0.394171077 1.62972019e-11
42698.2938 -4647.68162 -842.410818 0.761890201 4.63646727 -0.283830835 8.69227287e-15
26500.3266 -27943.7074 -203.408033 2.64461546 4.08440381 -0.120796247 4.05923663e-09
-21372.637 -42876.9429 1096.01061 4.98032362 -0.0593112293 -1.07931321 2.7751014e-12
-39348.3633 3818.43885 -1371.1275 0.671705787 -4.70382921 0.985988712 8.9793955e-11
-24487.1179 15966.3447 -645.180173 -1.79495493 -4.30362838 -0.671317376 6.93446253e-14
13716.4974 -40279.1269 -274.626412 2.91318001 1.50940224 -0.522361402 1.10593594e-12
-31339.1567 345.50551 1231.66725 1.11807932 -5.4328091 -0.470625427 1.0551451e-15
6306.6988 -30958.1361 294.970041 5.11818867 0.551291537 -0.380267708 9.73683701e-11
11647.6851 -24715.1825 705.180945 4.74827936 1.90103619 -0.260099166 8.85792308e-14
-19164.4065 -37439.5992 77.5318129 4.48390312 -1.7480605 1.13594597 1.36766215e-14
-19992.585 -3737.52182 -589.962326 1.75387336 -6.51482054 -1.67547248 1.31148677e-11
-24566.0355 16301.3518 -105.889321 -1.09768018 -5.87133393 0.316983172 1.73769028e-12
9319.73818 -46392.3212 -348.110011 3.49076518 3.61292103 0.03134074 1.50963555e-14
-12135.3195 -28667.5082 784.24295 5.11212567 -0.916371669 0.804970038 2.89166484e-15
16550.5517 13700.5763 -982.05342 -4.27529721 4.36581869 0.0560012697 4.55489283e-14
-18013.2533 -18016.8932 578.067913 2.12692238 -4.12362667 0.273707203 3.83352628e-14
-5117.07931 -30225.823 1466.20457 5.10499189 -0.948519622 -0.0429409832 5.00233225e-15
28776.6616 31222.6332 -1392.08712 -4.39661753 1.57934439 -0.271414984 4.04095356e-12
-2685.11516 49428.0054 -508.594158 -4.1352478 1.25282649 -1.2965314 5.85582976e-14
6335.26396 -17767.5941 420.199639 7.34599897 0.354428127 0.329207011 3.96441781e-06
31205.5568 -10475.3124 409.07174 2.92557931 2.88992448 0.752062711 3.51646885e-12
33957.128 9373.71179 533.847849 -0.0187983302 3.74494326 -0.0230933542 8.88615979e-10
21917.5842 -39244.5246 -48.0881599 2.37637044 2.13334896 -0.251045485 1.67529405e-13
-11892.0058 27165.8575 -1315.97339 -4.03273033 -0.389818546 -0.561944818 1.24615234e-13
-42673.4857 -2582.57856 829.695473 -0.297777436 -4.43127142 -0.590696231 1.48441128e-12
-9268.57793 19067.613 399.749047 -4.38492558 -3.36937573 0.40735506 2.44147869e-14
596.347144 9979.37175 -257.299341 -8.72759557 1.99695619 -1.29998327 3.03312571e-15
-34563.1236 28418.6409 -440.577391 -2.82366345 -3.05792944 0.369910374 5.00187259e-12
-26183.2413 -33707.5716 1439.64879 3.27815594 -2.55122901 0.0522684599 1.19779391e-10
34548.2001 -4946.24283 -468.886174 -0.236532335 3.68070033 0.101779042 2.65108821e-12
22714.6966 3813.61257 -862.216038 0.05413317 4.55818697 0.270493007 3.5474961e-05
2932.77896 -33554.6317 1111.49736 4.41279139 -0.647948402 0.408756483 2.1925797e-09
-16538.9435 42871.7545 1463.82652 -3.71012173 -1.34590835 -0.130200268 2.32061577e-12
47257.7581 11014.5135 -1462.62192 -1.07676943 4.19566624 0.0597008102 8.4401992e-13
2211.79074 -20635.7096 510.975257 6.09693052 -2.01510078 -0.417074823 4.4832658e-14
-14897.8228 -9764.79939 -404.206451 3.23629301 -4.56836326 -1.66097578 2.44444376e-09
-33511.9341 4122.26939 -1042.53101 -0.760414392 -4.38509713 -0.415760698 3.74748601e-10
7281.41324 8347.61847 533.002936 -6.4644355 3.16228163 -1.26309814 1.48926978e-12
-14597.0717 -3000.08421 -1482.39632 0.809371761 -5.54014944 0.354575923 1.48899222e-13
-42109.0987 21223.7681 545.213557 -1.00916058 -3.03024448 -0.669830549 9.49820135e-15
-34340.3774 18773.464 553.627926 -2.52210082 -3.35314445 -0.455904966 3.37730807e-12
5575.56052 -41267.9856 1111.98397 4.45757488 1.66755849 -0.151577713 5.54811733e-13
-4861.44724 29452.8804 -180.638806 -5.65250705 0.727357839 0.531386084 2.17001002e-14
-29271.9266 -31890.03 543.111068 2.52589788 -3.58883126 -0.535575988 1.34035621e-10
37501.4741 27255.6576 278.161453 -1.92171853 3.59157909 -0.283771922 4.68137172e-09
-2915.01009 35272.1957 722.425736 -5.02073435 0.850940212 0.695427241 2.56667035e-06
-29625.6055 -37412.9381 343.758074 2.98808197 -2.631716 0.0806997739 3.97833216e-07
46701.177 17553.0488 1391.48 0.2843394 3.61522756 0.21575065 4.59955009e-09
-9797.95115 -22126.6508 -1485.94695 5.52467133 -0.895472279 -0.208348481 7.54680801e-06
-30509.8249 18592.218 -475.808985 -1.77760654 -3.8520692 -0.119838742 2.76748878e-09
-25181.3152 -38395.7643 -1212.23547 3.94681583 -1.56171748 -0.102127731 1.01348646e-08
-22230.4557 -36236.2401 387.812163 3.65342163 -2.79972904 -0.334806517 6.25964e-12
32264.7109 23322.3511 -700.446564 -2.81352169 2.41611811 0.298593481 0.000103357095
16128.5705 42896.8268 -1396.1797 -3.09245194 1.67135549 0.419025465 8.98016799e-05
27032.9235 16404.8012 48.5434483 -3.47923608 3.63674479 0.263979936 3.04080744e-15
-7304.77281 -25626.7986 337.438352 4.78357818 -1.35880466 0.911464427 1.9577472e-05
-10684.444 -18646.0778 -94.2475212 6.71421582 -0.440403073 0.766100854 7.93077284e-12
-6315.16405 43885.4523 -1481.5972 -4.11016646 -2.02681581 0.455805892 1.70957752e-10
11777.2153 -5717.28884 -201.556477 4.44937283 6.34599445 0.850272988 1.39351551e-15
16156.2267 4927.91145 -1039.97303 -1.25060132 7.20099843 -0.577275565 5.80384859e-05
-3590.28531 -46172.2572 502.898874 4.41464954 -0.870291098 0.359243217 2.75639058e-10
-43316.0728 18186.6082 -918.383574 0.801883074 -3.88164189 0.223846706 3.09577745e-11
17344.6151 -46461.6977 825.813301 2.75099523 1.16998048 -0.182289011 4.85100467e-12
47349.6249 2751.6854 -666.383557 0.859268596 3.17481842 -0.700102051 7.19262419e-12
17139.7089 36679.0066 -1443.24603 -3.42970404 3.05852891 -0.373151699 2.59643334e-07
-29435.534 2302.42714 -1123.85213 -1.53853802 -5.46989549 -0.291798178 2.87296077e-12
-3743.86492 19830.5104 -218.574558 -5.59199982 -1.04612995 0.448524107 1.60267082e-10
-45601.1611 -10857.614 736.468054 1.80808952 -3.9264972 0.856692609 4.33216898e-07
47422.3561 -5503.02719 -312.032262 2.17542816 4.00145569 0.605105849 3.78315854e-11
-1151.3827 41974.7608 1293.19686 -3.25763905 -2.4320023 1.18538649 1.89672322e-13
3211.43964 -4104.81565 302.347583 8.40634059 9.28180855 -4.18345247 2.806246e-10
12211.8541 20102.9766 -1104.83084 -6.24965735 -0.224465739 1.005622 7.21301402e-05
16944.3182 -31126.0749 1466.18372 4.58789853 2.37908933 0.113029393 6.68110773e-15
-23846.3797 -16552.9156 1153.48817 3.00014226 -3.67580262 -0.291880098 7.34516542e-09
-1842.12762 29308.3053 -744.504286 -4.62459485 1.29556428 -1.17618112 1.4982782e-14
-32531.2614 5502.61555 1368.38877 -0.460054066 -5.11950179 -0.216407644 6.45185845e-11
13553.2964 28047.4962 120.582304 -5.19458797 0.875970869 -0.259798173 2.9663206e-12
-32365.1542 -17043.6249 -1363.12269 0.637034373 -4.20563501 -0.403388892 1.20117837e-10
-38185.0203 26031.1994 -727.403701 -2.29346163 -3.71145327 -0.189545243 1.69078586e-15
-20477.1493 18115.4807 -238.561377 -1.95733205 -4.00122488 0.669846743 7.7684445e-11
45105.9892 -17037.9206 -1067.79171 0.939203694 3.96755215 0.175684831 1.03660836e-10
1658.77556 49154.8308 -1196.44169 -3.65919883 -1.26205723 -0.285746475 6.31251623e-09
-33096.5753 17545.0172 1012.7666 -1.86213484 -3.75197518 -0.351473532 9.29704732e-14
-33419.697 25004.4008 -437.431045 -2.55218483 -3.15409984 -0.977696112 1.98205455e-15
13064.4101 38108.658 912.150695 -4.50683322 0.665635445 -0.818685526 7.96349006e-09
-20537.3234 -24349.5096 382.268097 2.37813634 -4.31442845 -0.156711995 6.96674294e-12
282.848067 -48468.5699 454.725098 3.03863619 1.69202602 -0.0110790433 1.59915638e-11
-13675.5264 32573.2292 381.78066 -4.31239187 -0.00947532565 -0.125793343 1.50207624e-14
22932.1385 -533.52497 482.98579 0.403898097 6.08410807 1.67083902 7.68895766e-14
14572.7439 923.925694 -31.6207443 0.520100769 6.78365781 1.48402151 7.72999025e-13
8339.06119 43021.505 502.900001 -4.21444083 0.771740173 -0.389976029 1.42241209e-11
3374.84588 8497.97286 728.354035 -9.14641591 4.62833875 -0.126310164 3.68237517e-13
46969.3542 -3273.51261 1050.7678 -0.529624016 3.49600308 -0.363450954 1.07416526e-14
-34366.4411 21879.4216 1001.28668 -1.92661789 -3.95483564 0.32210862 0.000867626532
19794.1813 -39693.419 404.020097 2.88871245 2.68110512 0.585236119 2.11363173e-13
47458.8732 -6047.1063 -616.978025 1.09989965 3.19991196 0.343422966 7.20816437e-15
20031.0835 21646.8567 1065.599 -4.52472076 2.20102804 0.226470439 7.7027048e-11
-43601.394 8879.01755 -146.737494 -0.362986318 -3.74433233 -0.536107428 2.15930318e-11
-3056.34344 -21907.4884 -609.6996 5.58452352 -1.86507792 1.39972115 3.88875686e-15
15827.4301 -1950.33943 1424.69478 1.57074893 6.21991767 1.55701178 4.33553256e-11
11023.8179 11789.4067 1292.16905 -2.83990786 5.71895049 0.45590513 1.61342733e-14
552.127023 11176.9942 -536.747109 -7.98880196 1.68741143 1.48498861 4.16158661e-10
27907.5405 26481.9574 837.8676 -2.32014849 3.90739189 -0.869507565 9.22084459e-09
29695.1347 -36738.1383 -1198.12746 4.06135745 1.66634977 -0.758224332 1.58446501e-12
-27955.4133 -40868.9719 1171.04265 2.34395576 -4.39174792 -0.0962190965 0.000290556212
9367.70249 -8449.98759 -401.096771 2.411353 7.51038601 -0.225487053 2.07928343e-14
4628.51091 45513.1836 462.936985 -3.41699753 0.749096625 -0.328854618 2.9928195e-06
10520.5108 12661.0575 -37.4491364 -3.814466 3.77313269 0.980319721 1.19211302e-10
-32141.0538 -10534.7807 1223.15954 0.166623166 -4.22770618 0.257832882 1.67792204e-13
-9094.18951 12626.6847 1358.5115 -3.65449449 -5.21451667 -1.01727101 9.79216611e-11
24307.698 9810.51012 -810.838296 -2.65807057 5.10219097 1.05391883 1.30883747e-08
-24628.6541 -41734.8113 317.661158 2.11241493 -2.53186694 -0.227912037 1.39789359e-12
-40253.1862 18785.2725 923.825647 -1.37633197 -3.93904411 0.11214411 1.91454894e-13
26609.5141 1902.0431 -112.464239 0.899504271 5.6595908 0.294009378 2.40751668e-13
39176.1022 16003.2609 1408.75541 -1.48857252 3.27637829 0.279520672 8.26454028e-11
-32942.3711 -30837.1053 62.8403114 1.45781157 -4.21511705 -0.102414023 1.45487282e-15
14071.1876 26247.3713 1049.25669 -4.00038916 3.00329565 -0.308811377 4.38691342e-11
20491.8954 29285.4434 602.782159 -3.72201257 3.2122615 -0.413644541 9.60712856e-11
-20526.9213 6783.44365 -121.103105 0.887013792 -4.98619033 -0.239343992 2.26476329e-11
-9117.79565 -15830.898 -1471.70297 4.97747878 -4.0238168 1.40140734 5.43985995e-15
5429.53238 48478.1846 1230.5133 -3.93678386 -0.0113325434 0.0975427777 1.37231871e-13
-22246.3536 21842.1909 -8.18031201 -4.21963624 -3.3690502 1.01414781 3.99384445e-10
19724.9713 -17012.2142 -290.003725 4.2514185 2.60482713 -0.523759091 4.49756651e-06
-47893.5293 -4051.60805 2.24126041 0.766404341 -3.96082099 0.0657267503 1.20324349e-12
-9503.62337 39906.8228 -1499.11577 -3.36670563 -0.930774152 0.138742466 1.11336984e-12
-21530.8549 -18784.5981 1450.41768 3.53967268 -3.16353208 0.942928893 3.27860413e-09
24852.6472 38863.0175 -941.544707 -2.98584817 2.69363915 0.0211513486 1.29480673e-15
15804.9677 -46392.507 -217.330393 3.65120573 2.2387568 0.0765365183 2.18657722e-14
29357.6237 6285.08406 805.9684 -1.40737441 4.222176 0.45749684 1.1492974e-15
-17495.2692 1672.39486 -967.210756 -1.55161328 -7.21516009 0.0342906205 4.10574157e-08
-18011.1028 -33734.4863 -73.1703237 2.67221053 -4.9167505 -0.269776129 4.88323771e-10
-24308.2242 -13364.824 1115.30295 4.34450306 -3.99741514 -0.333178013 4.70784886e-13
-35552.4084 -13685.0584 813.44145 1.96482997 -3.38092294 0.181992173 1.26310058e-14
27415.9342 34071.392 880.677355 -2.57999331 2.75411208 -0.191441424 2.47124962e-15
16832.3773 45244.2055 -1162.79183 -4.28882201 0.965252995 0.611695166 4.21974725e-10
-13641.5443 16602.7732 660.343608 -3.49232573 -4.98196951 0.0797427541 4.86453965e-10
-35955.5932 -890.387068 -968.213765 0.888275912 -4.26322261 -1.39299548 2.04204664e-14
39273.2604 15656.8823 -284.441745 -1.14398399 3.43441988 -0.206886275 1.65826963e-08
-47827.5467 -1274.05929 -1.39380002 0.583863179 -3.83057678 0.292801139 3.59584326e-15
-1659.18336 40004.5174 -908.552761 -3.73256948 1.02411794 0.362598684 5.03868298e-15
-16182.0587 12394.5754 1043.98438 -4.28484001 -4.58729299 -0.338764809 1.35508447e-13
27446.57 -34618.1682 967.379494 3.09745664 2.82138173 0.0178964089 1.00850331e-08
37421.5395 23269.0112 -822.62497 -1.76209209 2.58040305 -0.307503174 1.48085525e-11
-25681.9024 -1823.65771 138.708828 -0.00626839041 -4.88969547 -0.540296855 4.50966777e-12
-24844.844 29536.6342 464.270562 -6.69369858 0.504721361 0.542184716 7.13998205e-15
-7524.67426 27053.1296 925.599987 -4.8567663 -0.23858659 -0.571985123 9.45646415e-12
-17453.0087 -23170.9694 -1413.97179 4.28968839 -2.75457723 0.152403333 1.17357435e-11
-8205.09252 -12861.4102 -1297.3999 8.69118587 -0.584670276 0.649505286 4.57714935e-12
-1456.1811 29638.138 -1139.94051 -4.18532322 0.89117213 -0.112023548 6.44978156e-10
22115.9163 10166.5433 -1046.95375 -1.11658848 6.27526188 0.801011689 2.38525307e-08
10848.746 6027.5913 766.412303 -6.2971164 6.00855829 -0.481114407 2.22644905e-14
-20816.4387 28107.6057 1380.83058 -5.40596021 -0.788856774 -0.322001835 3.97288705e-05
8646.56203 18783.039 -330.263541 -4.91854853 2.30342981 0.22001153 2.62182042e-06
22361.8317 -3533.7163 -406.387979 0.877518702 6.25195305 0.747209168 1.28689428e-10
-17192.9995 -5328.01477 1411.80475 1.13340189 -5.37942177 1.13503168 1.94980179e-12
8202.79092 -8673.06208 918.849499 5.39523769 4.13642109 -0.40251398 4.76169148e-09
-6493.00684 39705.9281 -1062.7748 -4.36255231 0.095421002 -0.00222411629 4.33306634e-13
-30885.9478 -24674.4601 107.689094 2.56942364 -4.01163371 -0.201228653 3.92448203e-14
-1793.44914 38199.8582 -1470.62519 -4.5781915 -0.414077707 -0.580909262 2.917001e-07
-27496.8724 39639.1349 -0.778933184 -2.66012148 -3.05146537 -0.0646837472 1.17362211e-13
-32338.0559 -29580.6715 484.749783 3.0921744 -3.50145911 1.06851889 2.93223899e-15
18148.7412 -22532.9143 -574.937813 4.62265054 3.10570181 -0.270438102 1.35583445e-06
-40937.7488 -27612.2361 -1407.92373 2.54510708 -2.68497893 0.536166117 2.74408431e-05
11606.1366 2189.38034 392.296437 -2.04760035 8.41612253 -1.67230819 7.93878617e-09
-24548.7318 -35827.1635 730.601682 2.64530506 -3.50714989 0.26341291 0.000235936441
40628.7202 -6791.51358 406.294814 -0.564056348 3.86155347 0.486831487 5.94077309e-14
-34089.6746 1466.58629 789.848786 -2.30413548 -4.20930628 -0.926971312 1.01068888e-07
-6044.7918 -19565.9961 1253.67826 5.99620143 -0.737551351 0.840340507 1.08508715e-05
17306.4972 30815.6652 -332.345103 -4.34387114 1.30664577 0.164833095 1.26471558e-13
-32443.8827 -28281.3507 453.556283 2.56762442 -3.31749122 -0.256729977 2.52792657e-12
-8839.36435 16253.0891 -385.124275 -5.75996536 -2.13694192 -0.466345612 9.22977371e-09
32039.0281 -25435.644 963.303434 1.33437487 3.56697505 2.09543008 3.7617685e-13
-48244.8865 11834.0637 1168.20894 0.0347878915 -3.31992043 -0.116021792 1.77425923e-12
48819.009 -10246.4712 1050.37445 -0.381566779 4.41892439 -0.378471806 9.34998402e-09
37391.9683 -21524.2166 1355.4219 3.67003337 2.73054381 0.275714019 4.60166749e-08
22224.9305 -20039.5261 642.484342 3.5240881 2.89553815 0.644774038 1.92294062e-13
-42407.5911 9692.29729 -754.072499 -1.50580695 -3.88269282 -0.310412745 3.28666857e-14
-14361.9962 4060.35767 223.586118 -1.15604538 -6.12664782 -0.214512102 1.14095968e-11
-41689.2332 4087.25393 -877.012279 1.0358208 -3.75707766 -0.522186389 2.5590815e-09
4405.89674 11949.1766 1225.97537 -6.76995692 3.0757517 0.889017813 1.83764549e-15
-8280.64494 -326.429991 941.953891 -7.89904703 -10.1018059 1.18544037 2.36064652e-15
23849.9466 36023.4417 64.0664078 -4.31368639 1.97575493 -0.454866548 3.60406029e-09
27812.5 14127.8648 -102.527856 0.111791714 4.3551949 -1.15085812 4.07658053e-09
11424.6705 33738.2216 -410.170895 -4.42411058 2.35966634 0.954037513 2.19917078e-15
-5507.81986 -30753.619 -1355.14351 5.08136537 -0.509206244 0.324021514 1.40684902e-14
902.267573 -47025.1823 689.886979 4.32450444 -0.584500147 0.462587744 4.33327613e-10
-42175.2532 -21843.9311 1081.54424 1.77527977 -3.25861985 0.126790496 1.53210094e-05
-48581.8109 4493.06105 113.382684 0.406465833 -3.79387242 -0.658946205 3.43615584e-11
-1227.28276 -16983.1252 1316.39071 5.56295635 2.12109265 -0.0554419068 8.64193184e-06
33191.3481 -31930.014 1333.25397 2.39814093 3.45184511 0.847597927 1.16475367e-15
4085.95578 558.347123 145.522424 4.08103359 13.1007322 -0.343611201 5.29368804e-10
23380.3941 -2853.80628 42.2496419 0.803469745 4.41313438 1.07722874 0.000129778589
4125.13306 25690.7141 -1418.54327 -5.90334372 1.1609611 -1.07305661 1.95428281e-07
26198.639 1241.06834 754.499238 2.26517305 4.28476126 0.941296308 1.87494663e-12
19189.86 -1775.73136 -1479.47566 -1.10808765 4.85519037 0.426748035 2.86900847e-09
19007.5778 -38436.8158 1029.07208 4.26494041 -0.581724765 -0.372817813 4.20154608e-10
39525.972 6381.16594 259.787283 0.294771302 3.45970935 -0.0937450806 2.149427e-11
-4923.94278 30371.2027 -1297.77266 -5.19805534 -0.774869243 -0.173366885 1.33897989e-12
-20932.4827 -7411.65391 851.227256 0.115653947 -5.74991863 0.145459966 1.36626723e-09
-38554.5481 -16619.9759 -911.05635 1.12189141 -3.50472874 -0.0071300232 1.52781378e-11
9773.7102 17552.5175 -1460.33573 -7.33514594 1.07536423 -0.176485241 1.40907158e-14
23240.6969 -1832.94867 726.507146 -1.905184 6.17822845 -1.09069339 2.14254297e-09
4318.86475 -17080.5994 -216.201879 5.62117622 3.18236001 0.343855552 3.75817658e-13
17645.5982 831.146274 78.2550299 -2.12062446 6.90538114 1.31927439 5.68683039e-13
36267.6161 -19313.509 1419.7144 2.72352315 3.06553367 -0.430438611 1.33995936e-15
-21336.2929 -16559.0311 -1305.64464 3.38657543 -4.3750171 0.950928203 9.49703286e-15
-31162.0753 25823.7519 842.512403 -1.61424215 -3.23357762 0.915731665 7.60655857e-06
-10868.9387 43654.0648 1295.05091 -4.1572341 0.239702982 0.366698766 1.28008589e-12
-28829.7259 -5726.22118 845.589596 1.66529881 -3.99826205 0.321148152 3.48748032e-09
21934.0457 -40036.6044 128.116126 4.48415511 0.250544564 0.937319389 4.54638868e-15
25657.8889 30214.685 1058.18363 -4.28820663 1.52385638 0.284456105 3.68398878e-08
14162.5887 25926.752 -1025.704 -3.00912856 4.52945305 -0.772808443 5.98627202e-13
-10791.1344 34257.7754 -1120.81785 -3.92825081 -1.14884873 0.143676509 1.47655617e-09
-14964.9995 36324.7487 1437.67698 -4.86893343 -0.0288924472 0.169325483 1.42402095e-14
15461.4807 -21031.3004 848.904782 2.64725924 3.72769473 -0.78327276 5.40256782e-13
-29820.7768 -2607.45401 739.130549 -1.6038434 -4.0220887 0.0924562362 2.96290434e-11
-41328.9277 25001.1623 1279.35855 -1.66983996 -3.21706637 -0.620170309 6.48165536e-10
36873.5577 17063.0872 -1132.01727 -1.59542047 3.94868585 0.547547993 6.44002226e-14
82.4494841 -28576.8151 1384.75831 5.54618868 0.311094122 -0.278328416 2.28198485e-15
27591.9793 -38981.6435 511.298245 2.91346501 3.57019334 -0.717965789 3.47127397e-09
3983.47217 21601.3118 -1031.86771 -5.75320459 2.11100273 -0.873108191 4.83254593e-11
32947.563 17576.1018 -1118.69825 -0.578648515 3.85995675 -0.397715365 1.80755146e-12
-2213.80608 36835.9457 911.603077 -4.49394649 -1.68688053 -0.349539003 4.51800272e-06
3188.98696 45597.382 558.751194 -4.14897471 -0.885527218 1.34592904 9.21577798e-15
20525.5334 12394.492 -1349.84548 -3.26326531 3.15018258 0.527442829 2.27504385e-06
-17041.1166 19891.9288 727.470759 -4.83280742 -3.18538882 0.368893554 8.13186492e-09
43073.9757 -1178.70717 48.8540766 0.987556113 4.64561102 0.372252916 7.23019294e-13
-19968.0681 21248.6577 -219.913199 -3.98292863 -2.83855786 -0.617855675 4.52983838e-15
5203.63214 3867.19338 -1091.82217 -8.53597457 5.49020667 1.62251891 1.3422615e-12
45114.6387 6505.49282 395.251281 0.503232004 4.02522477 -0.761104455 3.79514836e-09
12618.3035 39982.8969 78.1210856 -4.18351119 1.23401908 0.833222788 0.783723344
39912.8849 -2742.51594 900.361224 1.02509044 4.52193274 -1.080438 6.99912787e-14
29829.3002 29464.4107 -1158.6627 -2.61380559 3.09071318 -0.377549976 1.45449651e-13
-11644.9054 34993.5799 -958.757815 -3.10893713 -2.17624904 0.140183966 3.02248515e-10
-16991.1894 -44598.0145 -991.493564 2.54273722 -2.3445865 0.0170348235 2.5262672e-09
36578.18 23497.6557 818.175555 -2.05487578 3.41227799 0.539790916 3.36914708e-15
-9501.96297 9987.94265 423.946617 -4.12893099 -5.48202375 -0.488783271 5.60372142e-12
-19521.2996 -13000.5932 -589.593956 3.93124003 -3.49062449 0.442466864 2.74370056e-09
21502.0368 -29351.2523 -1197.60055 4.05094876 2.23501755 0.458462394 5.92090175e-12
13754.4039 34534.0293 331.022209 -4.08722623 0.227091584 -0.251040247 7.25222212e-09
-17207.3296 46638.7893 -163.511027 -3.25383416 -1.05709241 0.28665895 1.79111773e-15
22619.7175 39560.4325 -897.570304 -4.32220614 0.106997686 -0.120647729 9.63398612e-10
19919.2396 -22075.1507 -894.923906 3.84636926 3.20869622 0.736408286 1.48298657e-11
-28033.5012 -6884.73953 -1375.67035 0.0304856359 -5.79612885 -0.0804851075 2.29112826e-11
-1642.8342 -40216.3346 1490.03974 4.60652527 -0.479657177 0.691670736 9.73851699e-15
37069.3895 -22036.7217 1029.90638 1.5079924 4.29870037 -0.864940704 5.64029395e-15
-6021.44016 -35976.732 -298.597497 3.70230736 -0.195286994 -0.587773361 1.30014067e-14
21040.8888 -43123.8071 -1279.95768 3.68827647 0.115539783 -0.644543916 8.3846437e-06
-12886.2716 -38633.2381 -712.041598 3.27846948 -2.57232125 0.0341367749 1.68291679e-11
-4321.24122 -19543.3505 -829.014191 5.01965491 -0.89166196 -0.180946737 3.79938007e-12
29615.7131 -22918.2763 621.213038 3.44911369 3.54594772 0.252803225 3.14612971e-14
34111.6334 20936.6488 -202.582731 -3.72879379 2.002866 -0.431624039 1.95995444e-10
-32980.6725 -19076.107 -618.620322 3.37427123 -2.42807216 1.19275884 2.04717451e-11
21670.0589 37425.7012 1162.01928 -2.14726621 3.4333368 0.230089411 9.907264e-13
-5948.72601 -25009.7748 976.861309 4.92475957 -1.87789296 -0.234419982 2.91481139e-12
-37936.6404 -32324.0527 1363.97241 3.80319702 -1.77110773 0.210116673 1.61814848e-15
-3635.39143 38644.7914 -463.254175 -4.45657781 -1.33688499 -1.24490357 1.21057676e-10
32583.1178 34740.2601 721.368699 -2.66246918 2.44563557 -1.12635548 1.12347616e-13
-31566.8479 20475.361 1460.53111 -1.42427407 -4.77627114 0.609635977 9.58991327e-09
-2012.99614 21505.5601 -1062.07726 -5.24743762 -0.687858655 1.54601185 9.72358685e-12
-5668.57569 11325.5986 1289.01519 -5.11584813 -4.58667934 0.890570925 4.14750799e-11
22061.3522 16085.3329 -420.543161 -4.78046846 3.53652767 -0.93654272 1.07997953e-10
-7453.6102 -28747.5556 807.255569 4.47310322 -1.22617508 0.0464355111 5.17545034e-13
28974.3267 -8929.79511 13.3366513 1.84086469 3.40354605 -0.474960603 1.05359811e-15
-15749.7655 -41582.5161 213.229975 3.51123624 -3.53292074 -1.14665769 4.5868957e-12
17206.2668 38368.2603 -829.728638 -3.46197432 1.27377137 -0.390341733 3.18295289e-13
39073.3605 24986.4661 -1054.91713 -1.34087017 3.99809805 0.200342528 5.50596178e-15
7932.7873 19299.9501 -518.655311 -5.86690364 0.300542152 -0.0581005358 3.82166401e-14
-25820.3967 -28725.1838 -693.438252 2.88154096 -2.01574594 0.826710911 1.3040012e-06
32249.6663 -17366.5124 614.150486 0.221513166 4.33254555 -0.6410251 9.76114025e-10
21676.927 22487.4684 1225.92746 -1.51160397 4.36379503 0.413547837 7.52245076e-10
-2337.52028 30518.4638 -355.576079 -3.54071282 -2.90971591 1.20003927 9.22778498e-12
34486.7613 -26717.8582 363.811663 3.47909526 1.50090696 0.744669412 3.5952457e-11
36911.4851 -29434.9737 298.210726 2.28690207 3.87777301 1.26775507 4.38920787e-10
-31201.4673 -16594.2367 1283.98257 0.725532398 -3.87337326 0.261643615 2.0256784e-15
39814.7347 -12593.2331 -1080.52698 1.68258548 4.31348654 0.101616673 3.61379236e-09
-36513.1797 -23828.7272 -429.761098 1.83245502 -4.33007011 0.73412694 5.4437426
-22456.5815 -5463.46112 299.156789 1.65338309 -5.9614573 -0.0324713094 1.89601624e-11
-26276.8494 -15624.6615 -808.209745 2.11688831 -4.76343038 0.781530888 2.33784976e-14
17518.756 -39243.441 359.704681 4.75239064 0.941558291 0.694451728 1.78376945e-14
570.752735 -2945.01601 359.282215 15.5423871 7.06943129 -0.136241286 1.81028131e-14
6302.54058 45494.8705 -182.548813 -3.23287998 -0.204121406 0.0707575518 3.29669337e-10
5734.47497 -31288.6509 -268.770955 3.88308935 0.383093344 -1.71959841 1.04085985e-10
-23613.6822 -8579.45923 87.1280099 2.93012106 -4.68433135 -0.294604982 7.64280893e-09
-26963.3362 -7275.63351 -117.520721 2.53228179 -3.81289303 1.33787325 1.35553269e-15
2221.96954 6937.66329 115.59029 -9.73463511 4.50864543 -2.46139086 2.20345023e-09
10323.9657 -43276.7654 271.281199 3.18398495 0.373432908 -1.58903561 1.06674105e-13
10710.1944 3995.40647 1168.9839 -7.61103914 6.29273932 -0.00858188612 9.71257607e-11
29166.6817 -10298.1417 -1092.31915 1.67327766 4.42886977 -0.73556168 1.53414611e-13
-9139.13242 31040.8248 -721.611095 -4.40301274 0.543430822 0.360696931 2.93021958e-12
-8482.99181 2471.9624 -210.439084 -2.55558176 -9.60630889 1.65338035 4.3056782e-15
-18710.7835 -13296.0398 -493.093444 3.03908566 -5.40789721 -1.17522824 2.73168973e-11
13516.0423 7079.57404 -97.0799489 -0.987252816 7.46495347 -0.705665378 1.65034105e-12
23061.254 27171.8104 662.799665 -5.13075903 1.68082963 -0.18927034 1.61655506e-08
-760.932134 2109.83436 38.2244778 -16.0535258 2.17201835 2.4649094 1.31951419e-13
-42855.4886 -21598.3738 -1220.57331 2.50215302 -2.36224455 0.399999635 6.2453919e-12
-22055.8767 -19781.254 -432.86694 5.56009129 -2.5968217 0.560768715 1.05111171e-09
-33171.2799 -10915.5971 939.974904 1.54901974 -4.25192438 -1.05414492 0.000562304374
39461.2482 18616.5135 586.131792 -0.694388214 4.47457942 0.677547674 3.97702201e-14
-5082.49883 30328.9353 -605.207807 -4.86624277 -1.96095875 -0.0269721906 7.78354703e-14
-28631.227 36232.0169 -451.617658 -3.290145 -1.77046093 0.0237580152 1.79802678e-14
-6941.75041 12676.4069 -707.49449 -4.52506749 -3.13660125 0.614655975 5.35602095e-13
26307.6106 -7407.66558 1062.29884 2.96909382 5.07515904 0.120182831 1.03793653e-09
-35066.7757 -26997.692 757.432443 2.04086936 -4.06906514 -0.159695943 2.02109199e-12
42395.4404 3927.75081 1058.36069 -1.97447466 3.18491299 0.298321244 6.82195327e-12
10190.8177 -31073.6841 -295.139762 3.5610467 1.60187096 -1.21439685 1.61169957e-10
14154.0814 26892.0712 -1178.44011 -5.21078418 0.746036212 -0.145723063 0.303623393
45615.3911 -3390.04188 709.163343 2.71186857 3.95224174 -0.676239441 3.54602104e-10
-2603.7353 5027.05555 -610.16122 -8.98103193 -7.74801772 0.864127152 3.34289533e-12
14326.4764 -18403.1388 -1120.77795 5.76649119 2.36302055 0.019425205 2.11908484e-05
2278.27638 -27886.8079 -344.952787 4.74112543 1.94994964 0.0710813945 2.27587533e-12
34559.5745 19937.2281 991.231874 -1.49444573 2.98311221 -0.40139072 3.01308654e-13
9863.97174 13156.9204 1190.54203 -3.75244345 6.04537759 0.817316058 2.23499388e-10
15936.6972 -1506.38395 471.748578 1.99001015 6.84331211 -0.732299879 1.09424999e-11
-4662.80667 -24542.9075 -407.957433 6.54296369 2.20227546 -0.0245224637 1.20293064e-15
-17379.6342 -36577.5266 588.978576 3.50926588 -2.8918443 -0.541756 7.74234546e-11
26102.5724 -14186.9043 405.762116 4.49361594 2.83407033 -0.144551839 9.46173868e-10
4844.3675 -1919.88876 -1003.54406 5.05450943 9.57011131 -2.63112937 4.81142153e-13
-29665.1197 10303.5709 313.348989 -1.59894964 -3.80043743 -1.32799874 4.64023682e-12
-375.597356 -49968.3047 1099.73783 4.03609187 0.558776906 0.0899591438 8.29225304e-13
29869.472 6189.92567 1294.41778 0.72990261 5.21672684 0.845375529 0.592636905
10770.2773 -17428.0101 1367.44692 4.80812509 1.68906952 0.109573702 9.45174298e-11
-2755.05354 29541.3332 -216.936023 -5.7006416 1.22029625 0.446599234 2.52892512e-10
23291.5872 882.402975 -595.286117 1.45224852 5.51222112 0.0217226185 3.4560587e-10
45107.4853 -2884.48243 386.94685 -0.0877558127 4.14967501 -0.0689654496 3.37317689e-15
21162.9219 -27324.0513 -1041.45812 3.09367065 3.14721095 0.00910747263 1.1377359e-10
-40544.9778 3482.21295 -731.027132 -0.761863364 -3.251022 -0.0531353515 1.63296397e-12
29601.8046 -39774.672 -943.051251 2.68728738 1.96006965 -0.511130687 8.71281304e-12
430.037439 -26283.026 605.2409 4.81918209 3.06152072 1.10629085 0.000118948952
32653.2863 2768.38563 -1095.2581 -1.70506961 3.7714799 -0.211136452 2.21616292e-13
36789.2567 -8608.17136 -338.572859 0.693889374 4.44433842 -0.726123792 6.6526917e-13
39592.1271 26571.6868 343.394123 -2.64621588 2.99776657 0.306110078 2.40605164e-10
4213.77549 -39333.017 -270.558173 4.27719937 -0.0898655562 -0.32868892 1.02244998e-09
12170.9731 38595.1756 1146.92053 -4.97661578 0.273687359 -0.268575999 9.99863518e-09
-15635.0158 -997.419924 -1449.45916 5.08833013 -5.58339436 0.545985878 1.66890788e-14
-31619.3206 11948.9487 -558.077689 -2.07678836 -3.8543153 0.823221627 2.18321818e-15
11712.6878 -1918.15962 583.730745 -0.1991637 6.54310496 -1.65818619 4.17424441e-15
6335.05827 33449.0007 -479.968016 -4.30065357 1.43267215 0.066382459 5.07593234e-11
-1111.60355 12896.1835 -928.199807 -5.58883461 -2.90026043 -0.278605025 6.24685089e-09
-12358.2667 -65.056544 1405.91263 -3.87977809 -7.8789784 -0.898067277 1.76258112e-12
17345.0299 32201.9874 -119.361455 -3.89646381 2.30174531 0.455130578 7.56216434e-10
-28179.4096 10904.4323 -110.032742 0.358893528 -5.36877272 0.583921791 7.82023451e-14
15260.2583 29949.6449 -1279.8992 -3.34816583 1.34249312 0.460661205 2.00454654e-14
-7534.03109 -14756.4304 93.4618925 8.2402521 -0.167026112 -0.752594866 9.58394419e-15
-3539.71996 -6738.93286 250.082381 8.66506425 -3.68065017 -2.18671245 9.082027e-13
40805.9612 6492.60713 -344.868173 -1.43021027 3.4536839 -0.0500115626 1.42485916e-14
-251.789645 14457.9133 -1423.95346 -7.85177203 -2.39067956 0.71573607 0.180309311
-11694.5562 -35689.791 -69.941032 4.75784791 -1.30748767 0.60053082 4.86013671e-15
-18368.1248 -11516.8362 471.376283 3.66250015 -5.07930057 0.221576098 3.64126378e-06
-13120.0709 36162.5271 -974.676856 -3.9126318 -1.23660961 0.391534477 9.32545933e-15
26324.7081 38440.6728 1036.35007 -2.18841522 3.32616319 0.382652415 3.01102281e-12
19857.8313 18928.6567 -841.333017 -5.4263888 1.43548403 0.996826589 4.26120051e-11
-8884.72882 -28413.304 -1104.20038 4.91395556 -0.745035211 0.0416884494 1.42690257e-11
-40227.6522 -15818.8504 437.298115 1.84563983 -2.84543022 0.157507648 6.37220005e-12
-28785.4443 10210.4079 820.88653 -1.08992774 -3.86490394 -0.305474703 8.43941031e-10
-33651.3381 8057.3703 -749.621701 0.77759747 -3.91127981 -0.54760756 9.60086706e-12
-89.2132694 22065.5559 1420.75732 -5.96739274 4.86964813 0.999116647 5.96207522e-05
-32859.0734 24985.2646 962.350877 -2.86108875 -2.16267595 -0.174733822 3.6010366e-14
33328.1104 -22092.0362 -695.994557 2.96041326 2.27780553 0.439979121 5.9147183e-13
11877.5106 -20472.3554 -1153.15258 6.27997279 -0.382615939 -0.260410078 5.77493125e-15
-18880.8222 -16079.0518 1207.89405 2.36942718 -4.19287907 -0.743283061 0.00077956741
46229.1382 4996.41324 12.1304314 -0.629288638 3.30890211 -0.461113781 3.63287587e-11
16663.6183 22962.9209 -1307.13014 -4.1700005 3.31646617 -0.622571256 2.27034464e-12
25307.6663 -25394.035 1298.32544 4.26317936 2.06968338 0.304360436 5.16020284e-09
31122.8173 -9312.5436 -1202.68775 -0.472313076 5.81916081 -0.322627692 3.29570608e-05
-45170.0273 12799.3107 -46.1101529 -1.28723789 -3.97429623 -0.328786486 5.61652848e-13
-33806.3418 -19455.2987 -63.432329 2.06419015 -3.64177759 0.458756683 1.16992877e-15
7523.05619 -34358.6371 -910.747198 3.41220099 2.23066298 -1.77363765 7.43175165e-14
21045.9542 25897.6913 1375.00009 -3.40092698 4.0949708 0.162497415 6.5267487e-10
-31929.9935 20515.1979 -1306.50837 -2.11801105 -3.55482079 0.344647798 2.80511439e-13
-12900.4203 45278.4269 -410.565422 -3.88409817 -0.694162574 0.128171216 2.30601515e-14
-28547.0898 -34979.5366 -1203.16084 2.73588735 -3.03753914 0.0976592109 8.92443923e-09
18495.414 -22883.4513 1225.29995 3.69341149 1.52541518 -1.03960159 6.22021794e-06
-38452.6069 -16663.0863 -1429.57356 -0.924919421 -4.36755134 0.242468368 1.1902887e-09
-13939.4767 29189.7829 -986.031823 -4.78518428 -0.907255722 -0.115446656 6.9917765e-07
6999.87528 22822.6844 65.9579413 -4.19906596 3.94574595 -0.819390185 5.22632474e-15
21637.0219 -27990.7675 1389.32611 4.65295528 1.46888777 0.341242852 9.89807746e-10
-16342.9385 -12105.5857 1293.47856 0.950551504 -5.78971479 -0.674653803 1.01253629e-07
-31769.5112 -101.301795 1402.87162 2.55576601 -5.38529585 -0.353029956 1.85661498e-07
-31733.4233 6117.7442 -381.664025 -3.54995893 -4.64535999 0.801275814 2.02027529e-06
33128.6472 15426.5331 -87.1132109 -1.10129598 4.32481906 0.0534342738 5.42870165e-15
-828.887859 -43272.4233 -96.4003929 4.7154158 0.569227104 -0.741907973 1.78681228e-15
12236.5769 -43623.4846 1445.00342 3.82914107 0.214947362 0.566365729 3.48332049e-10
3824.62675 14960.362 -803.628403 -5.7229809 1.12641066 0.479506745 2.68729955e-14
-16170.4315 38165.8954 701.429792 -2.65667426 -2.42221393 0.651887145 5.32816535e-14
-25826.0975 -41794.703 1282.14542 3.9123812 -1.95030086 -0.85914606 8.34941855e-09
-38210.2815 18707.913 -1085.29342 -1.80131034 -3.63784062 -0.472530824 3.861098e-11
-28369.7495 40131.0439 -1454.97114 -2.23932457 -2.21054487 0.828560722 0.000185467828
24399.1039 -16552.1635 1.9764219 4.74535152 2.58997934 0.0111133586 2.99624983e-15
-47243.0934 -11895.5067 1286.1449 0.362776568 -4.47191617 -0.0147842862 0.00045226677
6033.39149 41197.8185 1465.20898 -4.28019047 1.49061476 -1.01972547 1.97638991e-13
37538.7989 -8248.7645 1343.79846 -0.293913976 3.61656088 0.690270136 4.62701461e-13
-20157.8381 -18336.4598 236.106905 3.46399036 -3.93209409 -0.503035929 1.71778161e-11
-19141.6701 -2672.71382 955.641744 4.03725791 -6.33428736 0.986077025 4.24799624e-06
2510.13122 33673.1446 709.200587 -3.80018667 -1.90926181 1.36565746 5.36522216e-14
25609.275 -33154.7349 -244.1639 4.4105692 1.86523853 -0.072159549 8.43411313e-10
-2176.48593 24486.9523 -837.082358 -6.1400756 -0.125903033 -0.570951833 1.79424551e-15
3169.80368 -15001.4589 1089.55176 7.0829359 2.62942405 0.45775137 3.42967688e-11
-18024.6634 15996.0473 959.564588 -4.07694492 -4.26904474 0.668602728 7.01622101e-15
-14578.2508 21385.5589 1053.49865 -4.2314344 -3.60986721 0.635130633 3.42375548e-09
34569.1078 -32896.8958 -906.073244 1.96121463 3.26762961 -0.498075834 1.959396e-14
3616.28069 -2277.13012 -249.217873 7.8912754 11.8719777 0.354150811 1.45791275e-05
3740.74544 16157.4816 -214.007185 -7.43018692 -1.75439053 1.08263462 5.70477146e-15
31476.3513 -745.644623 1228.53579 -0.131251759 5.48523212 0.619630681 1.44786565e-10
27261.1918 -19034.6389 928.236079 -0.154578471 4.98427083 0.552754452 5.7007965e-09
-36556.1801 -14954.3009 208.77192 3.14152185 -3.80783059 0.0594619214 3.84093517e-13
-21599.2119 16043.1402 -732.712832 -1.5549914 -3.91754033 1.33228988 3.04801878e-09
10646.653 14537.9314 -177.497991 -5.5992953 2.42119708 -1.30428224 1.20234249e-10
-40868.4723 16587.3139 -54.990001 -1.19080478 -4.16255296 0.469722965 3.35366661e-14
26858.8258 -6143.01727 32.2844428 0.479855449 5.19924174 0.475279329 1.03442421e-09
33440.6658 19206.3222 1322.97665 -3.45297083 3.46446851 -0.341476546 6.88821181e-12
35509.5425 -20593.5657 -1055.2093 1.80351457 2.74909893 0.0849204122 3.2453338e-11
-14638.106 6144.82075 -842.490133 -5.29310614 -5.73316186 0.142219884 1.55099875e-11
-27573.4419 15835.4023 975.17523 -2.10871761 -3.5038074 -0.635631767 1.00420033e-15
-2320.42556 31522.2054 -314.631683 -4.90293412 -2.46686688 0.418651423 7.00411051e-11
7499.11313 -10222.1993 -172.178416 7.23055532 4.44076335 -0.287747554 6.20107358e-11
-31349.5381 4283.85143 1474.81872 -0.618956887 -3.65052526 0.0303579903 2.92049801e-15
-5024.42568 30158.3663 1086.46357 -4.54795336 -1.69358318 0.0652705162 3.27207682e-12
2290.34839 29673.0682 -572.007382 -5.39884179 1.50238541 -0.147431294 7.23037686e-15
-19492.3716 -9885.4239 -153.631794 3.25985541 -3.85979841 0.320693937 8.2458773e-14
-29900.6818 -19341.0933 245.309101 2.66894935 -3.18455526 -0.954955688 4.38369906e-10
-35046.239 -27877.8808 -105.565692 2.12793247 -3.53893117 -0.2389996 1.59872457e-14
-19285.1074 -43879.594 1115.9497 4.63839007 0.829545585 0.588861968 3.29244739e-11
46781.6593 10212.1249 594.676445 0.361417317 3.92396519 -0.046073109 3.02196645e-12
23971.3356 -31502.4645 338.520002 3.55794421 1.75810317 0.615907305 1.84329786e-09
18656.0923 -39638.879 206.683413 3.24931813 1.76893197 -0.117179352 4.70013638e-14
-437.421294 -37368.5016 776.167617 3.88412617 -0.722831185 0.22254381 8.13698026e-08
32250.2936 14465.9573 -274.682114 -0.641220756 3.78499056 0.0319337779 1.95450463e-12
9173.47444 -42745.043 -1266.67615 3.62482757 -0.00780546402 0.258165615 2.28760649e-15
32126.4342 -30136.4327 412.097934 1.68817789 2.79082936 0.17918339 5.32604744e-08
-41706.542 9756.09962 -143.672056 -0.842634392 -3.52262791 -1.00313204 1.92949154e-09
6476.7753 38175.1061 -865.069573 -3.35293321 2.2703653 0.450220332 1.75526285e-10
-33789.511 12187.4751 120.67635 -0.186245528 -5.17870027 1.49292066 6.3644041e-09
6816.65121 31261.8253 23.3900722 -5.21412203 -0.786657791 0.123961301 3.34878183e-15
-31549.5951 -2643.75492 -1402.27744 4.45347277 -4.48921737 -0.962740482 1.09291264e-06
-16856.1564 -34128.6116 395.517252 3.52886936 -3.87995566 0.0873948122 9.83454403e-06
-28444.3156 -27075.6308 -254.914386 1.43473395 -3.46661273 0.9399738 7.60679043e-13
-20201.6227 25451.0791 -29.5186159 -3.95166004 -3.56506352 0.254386928 4.04162056e-11
-3148.40474 -41444.0242 -1117.20666 4.46626635 -0.313997217 -0.45843345 9.88769896e-08
-40292.7686 12966.4814 1180.60182 -0.00107916188 -4.69715327 -0.840822741 2.46951578e-13
-32574.0759 395.045669 71.7211095 -1.73228757 -4.56647384 -1.20184109 1.95819048e-15
13217.4666 -7908.30412 104.565496 -0.0511358946 9.03767998 -1.36235677 1.17359996e-10
-41547.9766 19362.3633 -1308.41822 -0.983906093 -3.02111087 -0.460620197 2.21375007e-06
-9351.86783 -8039.91372 -783.444707 3.83472134 -6.82011037 0.501306913 9.23851491e-15
41569.8216 18519.1501 507.5409 -2.14801161 3.41538262 -0.232756515 4.68138368e-07
6497.04637 5165.4859 306.063143 -2.09041993 8.34118578 -0.870300936 4.07589915e-09
3740.87841 -39903.7459 -1063.70234 3.08367324 2.31986507 0.787649318 1.38030286e-15
-20726.6783 -8793.63271 94.4289498 3.05291359 -4.52181759 -0.115261578 7.36174096e-09
-23893.8014 -28498.4418 945.165193 2.91521093 -3.26672689 -0.113919049 2.14645332e-11
-16410.5883 -44707.4876 287.824888 3.20227971 -1.18887376 0.468368883 1.1757938e-12
45589.9177 -11713.2236 1380.87636 0.431214273 3.92320644 -0.889779312 7.80491293e-11
30283.8344 -15365.9476 -1357.61914 2.36001547 4.31573767 -0.841108032 1.73715512e-08
-2891.70797 28369.4088 -930.810296 -4.20382647 0.855456098 0.67576984 2.24362223e-09
39172.3499 -23652.2976 828.832211 2.29367847 3.11768884 1.51863941 8.20561414e-13
25136.855 -37823.1417 -1346.86264 3.52106873 1.83450192 -0.743916756 1.27203094e-07
-35904.8531 13541.2788 224.194375 -1.23378148 -4.266905 1.0926736 1.26472645e-10
-21604.1527 -7488.90111 -434.764962 2.45510822 -5.89729591 0.0488025118 5.32685856e-11
17325.5464 -41016.9932 -792.6506 4.31438713 1.22861279 0.620228357 7.28201201e-09
10844.1186 24780.2766 233.142353 -5.9743348 1.18308998 0.52344252 5.93941205e-13
39474.0733 -18331.2729 -282.248989 1.74309006 2.78211071 0.336423268 3.91032079e-13
-31231.4781 -28475.0248 -300.735222 3.22256937 -2.27725696 0.207784429 5.64749474e-12
18518.7104 -33715.7968 -103.310745 4.15206678 2.20470644 -0.637792377 2.43091442e-13
6477.36022 15516.5241 101.749429 -5.89286834 4.59231893 -1.6171108 1.65146302e-06
36343.7802 30323.9379 907.718103 -3.43048494 1.23133922 0.213700042 2.32899059e-13
1800.30899 -8811.71263 -869.594248 8.19616462 2.24078477 -1.80147443 4.05149834e-14
-10810.013 30436.8436 -253.933066 -3.67714123 -0.964404585 1.15056217 1.56348936e-13
-14186.3519 37771.0284 790.23874 -3.34355944 -3.20178017 -0.837465443 1.09638819e-13
-1037.3888 21845.6316 -1168.53064 -5.99099609 1.98488562 0.112769088 6.67709076e-09
-7497.37274 -12922.5897 177.148111 7.64597318 -0.623893125 0.198433559 8.24836059e-10
-29492.9133 -35711.3139 -100.285417 0.378530541 -5.25146874 0.800556985 1.61970486e-09
-19577.1595 36009.9197 -1402.23592 -2.32689919 -2.57556575 0.412043353 2.27834837e-11
40304.6611 24202.3516 -1379.75781 -1.9678357 3.64789336 0.235469239 2.14679143e-09
-9352.56502 -37819.8452 -802.73823 3.8999147 -0.584184139 0.272155522 6.793994e-13
-18030.5176 30926.6675 -593.875364 -3.31537932 -1.8830926 -0.0769030641 3.49223821e-15
-7385.40276 -45436.9087 712.502305 4.06652812 0.0239463014 -0.346864801 1.70961479e-14
-7582.71505 30271.7208 751.868932 -4.8369403 0.937856802 1.2369287 1.35037529e-15
-15208.3266 18541.9575 624.169833 -3.69675194 -2.31772714 -0.461139927 8.92271594e-11
-19579.6315 15610.5069 -455.257912 -4.26886048 -3.64897217 -0.785301603 4.97151985e-12
-5732.6442 18944.8795 1314.02455 -5.97953734 -2.44505186 0.713156218 6.90076782e-15
14110.6994 5620.43802 1449.4865 -1.44395128 6.9454826 -1.88529041 8.69202931e-12
40165.4625 -10568.314 895.908067 0.205265667 4.67710732 -0.0744793135 7.62020342e-10
11834.5738 -44867.3341 -99.5463951 3.94574877 0.715421015 0.736428338 6.20549285e-14
-10780.2194 -6021.4102 884.410311 4.74585136 -5.48351298 -1.28744417 4.6439917e-14
-23419.6207 2454.10725 -1195.53398 -0.864227884 -6.14352795 -0.0233163909 4.58272706e-11
-46075.7853 18928.4851 228.582783 -1.67976028 -2.55905159 -0.33411307 1.19599923e-05
19738.2569 8350.34547 1212.57836 -4.04287764 4.2992122 -0.960111345 4.16537139e-14
-964.04963 -27779.167 -733.145069 5.37404051 1.63947911 -0.300403738 2.03915562e-10
11456.4411 -7880.7722 -1358.038 3.52915163 5.64497799 1.02154553 2.45806604e-13
46429.9357 3223.84751 1393.12682 -0.386952451 3.71215036 -0.0108379071 1.8668806e-13
19041.6104 -23019.6538 166.106055 3.51685939 2.45733676 1.48280484 1.00745074e-11
41226.4057 11344.3605 -1467.15744 0.976382136 3.74786994 0.639350901 9.73830019e-06
-1628.17934 -12117.5345 -1454.33135 7.81475471 -3.436223 0.628848129 4.2569747e-14
-7922.64599 44636.5413 465.56065 -3.66482937 -0.411662672 0.28328946 7.61730934e-14
-21960.1793 15290.1847 493.119354 -2.97432893 -3.20310953 -0.729907855 8.79992721e-07
-36678.4879 21541.0615 -934.115639 -2.3543284 -2.94182039 -0.0680017428 3.00362672e-07
-33965.0422 21108.3052 -567.707562 -3.42387033 -1.89285126 -0.48623032 1.91157718e-09
14957.7017 13417.8392 1282.53987 -2.39164541 7.05001887 -0.250984358 5.170725e-12
-23312.05 7395.55094 -89.9375119 -2.10287968 -5.73376671 -0.217817877 2.24631278e-14
-42996.5273 -16610.8468 -346.874625 1.24030024 -4.34776422 0.602450528 3.59371892e-12
32656.6518 23564.1524 236.744952 -2.18209679 3.44721261 -0.57328639 5.63496214e-10
28756.4161 -24004.3182 -858.551876 3.49165459 3.45746661 -0.482106231 6.14087893e-13
-12831.7218 -20741.432 -1468.66552 4.02609093 -1.89478711 -0.623582537 2.72469587e-10
-40409.0076 8733.93933 234.69649 -1.20257051 -3.21540077 -0.223627946 3.11293471e-11
1076.23944 40971.6384 -692.662689 -4.10696367 0.715908494 0.322825437 9.01308553e-15
-2278.37622 5446.92216 -872.348621 -10.0393693 -7.39564081 -2.10425967 9.89050084e-12
4804.01235 -28794.2146 -1278.52175 4.29308731 2.13845295 0.0610273794 9.72294465e-12
39370.3316 -11215.5761 -203.819864 0.833355469 3.20215634 -0.640164017 1.48812368e-12
-32630.6517 -25149.0411 22.3240456 3.74282972 -3.19923047 -0.139150534 1.01745157e-15
-19240.6648 -3094.25155 1180.55112 3.4761152 -4.2197333 0.587764256 2.93246791e-10
6215.07083 24135.26 -1080.49325 -5.72561054 0.122321021 -0.847427831 9.5831817e-10
11356.3115 -32201.0946 -635.990287 3.06067044 2.24838318 -1.42941626 1.28476793e-12
31045.9663 16428.4817 1399.19613 -2.10854635 4.17026995 -0.00868975067 7.73784736e-09
26478.463 -3237.49766 -163.356862 3.62834268 5.19129397 1.65384252 1.96165463e-13
-39315.5334 -20443.9182 313.877408 1.84091969 -3.80888928 0.151100231 5.55921949e-12
-22452.5289 -19075.1302 -467.880873 3.83312194 -4.24700335 0.334202867 2.90318362e-14
45688.4876 19888.5152 -25.3235053 -1.05386023 2.99079759 0.266125369 8.43876859e-14
-42877.9797 6833.95902 638.621637 -0.909558386 -4.50647589 -0.840254154 2.43161002e-13
11536.5719 17584.8629 471.107513 -5.38964432 1.5662069 -1.38564815 1.97943774e-14
47983.5508 -7846.45579 1004.36003 -2.66812678 4.31831293 -0.151329664 4.30381724e-11
28882.5915 -70.9243285 898.042663 -0.999876693 4.92432246 0.1307077 5.71819325e-09
20173.2952 -12909.9095 -1088.38978 1.12473939 6.3796104 0.318785842 4.27360144e-09
-4917.95113 -44425.8137 389.893328 4.92516365 2.3629833 0.030236564 5.01332339e-13
45192.3734 21389.5448 -389.328729 -1.53690876 3.76506225 -0.80362151 1.20338973e-12
7088.90329 36739.8155 -298.451216 -4.51867655 2.74153692 1.19431172 1.97556976e-12
30198.0109 13088.2402 332.033002 -3.41726752 4.18330346 -0.586285149 2.24319495e-14
-46709.2538 -15039.0728 -1459.47761 0.142133998 -4.20626845 0.582886588 4.11450007e-15
5628.27026 -19579.3265 -895.837952 4.71585889 0.350600996 0.166707144 8.45556718e-14
32717.5462 -5405.38872 -1059.89253 0.59498526 4.71152296 -1.08430595 5.0857685e-12
-17043.6797 32163.887 -873.579474 -4.23639534 -1.11104986 0.318522398 0.000170643127
1841.40342 27129.2682 -1216.15226 -4.27552023 2.99367868 -0.322768806 2.45336851e-11
10196.6833 -2038.24138 -250.995745 3.27741984 6.39713956 0.106938142 7.77494856e-11
34146.4385 -5912.64635 -950.51802 1.67002597 4.00170443 -0.386107166 3.13458476e-10
-15236.4846 35961.886 -779.332913 -2.09447471 -5.68248527 -0.849541944 8.97787463e-14
15282.3223 39050.7481 -234.220435 -2.37013184 2.75789836 0.629215441 2.87123534e-15
24169.5928 6145.95381 451.058913 -2.3681432 4.7030037 1.56716223 1.57689346e-11
28430.3515 -31319.1954 -893.817258 2.78126542 2.25811643 -0.102173805 1.91124812e-12
2281.97095 -26640.2911 -107.645641 5.7107709 -0.177948236 0.579207907 2.89430276e-11
-26446.3396 40365.701 -722.518936 -4.82767585 -0.40584241 -0.331135331 0.000974413693
-42604.6212 1936.70825 -301.16921 -2.0381736 -3.20818458 0.0135912156 2.0995914e-09
4337.2098 33146.4775 402.581978 -4.02494215 1.37854982 -0.634901443 3.41663094e-12
29882.3444 -5207.82273 700.792281 1.80654169 4.56929223 0.197143562 5.69414754e-12
24224.1177 -43077.2445 707.452494 3.082416 0.70572443 -1.22649024 8.90016841e-09
-16183.1947 8948.46318 524.499419 -2.65970035 -6.42061415 -0.200336731 3.06525588e-09
-8860.98223 -14230.9446 1313.36436 9.20090979 1.20033457 -1.08086336 3.78515474e-09
40558.2844 22965.2763 857.57084 0.682714206 4.0562044 1.5550707 6.69149722e-15
-24938.5454 10604.0076 1312.08796 -0.397592977 -5.15334035 1.38038305 4.55368922e-13
-35160.8841 -32179.0338 516.377251 2.12925995 -2.13767148 0.978605211 1.02083144e-09
-1790.67456 -22500.0629 771.744446 6.37578199 -2.26918688 0.0714841416 2.76093723e-13
-18239.1651 -8320.36894 15.4891398 1.55960457 -4.69693828 1.69435143 6.59692784e-13
33508.2865 30773.0546 -1227.47848 -0.479308673 4.13084601 0.0913019964 2.31594569e-14
-10965.6034 -28618.8302 -843.874248 5.12971744 -0.850347356 0.782597574 3.91912588e-10
19535.251 26226.872 -1377.93968 -3.73406828 2.06412192 -0.682387744 3.93884749e-05
19434.7579 -11037.8573 1425.82942 2.38928974 4.72240008 0.487787139 2.28551993e-15
-17561.0773 -20857.6568 25.5839377 4.9955882 -2.08590414 -0.910343537 9.50643271e-12
-1967.96859 37843.2114 211.687323 -4.62836545 1.4820326 -1.10145212 3.50142847e-13
3178.59577 38423.1781 28.9664976 -4.43489124 0.602427411 -0.0321971252 2.03544013e-15
23286.5624 -42421.3958 -39.8629364 3.96931639 1.12859751 0.0128227066 9.32895365e-06
9923.09043 38910.3549 2.86750717 -4.44882092 0.478128555 -0.280267764 6.40691982e-09
-28637.0077 -15399.6366 1168.95722 2.40819847 -4.27904453 0.386961281 7.404654e-13
-14816.6034 -31867.9203 -1142.96974 2.37416984 -3.5634897 0.419481584 6.98953332e-10
-23132.8092 40378.0484 360.920074 -3.97510712 -1.50807484 -1.02121764 5.84507345e-15
25649.8229 -8061.24066 -1470.98003 2.12202062 4.83617516 0.7800538 3.23855295e-12
5167.29219 38032.7984 1263.41464 -3.78494708 -0.918925304 -0.169267563 2.34444738e-09
40732.0084 22940.6005 -776.900584 -2.34406716 2.66067118 0.676952053 4.00104525e-13
-1813.40667 -42627.6947 797.076236 3.68977417 0.95182641 0.819465364 2.45327072e-09
-5377.58715 39853.5348 979.394223 -3.37211784 -2.35217066 0.278665814 1.18782094e-09
-33004.6873 -24998.0866 583.816608 2.19238624 -2.44739167 -0.157343707 1.58499784e-14
-11366.4112 -32282.7677 1099.50666 4.87033568 0.080272591 -0.12529102 3.31133862e-12
-3196.72937 19677.2885 1394.39962 -5.41883287 3.95457604 -1.21375757 2.69289403e-13
5489.95023 -22630.9395 825.78063 5.64948034 0.189068069 1.53728043 8.95913223e-10
5145.52171 -28442.4878 1277.181 4.06975919 1.0489704 1.70580708 3.75055626e-15
-18442.9884 11298.7961 -1171.48876 -3.09078354 -3.33373781 0.14259707 4.92988955e-07
15048.4849 -15578.7127 -1487.71664 5.21047928 2.85962466 -1.17804407 6.4682477e-11
-39527.6067 13859.5141 1065.21683 -2.19806134 -3.19900275 -1.46330871 2.46994734e-11
-25968.2934 16132.2474 370.829697 -1.96433114 -5.09319128 0.414502922 5.16320169e-10
-12857.4902 -23724.1633 116.153055 4.08812463 -4.11632606 0.451758608 2.19328461e-13
-14471.3399 24030.0937 -10.3516885 -2.59326331 -3.93276436 -0.851024413 1.20052263e-09
-15929.0383 -37177.7108 1112.87984 4.40913494 -1.84178091 0.199360598 1.41402784e-11
-17966.6791 1462.95111 1257.03782 -1.41964091 -6.59300421 -1.43328374 0.000967419154
11965.6607 -29186.599 -737.124626 2.97860803 2.65442745 -1.34651704 1.29815927e-15
-24857.2988 30160.2197 1103.5766 -2.46304131 -2.49572314 -1.39332654 2.44753338e-13
-22189.8735 -30622.2993 1381.10786 2.81123427 -3.11918653 -0.55591085 6.1315276e-13
-32360.1675 -21350.8159 -1455.89874 1.95534653 -3.48355248 0.587418768 4.88957985e-14
-624.468641 47013.624 -1066.54795 -3.97491827 -0.796753679 0.825291587 2.14775663e-12
-13176.0445 25318.5185 465.468642 -3.4464236 -4.28647935 -0.0339203786 1.69367101e-05
19391.6177 18813.6584 -848.985819 -4.18677418 2.42004349 -1.01651961 5.29487009e-10
4701.62364 -4390.88421 -57.8093175 4.53858194 10.4873525 1.3183137 2.1260249e-08
-2531.93039 -13878.7568 -478.755584 5.75916564 -4.98006097 2.3998456 3.6349079e-06
-16333.0506 25085.6098 400.910344 -2.10009466 -4.36515212 -0.11107289 3.75549788e-06
-6276.70964 22426.3132 -902.019866 -7.14688153 1.72994235 1.6096353 3.85343255e-09
7527.31756 40374.4108 928.356337 -3.60541769 1.60276205 0.247085899 6.99638411e-13
45387.9934 -8505.90377 -83.3647775 -1.17837881 4.80377423 0.0601368223 0.000172993081
30908.6683 -36468.8526 1429.89229 1.52752124 3.14765154 0.343050128 1.55912054e-11
-30450.7921 -13077.8401 -748.86529 0.472753224 -4.90422397 -1.04815769 1.54347732e-15
-15147.0915 38999.7356 -664.693218 -4.72391054 -0.823270168 -0.345639834 3.4106801e-10
10467.7892 -35469.7139 -822.504635 3.7529744 1.09865449 -0.52026785 2.95069065e-15
9260.40483 -7173.52468 569.385138 4.02042477 5.5251397 0.23233081 3.7743527e-09
-26733.5637 22653.2579 617.323237 -3.48304693 -3.53599109 0.274518669 9.88521167e-11
-38667.4305 20734.8078 188.229798 -4.07848239 -2.78246522 -0.113695394 2.24073485e-10
32958.3945 -15983.3164 -287.529686 0.603327034 4.98782811 -0.466465008 1.98229031e-12
-8249.29793 709.326879 -45.6695055 1.6605687 -9.451304 0.243294564 1.08183955e-10
11437.1375 -3053.75375 1012.65362 3.18155358 6.12609641 0.227754786 7.5679966e-10
14411.8199 -38634.5278 998.498226 2.36487988 3.38856866 -0.225796574 5.44670184e-08
24123.197 -28974.7654 -1187.18958 2.72291132 2.03068276 0.745524018 6.44953697e-10
14626.9011 -38022.9251 -837.047844 4.71084845 -0.0983849147 -0.0274550573 2.18921808e-14
-10656.3057 -29751.8221 1193.15952 4.58844859 -3.20889629 0.61521038 2.6282186e-09
35302.9413 13397.5286 -1353.40571 -2.0403711 4.29303926 0.0360918331 6.22681157e-15
-35579.4375 -25794.4113 115.794336 0.878754399 -3.38868486 0.444251606 0.000651654714
49614.1484 3774.73984 -1181.03028 -1.08616185 4.27651583 0.0540791453 4.92385065e-12
26267.0188 30613.571 -1004.26231 -1.97043403 5.1475271 -0.0935634429 6.7679035e-12
47976.1865 9982.88133 717.347789 -0.741173229 3.88241544 -0.395488594 1.00476348e-12
16560.0053 -43804.9706 435.555978 3.59990324 0.0531393577 0.197460726 1.48732017e-11
-18285.5675 21221.9108 -1074.63787 -2.53082028 -3.47274879 0.752942715 8.62224808e-12
31862.7059 1929.97867 -965.294043 -2.26308964 5.03270516 -0.555285895 1.55281275e-07
-11876.7842 -45578.0603 -1162.62243 3.03318108 -0.516478476 0.501193361 6.95073202e-13
-9640.53727 34465.4655 -1049.3024 -5.65164558 1.43900983 0.355284127 2.53593703e-09
28018.0936 -32725.4725 -1201.30528 2.37297144 4.26218933 -0.54204468 3.11799049e-07
-15912.0927 -291.525316 -634.621537 0.416113164 -6.22318907 -0.619099055 1.57354956e-06
25318.1544 19859.6978 679.528495 -2.46351049 3.81992803 0.072624945 4.78631941e-14
-42547.7291 16323.3972 856.854243 -2.11988137 -3.87987265 -0.788827881 1.66230529e-11
-38921.6181 25287.9017 727.789919 -2.19975429 -3.30371566 0.300532993 1.11159413e-13
-43191.5713 -4213.41062 -1446.77783 1.53059444 -3.56274961 0.549295906 0.000103866006
-42221.7936 21520.1641 1080.48131 -0.690193413 -3.86305406 0.0247551928 7.34314121e-11
-4077.34147 -45381.2395 1344.54656 4.15403432 -1.22089901 1.06093918 0.000274789036
-9143.31769 31932.6982 1276.0479 -3.74869203 -0.579024297 -0.568475529 1.02073762e-09
25391.2574 -17436.2058 356.573876 3.7411551 2.16908197 0.337313876 3.48515131e-10
677.247448 -24772.2449 114.019327 4.64450643 3.45670686 -0.808210954 1.1852743e-15
7363.74293 -8954.36743 129.059313 4.95204929 3.8455492 -1.9020016 1.80398498e-13
-34713.7958 -18280.1017 898.496639 2.60448253 -3.28032308 -0.209048088 5.76713968e-12
6153.72809 -22365.1149 -1012.16953 5.0822735 -1.53782011 -0.453833707 2.89819111e-13
-24400.356 28443.6273 -107.460124 -3.37344633 -1.79738893 0.422029848 7.7567744e-14
3684.51436 -4838.76784 20.1208425 7.31690965 7.01298616 -0.874569152 1.53107166e-12
-9392.43194 -46940.3446 -244.353354 3.23847971 -0.195370334 0.628076795 5.83907607e-11
-21442.4831 32634.9621 -1021.63831 -2.80328894 -1.95529229 1.39349078 1.65850194e-09
6278.05486 13255.735 1333.13965 -6.22673991 3.44613028 -1.29269079 8.89492198e-13
19644.1738 1445.97371 3.40765979 0.993460285 6.62163066 0.308519262 1.99515173e-10
-10260.3237 34078.5503 1165.20654 -4.25553271 -0.541366359 0.371346621 1.67338248e-13
-13075.8811 -35127.6339 -402.476374 4.42464201 -0.940540912 -0.817688034 3.22955121e-13
933.209702 -30047.7999 -693.504978 5.36366764 -0.629929171 0.897714214 1.51237517e-15
-10775.3572 17389.3484 -145.947987 -4.02020821 -3.52195924 0.192854532 2.40096542e-12
-35970.9107 -17890.1603 1025.52608 0.416789092 -4.11161197 -1.12673421 6.02066429e-13
-19389.8319 -9512.26275 -599.931743 4.11514882 -5.17752942 0.784570333 6.94186336e-09
8842.13602 -19379.6055 963.278636 5.54885901 1.29223911 -0.860959619 7.78024994e-08
11995.2019 36363.332 -1197.22335 -4.4365566 1.80163628 -0.317931156 2.8412512e-12
-4114.01923 -32478.8151 1043.32659 5.16555943 -0.365280844 0.710925368 2.42445301e-15
-41231.0313 -5731.85716 -763.046405 0.620536972 -4.53961522 0.822317097 3.26242227e-14
17658.2773 -2341.17046 -1291.40789 0.532646529 6.09348459 -0.664017084 3.46206088e-12
27565.5694 -23239.8572 -571.144033 4.45163805 2.29291018 0.671043167 5.62334101e-11
41683.6951 11928.4239 1068.91091 -0.666015354 4.46250415 0.44676987 1.26541545e-14
5089.09615 -18931.7739 -834.496724 3.96873562 5.93082341 -1.27807848 0.000109444604
31602.4317 37418.204 -814.562926 -3.34874553 1.58109302 0.581775372 1.95786149e-11
-35160.0311 -19658.9863 145.122231 0.777529975 -3.82454467 0.538934666 3.4042937e-09
36066.1725 943.857251 -1348.75884 1.30645081 4.7408335 0.198593593 5.71142191e-11
3588.77508 13384.9531 -1087.63477 -6.32818188 5.17466325 2.95281019 2.84072334e-09
-44713.3184 5398.65292 -927.843942 -0.73120059 -3.37610132 0.0999994254 6.64112215e-09
18241.4714 -21312.3352 -924.472531 2.95670148 3.37692145 -0.441325653 1.86771821e-15
-15809.1151 46358.4613 938.904343 -3.01222838 -0.520533799 -0.16600761 3.1228472e-12
17541.5384 -5074.07451 -1383.21775 -0.119816 7.4424556 0.566100682 1.08370615e-15
5422.49713 22386.4474 -818.718179 -4.15158442 3.05640374 0.790547175 1.45859796e-10
17902.6616 34715.35 -797.792043 -3.98153681 2.99699938 0.892385138 2.13357166e-10
-18884.6637 7928.09894 -764.475623 -3.21322314 -4.17386552 -0.365408559 7.76805871e-13
-30296.8659 -2853.76514 -703.253246 0.50494347 -5.37475955 0.273002302 0.573396639
22060.1962 -37093.3497 31.8838618 3.90391521 2.06632446 -0.676310907 1.01705582e-10
2028.53591 11506.5179 -274.865725 -7.23908316 1.83994603 -0.261845947 3.23374595e-10
-47074.2475 -7733.16125 -1426.98266 2.22104451 -3.06517095 0.219919097 4.22057781e-14
29434.3699 -18780.5349 1157.73921 1.01229146 3.58953105 0.683180739 2.22376088e-15
40887.7628 -3138.88001 617.3312 1.34852552 3.34625066 -0.323682916 1.9405556e-13
47445.5422 4361.20618 552.106803 1.20545664 3.46671581 -1.10549786 1.87227366e-10
25186.2279 21543.7933 46.1568259 -4.24273711 3.07087261 0.478829934 5.45811506e-13
-17224.6303 -34070.914 788.00798 4.45757941 -0.99440788 0.361514916 1.46487854e-14
-26149.3623 -18202.5826 -1030.10822 2.58096756 -3.0164722 -1.3622756 0.000917645724
16582.6638 -16456.9771 203.135265 5.26713745 2.6557742 -1.42074993 3.93588459e-12
-9137.57189 -14707.5844 -117.375758 7.39418073 -2.17376803 1.32173065 1.52928505e-12
25218.7135 -22378.9014 851.180761 3.54947894 3.79119065 -0.611439803 0.000110709921
28429.8289 -3721.4912 -1239.39338 -0.222218799 5.51963431 -0.12538666 4.62904682e-14
-370.646271 46389.0398 300.25993 -3.99752434 -0.704533734 -0.00936289374 1.44899467e-12
-3483.01936 37731.2841 -939.306165 -3.67229414 1.69891709 -1.06090356 2.37425403e-05
23982.0563 -1466.56025 -1058.49877 -1.0769409 5.07000721 -0.611418386 4.77499657e-05
-4028.83299 46736.199 583.674657 -3.78788532 -0.960498378 -0.398046793 3.3780826e-11
5770.10264 -12926.8615 -965.906764 6.31688062 2.92079422 -0.352674064 6.16408424e-08
-30888.0639 -33395.5519 -1492.58339 4.24509917 -0.425252719 0.35649738 9.3434068e-13
33964.1852 -7080.84202 224.388562 -0.613307996 4.29837549 -0.256306334 0.643918604
-18932.4638 -34130.4865 406.368914 4.03837774 -0.438311602 -0.0115017069 1.54764929e-12
10608.1897 32414.9739 -819.82091 -3.84789758 3.85975997 -0.0185684988 1.99471615e-05
8059.88391 3143.82427 504.475593 -0.692216219 9.72042665 1.53355375 5.90443564e-13
47951.9118 10018.8842 1403.87344 -1.43287416 3.38046666 0.42472202 2.30225716e-08
35131.4254 -31153.7724 446.685685 2.78371816 2.79402047 -0.267927287 1.94734417e-08
9773.30776 -3617.96477 -489.798931 7.01092173 7.15990327 1.76122065 1.95411794e-15
17341.7498 -21688.9696 -869.872568 2.27805031 3.8158476 -0.576621319 2.28564144e-13
-12064.1532 8256.97946 509.809488 -2.24631386 -6.58308297 -0.416376296 1.29039311e-15
-40188.9471 -3870.29808 1296.16261 1.60468628 -4.6675445 0.197888927 6.75819552e-09
488.935792 -14387.6168 -822.003725 6.61623104 0.776957233 -0.187215004 7.95919516e-15
-20071.0783 -22987.5075 -1035.16572 4.16690963 -1.63203802 -0.533332405 3.58677696e-09
-5092.35838 -14496.3641 -4.7368188 5.99206896 1.07407706 -0.351917859 5.44857793e-12
20843.8346 28739.0319 101.478693 -2.37885562 2.7864376 0.983948894 5.65002778e-13
12473.199 -33433.0214 -676.056224 3.87704012 -0.292639738 0.0432714899 6.11061545e-15
9172.76032 -29136.4508 44.6083978 3.60937766 2.93314106 1.36814607 0.000110143865
10852.5434 17886.1657 -1349.26145 -3.07532131 5.05882559 0.493895462 9.19734077e-11
20630.3175 -14134.5081 -1385.3529 5.97415967 3.36011667 -1.57475061 5.38710328e-15
-13851.0537 -21156.9163 -579.162708 5.22063294 -2.27398808 1.47414012 7.08537823e-15
9317.57354 47951.4098 1301.63712 -3.40114637 0.655658484 -0.0224874083 1.66038279e-15
15235.5277 -11590.3124 -916.908637 5.48439662 4.06254673 -0.863425078 9.50115825e-11
2466.63378 24517.4366 -316.644128 -5.23528915 -0.50601593 -0.747811939 4.61744325e-06
25779.0297 -1075.54827 146.679374 -0.209458525 5.53058848 0.122009964 9.89487012e-15
-19361.9001 -12175.4061 404.79076 1.78229154 -5.5430062 0.322624543 3.3891161e-11
45827.1091 9157.95436 -726.774574 1.93421403 3.80377994 0.209530651 1.0568185e-14
-38525.0284 18646.4595 -1485.67898 -1.86894771 -4.23465118 0.372750649 3.22255545e-07
-19948.7578 -23070.0143 1064.23562 3.26940617 -4.11882099 0.569062342 2.51656827e-13
18848.6619 44217.2117 406.226321 -3.97117124 0.616210634 0.272165634 2.74188903e-05
25198.0309 -23184.3016 -290.7219 2.30358983 2.92657533 0.200646288 3.27938447e-10
-25262.6964 -2285.16172 -901.372644 -0.698408487 -5.96385081 -1.09173166 1.28737449e-09
-6660.23768 -17166.6496 -1217.76961 4.84104872 -2.30669812 0.304855135 3.39932481e-10
26852.3987 27591.8141 -763.401188 -1.31318157 5.51420352 -0.374077345 2.31536288e-09
30781.0644 -21128.502 793.177569 1.73078151 4.65345221 -0.70323011 1.10200566e-13
46556.2245 2537.67595 -317.230717 -0.0934719253 3.25712337 -0.300547387 1.69795624e-11
32542.2375 -17013.6699 980.431237 0.808717752 5.25810465 -0.567125985 8.91248097e-13
-9471.5425 3816.18059 1232.26021 -4.17273695 -8.1156098 0.0195693009 4.8595973e-14
-10882.202 2046.31545 63.4056569 -3.07560297 -8.83418537 -1.0574306 5.21111847e-10
35996.9858 6809.76529 -1202.40188 -0.00798015321 4.99685068 -0.222022295 4.79683585e-10
31360.5745 -7980.84508 -385.966426 -0.570505112 4.92576879 0.00803808782 8.3084259e-14
37232.2683 8134.06441 1281.34539 -1.01459552 4.34221531 0.817931796 1.39554865e-10
-27222.5536 11161.3109 -688.761749 -2.14904941 -3.51411844 0.775894659 4.83072811e-06
37804.9589 -12595.1551 297.08686 2.58249591 2.95998615 -0.776563007 9.21997483e-09
-8163.68942 -17.7251945 -1.6882075 -1.11905945 -10.0782729 2.52071317 9.11453556e-11
7507.53643 22379.7053 152.115026 -4.0992056 4.48973399 -0.306821443 2.26445883e-11
12843.8722 30548.1249 438.373979 -4.35508792 -0.381223155 -0.0359733537 2.83840981e-11
-11201.8812 1242.18641 -937.177164 3.7896492 -9.21670799 0.0622350358 5.42079718e-10
32214.8148 -34110.6675 1388.75062 1.48941114 4.47218503 -0.939590651 6.98207844e-05
-41763.9346 720.081018 -678.703148 -0.674925063 -3.67004719 0.520225514 2.77336121e-12
-29589.9976 -7635.84765 -1433.59451 0.832576037 -5.00504792 0.355097643 1.18192742e-13
-29390.0929 -34402.9852 -650.451833 3.59409678 -2.16196818 -1.17663887 1.74921902e-05
-19012.8306 -9190.86253 150.783838 2.546175 -5.3294946 0.917254494 5.29444642e-11
-659.647692 -29734.2479 -1270.31015 4.43574635 -2.46788572 0.930669223 3.05598249e-10
-1272.44929 -34732.4476 -799.928788 4.78113529 -0.642392847 -0.501498953 1.99180398e-11
37942.9991 -25680.5758 1206.2481 1.94011328 2.65708064 0.0951771038 1.81864323e-09
-27135.1258 14807.0662 173.91721 -0.237154357 -4.67533042 0.744530594 3.64140494e-12
-22341.9854 -40809.6803 -272.848713 3.66521107 -0.516516321 0.476054152 1.06094546e-11
-310.086989 45303.3612 -830.07367 -3.18345556 -1.4973742 0.472363402 1.58865245e-14
22747.4238 -13950.4272 -700.661732 1.51611722 4.69208801 0.219355418 1.11565814e-11
10217.5142 -25967.6467 1391.30864 5.7292744 -0.733012254 -0.144232545 4.24244709e-10
9283.51829 31235.5059 952.247061 -3.58045416 1.6823871 0.951008086 5.68359275e-09
-36588.5461 582.400538 922.123277 -1.44113594 -3.60870208 -0.796179173 1.58327784e-11
31989.0153 2348.86682 -1072.33502 0.363089765 4.03794575 -0.0484621211 2.05575335e-11
-2872.29696 40955.8237 -352.470077 -3.17140684 -1.05999149 0.788919634 3.71039424e-09
-27415.2172 -17562.9679 -327.441033 5.10994942 -1.63992963 1.19261864 0.000426913524
22859.4564 2045.49311 997.501507 1.06305762 4.44875116 -0.275220984 9.6871629e-15
22780.8136 9195.53675 754.901649 -2.03496598 4.69921162 0.190373647 5.87767737e-14
23694.6558 6430.35521 1458.96928 -1.78528113 5.59722404 -0.787079924 6.69959142e-09
-4716.04207 32291.5585 624.739984 -4.50231703 -2.19700611 0.248014109 4.51625967e-12
5273.04767 -39575.2397 996.790343 4.24011451 2.13042016 0.382025385 1.17057015e-14
-10956.3526 24000.3196 11.3627955 -5.57706907 -1.44580644 0.238199849 8.945789e-06
20903.527 -44974.7888 -1086.1741 3.16022541 0.401188497 -0.658297698 2.41160723e-09
-2927.2702 -14012.0416 -348.381331 7.67162083 -2.5736576 0.762487685 4.60407052
-24930.0854 -27095.7845 352.03082 2.51608807 -2.64142171 -0.375657916 2.34368124e-09
3404.69424 30900.2993 735.672069 -3.65455175 1.94826575 -0.712807008 4.04754717e-12
49791.7015 -2132.26479 93.9109735 -0.253175992 3.71037654 0.655297402 6.94809482e-08
-23989.5194 -25810.2624 208.009523 2.86450857 -3.47669791 0.196258292 7.55256576e-14
-2273.37034 7360.41386 98.8423905 -10.1291963 -3.37617715 -0.00405827328 1.52001461e-12
-3239.82081 47191.9327 558.583568 -4.21795552 -0.781436879 -0.343829899 1.26414153e-14
-9128.56812 -32334.8036 -115.997556 4.02054325 -1.98311741 0.0017011741 7.98649931e-06
19797.7422 35541.1245 169.001405 -3.68928952 2.99191655 0.80531318 2.16836534e-14
-30296.3177 -1575.57275 -1429.38597 1.21362338 -4.69892208 -0.210626555 1.104964e-09
5296.19217 3789.73246 -666.20833 -1.15882097 12.096819 -0.974542274 1.80338117e-13
-27719.4514 -21674.9528 -186.402357 0.0688052834 -4.50313771 -0.310327333 1.08435933e-07
6644.34495 8951.08565 603.642518 -4.51759858 9.38597381 -0.428014898 1.15824665e-10
-14347.3808 -6698.16548 -137.820336 2.28023356 -7.02975605 -0.380803444 7.35471414e-10
36000.7975 -27129.0109 61.5189228 2.08272232 3.64701039 -1.2574375 2.63419002e-09
-17883.4757 -39104.1179 528.795201 4.31152223 1.41198811 -0.303273944 7.15614596e-13
-42752.482 -14204.8244 -1049.89177 1.57419891 -2.77762911 0.47343326 1.54442912e-05
-4822.05986 2596.90572 -978.505849 -5.24838564 -9.2768665 0.434474566 4.3587893e-15
30285.8592 38879.5464 135.911817 -3.33333436 1.37096836 0.290843799 8.37691775e-15
7423.64515 23790.1133 -308.685125 -3.79761139 3.54705119 0.19332408 4.62524548e-14
37389.1122 -14791.8142 -539.225458 0.611000402 3.53839201 1.33554252 1.2899961e-14
363.617352 792.2515 830.344757 -23.9758774 10.7553964 1.73095256 1.66302867e-11
-10291.6614 -17995.3084 -1376.56425 5.15810325 -4.33450367 -0.860422414 3.67432624e-13
-32757.4669 -14620.5343 -82.807946 1.58321841 -4.85806678 0.91186887 4.38078991e-14
29376.4262 7713.03217 -434.122929 -2.25714789 4.56672398 -0.355233305 1.43524659e-14
10986.4288 -20068.3956 691.115924 4.84406404 2.28038435 -1.7559366 4.89766248e-15
-28479.8 -27665.3425 526.672644 3.54167388 -1.54352034 -0.388108565 4.1106327e-09
-42936.7972 2580.94651 -813.604843 0.402919346 -3.68181403 -0.245441143 0.000201465766
8734.37046 -23905.2772 140.834592 4.82448724 -0.234791304 -0.848309986 5.72122237e-09
-19039.4546 19121.7949 1181.2717 -3.5371621 -2.53000847 -0.350835636 7.3849081e-09
-9824.08576 -4772.87734 -193.762944 1.49719609 -8.65929398 0.256077575 3.01817292e-09
-5519.13658 48906.0204 843.967502 -3.63456958 1.52056205 -0.866385869 2.35410074e-15
25316.1066 23939.3432 -520.628064 -2.25653105 3.35757553 -0.242344662 3.49700641e-14
-5452.34545 -37777.0538 -794.267792 3.36653617 -3.74472302 -0.902279237 3.96315106e-11
31520.6639 12896.4836 1377.12468 -1.52350861 4.51020701 -0.103090819 1.06123518e-12
-3265.48798 40892.0042 -124.389051 -3.98646436 -1.1637169 0.334592243 8.37117272e-10
-25453.0143 42451.5571 -1035.01665 -4.00907718 -1.32565327 -0.35226355 9.03988442e-09
25693.2652 -3687.47358 1178.38735 1.30265805 4.70919776 0.697851757 1.06207358e-10
-31360.9332 -27399.8123 458.705151 1.51415081 -3.3794417 0.633579799 1.36187768e-11
20204.7272 32041.8054 -494.577023 -3.66165256 1.60245898 -0.465114843 1.69956727e-09
6243.19474 -44796.6443 773.296134 2.77014436 2.58894593 -0.36088465 1.54291403e-12
15266.1848 6535.41615 464.607105 -4.08173809 5.2947019 1.54873713 1.15792508e-09
-20319.6508 40806.2649 -397.041649 -2.96719862 -1.33052048 0.538811406 7.10567912e-12
16671.7423 37584.1422 1316.15813 -3.98298093 -0.3934343 0.204708162 4.25789674e-13
37907.6325 23839.2919 -370.284198 -3.59916515 3.0481847 0.327030662 1.5768622e-14
4838.82008 40558.3426 -1206.67491 -4.48203941 1.91908267 0.811650209 1.03508233e-14
14699.9988 -27707.2276 722.162423 4.38093707 1.07026061 0.772938612 8.50726758e-15
4352.25565 -23374.948 -1163.50714 6.22323168 -0.194866405 0.703756301 5.96488859e-14
6114.33148 39603.5655 1000.63762 -4.1900855 -0.267284654 0.526089925 6.55372593e-13
-19699.3078 -30296.639 559.734243 3.69741129 -3.53016834 0.330224724 5.48418449e-11
43723.2428 8539.71814 -850.426349 -2.22481571 4.30142911 0.453615152 8.25928577e-08
37064.5422 22210.6041 523.723221 -1.22409485 3.41784405 -0.646237605 2.69521422e-13
18293.9609 24551.476 -343.803326 -4.58211522 3.08182864 -0.917341274 3.72960761e-09
-30790.7712 -28025.4905 599.110915 3.68432598 -2.03110967 0.122730014 8.29470238e-13
17896.1757 25775.4054 -1184.38362 -3.16195156 2.59314532 0.327801966 1.63269459e-11
-9045.85192 -12290.5009 -704.647814 7.02062573 -3.75244375 1.04502061 9.36735418e-14
-39759.4312 20119.9523 -226.639858 -1.77909113 -3.70169271 0.529543294 4.76394166e-11
8451.30399 -31811.8312 -1257.5209 3.4872849 1.23079891 -0.238787161 5.74964596e-05
45064.5678 1288.06074 -156.314589 -1.08843786 3.51467372 0.640774767 1.8319541e-07
-18812.0296 -32927.6675 9.68828009 2.79937715 -1.95819128 0.557531182 5.64108274e-09
-37962.5313 29139.7975 1034.83566 -2.91961568 -2.22045527 -0.410370297 3.96624597e-10
17738.1558 -1920.82492 -434.666469 -0.0332202715 7.11402842 -1.38016698 4.02824048e-07
26289.1956 22255.2477 -191.183011 -2.5399533 4.42594682 0.0636532039 3.09841694e-15
-121.435524 -33764.7878 -567.95216 4.05272328 0.518948635 0.441901814 1.34690412e-09
43149.6855 -18120.1829 30.252338 0.993348057 3.75726902 0.354902307 1.47575121e-14
15791.9255 -30213.4433 -819.845877 4.58381656 2.08390963 -1.85510219 4.57878891e-15
-29743.5439 28535.4284 -1127.42917 -2.45299274 -3.90666631 -0.0774236319 1.17425446e-13
-4663.54113 23702.7283 1389.33449 -4.32401027 -2.30687855 -0.242713445 2.94109869e-09
11556.4014 1323.93544 -411.071689 -3.00261423 8.02807542 -1.54690973 1.04586369e-12
-42066.928 -20741.7054 873.214807 2.11698533 -2.35556117 0.572493071 7.15290972e-14
23429.7756 34656.7554 -361.605468 -3.51208679 3.04802855 0.37830832 7.05953522e-08
30828.6631 -518.779865 -209.626957 -0.118813218 4.88804619 1.04403008 9.17670631e-06
42283.5148 24397.3375 -519.162838 -2.20136632 3.19783682 -0.345430635 4.25715254e-15
-21535.7585 4559.71624 1382.06968 -3.09998393 -4.32940897 0.695624831 7.04226955e-13
-45082.2539 13664.69 953.338352 -1.43630901 -2.92171349 -0.283686724 8.61256643e-11
24410.474 21408.6616 -556.42705 -2.78772724 3.50083895 0.214756549 1.9184413e-11
-17640.4536 -32050.5831 -1359.55922 4.03528591 -2.60017247 -0.453325406 5.15668548e-11
14539.599 -35663.9839 307.83902 4.49730962 0.560901584 0.352826512 2.76643569e-11
27352.8097 -13873.7293 547.799678 3.77317645 4.0978958 -0.278549011 4.15583828e-11
925.377886 -4435.16841 923.164618 13.7616239 4.36508681 -0.68608172 9.04178572e-10
24262.317 -28523.9806 36.5026085 2.80763521 1.99507063 -0.798080471 1.89163509e-11
-20006.9553 -25958.256 325.895381 3.28851901 -4.41286167 0.607557739 7.71870344e-13
45091.4871 8375.885 183.062054 1.03869167 4.06477503 0.50130407 1.2833914e-09
-44599.4581 9145.65507 758.302395 -1.00757997 -3.11994219 0.54569411 3.55014054e-15
13209.2712 -19721.7745 -1079.08396 4.82277713 0.92671995 -1.86605637 1.82103967e-11
25402.0281 -3405.17797 -305.223674 1.60181753 5.92044877 -0.197571267 1.45042923e-11
-43811.9236 2943.17535 1207.38271 -1.2041008 -3.0561036 0.0492913635 9.11927462e-07
36464.8082 32.0158005 -75.0714219 2.54881502 4.16683805 -0.473130542 7.87862986e-14
22857.8422 -14763.2949 1102.07605 1.39034007 5.22261588 -0.00266225216 4.05219594e-10
-40007.0171 -22593.3885 1464.52644 1.75217467 -2.64443962 1.07845278 1.18826261e-12
35130.1445 -1237.98317 250.585591 2.81631514 4.66257393 -0.193664266 1.72331185e-08
18839.316 31988.6723 1469.79901 -4.19207809 -0.153084644 0.360323487 3.60531678e-13
8084.00608 -25371.2869 1117.1292 5.97270043 0.87672075 0.975181392 0.000135575331
12344.1996 17542.444 1396.15373 -4.10484807 3.36875969 -0.992260752 2.70723526e-15
-1812.79245 22891.9925 -966.147902 -6.10190052 -2.02282288 -0.108400913 1.42453838e-12
-14978.2856 -27427.2451 1186.10046 3.80352391 -2.24334078 -0.369340348 1.18936921e-07
-3733.86697 -36244.4659 578.837411 3.8726071 -0.213709769 -0.25167721 3.51655533e-12
45912.8319 4761.29991 368.119944 -1.61499657 4.32668911 -0.433974936 4.06585082e-13
-10363.0095 -11455.5413 661.783261 2.87127424 -4.88013724 0.208159822 7.47917648e-15
-1502.06716 42201.5484 -1287.25571 -4.35990211 -0.187272897 -0.0816433009 2.65546108e-13
16192.7401 -5200.52793 -1077.45637 3.30001045 5.86185617 -0.166786262 3.34044121e-13
5681.87272 14561.0452 -382.527389 -7.19889783 -1.25264355 -0.713325679 2.30589457e-09
-18148.2088 42516.6617 536.60079 -2.6652096 -3.76967768 0.153603017 1.29343941e-11
20037.8707 12802.9501 331.543319 -2.43853419 5.32990471 0.293764566 6.79701657e-10
3203.56165 36702.4691 -1311.59206 -4.47590037 1.1317586 0.949218277 6.25028054e-11
-2086.17456 -28508.5528 1205.94943 4.14988002 -0.750981088 -0.225390888 2.92594911e-15
26741.1624 5279.90423 -145.993475 0.749558767 5.30331813 -0.576731772 1.24876303e-15
-22315.0163 5303.26674 -300.667753 -0.927406636 -4.86291092 -0.611308087 4.02342555e-11
-25413.9301 -5506.86583 350.243316 -3.6480347 -4.99243781 0.546857441 9.40521652e-13
-12630.2847 40135.5079 -738.636224 -4.1106585 -0.663656502 -1.10893867 7.10014691e-12
32567.2846 -24780.1209 734.237683 2.77123668 3.15511079 -0.563059806 1.16269054e-14
25639.9571 10459.3114 -1378.53968 -2.66725342 4.76490231 0.553087233 1.02663482e-12
22411.355 -9599.33534 53.0530525 0.440549567 5.58290004 -0.075400613 8.93211717e-14
6817.81091 26629.5346 316.060401 -4.85340235 2.84768344 -0.952516898 3.07006189e-10
-17768.4122 20062.3772 1009.54431 -1.80694405 -4.77209144 -0.986340302 4.06753647e-13
-1158.86391 -41655.9158 406.36467 3.93506447 0.370227006 0.0179834268 1.8331219e-10
9313.68745 15083.9555 1047.26982 -5.81313708 2.73778778 0.0698960216 2.82103374e-05
-15164.9384 -9964.98368 -7.75719025 2.93563128 -5.53300313 -1.57700431 5.31253383e-09
20300.9663 29045.2002 -254.103769 -2.46723006 4.0857742 0.553062472 4.05040681e-15
-5602.55008 4950.18915 -30.7836961 -3.4771668 -7.47258459 1.32296008 1.00768402e-09
-38164.4257 20090.4702 507.724604 -4.58660623 -2.62095673 0.121999028 5.54234557e-10
8724.37045 -10823.2196 33.2625863 5.92946962 5.91724119 0.308398823 3.70650462e-11
22137.2775 -14909.1529 -107.013819 2.63041147 5.33798833 0.275205947 2.43148535e-14
47152.8423 253.872616 -1180.66798 1.72590851 3.80940354 0.260856538 1.76937933e-13
11082.6849 8509.06058 839.617693 -5.23487181 4.00702041 0.476518302 4.18531161e-10
2528.03907 -26738.4638 -191.893821 5.74944841 0.841266789 -0.909051437 3.92205037e-15
9493.5093 14660.03 -477.180476 -3.11278076 5.43234688 0.419678271 4.91526188e-11
-45303.4723 508.408777 -85.872825 0.941108516 -4.21567135 -1.12644299 2.33113641e-12
-20886.3292 32963.3113 372.809227 -3.47739994 -1.85792677 -0.340122502 4.90437585e-13
-48212.2916 -9981.47223 1328.38924 -0.0835915607 -3.1450707 0.235677233 6.42893359e-09
-40968.1292 392.871818 -914.277514 0.343160737 -3.97443051 -0.211934231 1.3362665e-07
-43647.2205 -12226.226 -244.187102 1.73784937 -4.14978736 0.520855505 6.84885379e-09
9261.87466 -6963.78559 2.06157676 2.35624776 7.49061927 -0.701339904 9.58653736e-13
-44265.1316 -15589.1739 -914.425473 1.63079746 -3.43207892 0.30156412 9.40586747e-14
11953.0894 -18012.5006 -264.685913 3.65480566 2.57965507 0.52940094 9.4956595e-12
19625.0066 33798.5942 -1179.1301 -2.9997269 1.57266877 -0.358801746 4.32875704e-09
-13809.0665 18718.062 -731.605929 -2.57145255 -4.13942577 0.344315807 1.64840084e-11
34025.9906 18201.9505 -1384.90323 -1.92647507 3.80144183 -0.421049335 7.55829026e-13
2893.82735 24856.1383 943.08994 -4.37193053 -0.272849202 -0.963964669 9.35625424e-15
4286.47229 20901.0432 311.325554 -6.08681807 2.89035931 0.599801253 8.27129404e-06
19522.3656 -44039.1251 -340.398393 2.71969612 2.71527774 0.653945175 4.45902945e-11
12067.9747 6427.23988 1153.90103 -3.15673853 5.68213006 -0.374437974 1.30469366e-14
24875.1751 28374.821 -772.162076 -2.84131121 2.95166571 0.107237312 2.21692696e-10
27743.6821 27268.1827 -398.160713 -2.93199192 3.10933195 0.0546720105 2.34197008e-15
38712.6924 -17836.0378 641.326488 2.38999557 3.05040949 -0.0498874948 1.41120038e-10
-25392.1715 5897.01699 -297.263686 -2.44454569 -4.23984357 -0.386326904 8.20922136e-11
5125.32968 -21701.0833 638.254766 5.53656385 -1.32868677 1.2135709 1.33423653e-10
2834.80591 49074.3564 -206.672792 -3.99117598 0.360928439 0.00428032127 4.15074122e-06
27086.6041 28562.4695 1382.92003 -2.87288645 3.60065371 0.695241159 8.53095317e-11
31724.7697 32038.7041 951.517397 -3.74706124 1.63039188 1.80732393 1.34972877e-14
11306.6962 18516.6823 642.874475 -3.64922046 4.87971737 1.25310354 2.35763817e-14
11638.3828 12510.8865 1241.66764 -3.93100996 3.42425086 -0.841896313 5.23571964e-14
-26237.4652 -8460.96125 -1240.665 -2.58195784 -5.81793996 0.903648509 7.81165502e-08
-22333.9509 -7137.8344 281.273019 0.911789108 -4.20885294 -0.319835008 9.21138158e-09
-32397.205 -15136.9296 853.002074 1.7190437 -3.50617866 0.00147241698 5.61895931e-12
-25893.0954 -42110.9548 -170.627121 1.97744125 -3.63563319 -0.531210304 4.93631145e-06
-36468.8966 -6569.82275 1442.94873 0.293057909 -4.58679522 -0.118694261 5.24139052e-14
-36039.1424 17205.8072 -193.192824 -1.38504573 -4.28734043 -0.175043496 4.17713611e-13
39002.9431 27772.4605 -9.41299994 -2.61844113 2.32206955 -0.196028411 4.41773783e-15
-10153.1279 43123.7547 -1311.79956 -3.1613182 -1.32136809 0.258560008 7.69445738e-05
-928.291539 43378.8048 -462.791203 -4.16981825 1.07672917 -1.15252664 4.73313194e-13
11501.7854 7061.22976 987.558267 -5.1827487 5.47160133 1.3946843 1.46966535e-10
-2372.72816 37758.9918 -770.855982 -3.95579486 0.0872099195 0.447209737 1.48799167e-10
12498.0588 6572.64031 487.74489 -3.64197957 4.81840191 -0.367260216 1.02360983e-14
12388.4078 -17969.648 1084.45113 4.6949483 2.29126166 -1.17244314 9.77540025e-12
28682.4035 -7804.60672 -632.449683 0.243756638 4.56420536 0.000917602867 6.79450575e-15
-14644.5302 11683.3916 957.95093 -3.59762884 -4.58851138 -1.97120728 1.25701459e-12
45678.8168 -19201.3672 382.925177 0.642255157 3.55534693 0.0250154435 9.03013941e-11
1146.74596 19011.5911 253.973417 -6.2060724 0.61713514 -1.49808838 3.94097623e-15
8861.72797 -44571.0835 -536.700409 3.53958224 0.814782044 -0.00875782325 5.45225598e-10
-48506.2701 8062.7143 59.1014331 -0.883055215 -4.3079894 0.55234114 5.04658736e-10
9781.97374 -43505.1943 107.870516 3.18806002 0.584775082 0.460937067 4.24592318e-10
-27737.3415 -33529.3121 528.058357 3.33543197 -2.31920347 0.223807274 3.71117452e-13
15710.2719 1109.80273 -729.20817 -2.2835708 5.69288419 -0.138061059 9.33216437e-12
31098.3258 9871.51895 -1106.05916 -0.366933799 4.75284043 0.198180373 5.09461024e-10
-26463.9125 29852.1329 -606.91074 -4.69732869 -1.66373557 -0.0940545035 4.7216888e-11
-34644.7927 22946.9521 -1376.38958 -1.65617324 -4.42608491 0.464074202 7.80956992e-05
10377.8267 -10768.9693 745.815194 6.54452016 2.60058408 -0.131311099 6.49132327e-14
-16048.8743 10008.9532 -319.183568 -5.90625845 -3.40626188 1.24952514 7.01728587e-12
-27581.8348 -11920.3236 1067.43694 2.27363564 -4.28061535 0.429300312 0.100313088
465.711771 -1338.2695 580.340702 28.9074973 -3.84848569 0.646115485 9.0436754e-10
32713.8666 -24060.3476 -1414.91852 1.988534 4.34088086 0.677480841 1.95857599e-09
-17937.06 13141.9797 -1249.3709 -3.62298355 -5.23416656 1.06049577 4.79168482e-13
-1394.01751 3571.68844 -1189.45253 -11.0499197 -8.73467974 -1.5408853 5.02159195e-13
45418.8731 1209.35788 315.632063 -1.38415911 3.87133041 -0.4594739 5.20786519e-09
35797.1485 3936.79263 1134.75573 -0.650221735 4.81319881 0.187759257 3.085992e-09
1896.17471 -8202.00581 -1393.88824 9.13344628 4.48417439 -1.44381474 7.94149399e-13
-39446.4301 20161.2624 664.548858 -1.97013379 -2.7351066 -0.346477415 2.27397841e-08
-25937.2252 -38104.8706 1229.38536 3.92311583 -1.71312792 0.520831354 3.81147528e-10
-2579.24242 -17353.2724 -1459.67041 7.33997298 1.38174354 0.191482281 1.99372408e-09
-6814.08746 37969.2042 -438.896948 -3.713154 -0.487180047 0.28560198 1.4248831e-09
25414.697 2925.83927 -1330.64718 0.0511935101 5.29100757 -0.799988593 1.52284597e-14
-6750.95919 -20934.5253 -1409.89063 4.86209142 -3.29944636 0.877626175 0.000507475616
7824.90515 -7470.9404 227.681117 4.67483 6.95040525 2.66526345 2.31297484e-14
34226.166 -34910.4018 51.7637033 1.33035754 4.16082862 0.825329437 2.0350199e-09
-24089.8361 -26148.1849 1144.52108 3.84128711 -1.96548727 -0.752961125 1.68387462e-14
-29652.0219 1153.8188 -188.791518 1.36689665 -4.75609658 0.532395381 5.88771618e-15
30211.4587 15780.0812 405.400598 -0.577149881 5.13368019 -0.288500965 1.42086572e-13
-21109.6006 -29359.8802 1030.5426 3.26702303 -4.16540381 -0.782044824 1.79437075e-05
-6783.34093 10972.2578 175.464915 -5.9483944 -6.26484912 0.0155556949 3.03984864e-10
-38182.6398 6366.45033 753.265254 0.272188945 -4.34077751 0.361767668 1.15232255e-10
21213.7759 40943.6765 -1136.94823 -3.78064601 2.11726689 -0.434231094 5.63091398e-10
-35795.9898 24912.1088 1472.53923 -0.816943836 -4.81693406 -0.260826855 1.50704516e-13
4862.04226 -44537.0171 -794.24514 3.0421928 1.98100586 -0.748192675 1.33203492e-15
852.599949 23099.9536 1249.60836 -4.71772561 -1.49228982 0.556587996 1.09923583e-07
-6848.85107 8060.19974 262.190805 -5.43205487 -4.99526058 -1.72130822 7.99309453e-11
16400.9601 -5632.94668 -810.650318 2.74728486 4.93085677 0.50614735 1.29448202e-13
-40189.2195 21967.9534 1491.72248 -2.82885444 -2.55458665 0.200831118 1.73580949e-13
-19727.6629 -19593.9871 -74.481138 2.48263385 -3.21161198 0.920912213 5.62256093e-09
-34664.1947 3257.89792 152.624228 -0.770005952 -4.00833968 0.361004397 7.12815065e-14
1737.46163 32613.3138 1338.48106 -4.88825576 -0.755191037 0.125975214 6.51489319e-09
27527.9472 17565.381 -836.319616 -1.34751733 3.71496435 -0.0944689652 2.41840605e-15
11370.334 31955.7668 -438.419275 -3.71886768 2.36103251 -0.14104144 3.76791933e-14
24044.384 19430.749 -1379.25579 -2.84614308 3.51267399 -0.475899324 4.61344006e-12
-3930.41664 9600.38751 -1270.46998 -8.78665683 -1.61113498 2.78004614 1.01039649e-10
16308.9184 -34189.1271 839.450767 4.24161358 -0.0820291731 0.578525563 4.60362163e-05
-17750.1446 -42426.9485 -1172.80601 3.12686368 -1.02578171 -0.442071181 2.64327352e-13
8043.02298 -40469.2238 -653.841 4.18185864 0.480644745 -1.93985459 5.23442667e-07
-6979.65445 -43589.2972 -1231.36482 3.65321073 -2.537151 0.432563192 2.43192473e-10
10913.4393 24869.5506 -337.251276 -4.77811477 2.86936759 -0.595815294 4.13618503e-12
8937.95789 15357.6055 1453.30353 -6.29752195 3.41456356 0.82636108 5.43724692e-15
-24671.4632 -38530.3397 475.540428 2.7340238 -3.59587904 -0.0330343925 1.01819523e-14
-20172.0953 34972.696 -101.701556 -3.95127927 -1.53333905 0.0746115151 7.31187035e-09
7750.40837 -4017.67411 -717.618719 5.18328272 9.02684576 -0.819346237 1.66872994e-14
26509.3321 -29724.0608 562.703865 1.90391496 3.97668659 0.595872807 3.1121703e-14
5993.68389 -6999.90294 -524.406806 5.6274276 6.95428737 0.191691618 7.30168752e-15
4131.35379 -18041.0693 1463.93285 4.98943289 3.57186012 -0.119179552 4.98663568e-06
23350.8855 3391.57701 832.209629 -4.25155065 4.4046011 0.21754455 2.09102783e-11
16592.2126 32055.7217 -211.904342 -3.94246226 0.313322184 0.60272203 4.69105432e-12
4877.97244 -34564.1559 610.646893 4.06025379 1.61484321 -0.797276881 1.13203346e-11
-46326.1556 9045.07137 -1089.46113 -1.14767946 -4.0190408 -0.810150737 4.91265066e-06
27849.2695 -28043.9154 -364.116176 2.11629829 2.6748887 -0.615303693 1.06129059e-12
-42171.0846 -21884.4078 924.293137 2.70834738 -2.93122688 0.961067338 1.61554411e-15
-7263.16419 -26738.9197 39.0538747 5.69614119 -0.685100433 -0.116193439 1.92457691e-09
14720.8136 24050.9795 147.299143 -4.91640556 1.00718134 -0.0785822573 2.43007458e-10
5807.73098 28154.6607 -808.319762 -5.50342658 0.316122831 -0.0806776565 6.57482763e-09
7865.27626 -32475.1629 398.111853 4.47713846 4.1576143 -0.254344909 3.8905069e-14
-43086.6188 -4367.78135 1149.58521 2.76688784 -3.39653047 -0.579450559 4.85033871e-09
35900.9387 28220.2614 224.166329 -1.1386464 3.14341952 0.0305517687 9.92958077e-09
-11305.0239 23630.9313 -830.156041 -4.82014619 -0.98496974 -0.679332742 8.46737185e-06
-2660.3637 -48667.5754 1327.32708 3.7028623 1.20548652 -1.05736078 0.000477188031
18959.0465 -38334.1431 702.640833 2.53416331 3.69369979 1.0892695 3.59325733e-15
-6920.57277 -24355.6035 408.875096 4.55128576 -1.3458716 0.534253791 3.08537824e-05
14496.8541 -40391.0691 -1370.38831 3.2821681 2.06075795 -0.53426216 3.00512116e-05
38.0724569 10331.4781 -45.8884543 -9.34230284 -1.03077542 -1.21814861 2.29806621e-09
27274.6146 3221.7549 1201.89806 0.0194682993 5.8714393 -0.164104987 7.74030165e-09
12375.8619 19561.4123 -18.9550671 -3.00802726 3.66254644 0.66771973 7.70946453e-12
-13610.3482 -31555.4404 -858.04056 4.4835464 -0.464960252 -0.147493547 5.72591457e-11
32807.1186 8278.21326 218.554291 -1.55397461 3.49373967 0.809221624 2.39058366e-15
-29102.1795 -13658.3116 65.4246137 3.34217226 -4.20025757 0.33082253 5.90390579e-10
24661.1635 -7582.99786 -1165.63515 2.98511864 3.61177843 -1.07521819 1.55902407e-14
1150.58298 -4153.09581 -661.170258 12.5505184 4.06528763 1.14940925 1.72072481e-05
42248.4773 21094.9692 -89.5402854 0.54473396 4.35476585 0.65356675 5.392108e-14
-45482.0861 11531.9837 -982.24213 -0.33721074 -3.44922116 0.930771728 1.18440051e-13
30344.7514 1662.001 57.9537982 2.410961 5.14756622 -0.215278978 2.00312909e-09
-37442.6024 13065.3761 828.269735 -2.83225946 -3.36219375 -0.414275623 2.05416458e-12
4048.08164 39931.6183 1424.69143 -4.48090727 1.81948148 0.0267197259 3.02344828e-10
19681.6855 -2550.35413 -742.468557 1.21854824 5.08820928 0.848055495 1.57566565e-15
23017.9311 -40792.9057 -1214.33496 2.55860399 1.75519857 -0.146665987 0.000601234952
328.191117 9768.69303 5.81024511 -8.45376452 0.13730321 0.247460126 2.0360209e-12
6549.98661 -2702.62946 -736.334076 5.39829324 9.99746392 -1.7158923 5.2349834e-14
11684.8492 39226.8728 -1056.5544 -4.36021986 2.09831812 -1.02846546 7.50258805e-14
38067.6944 29836.7378 -1438.75292 -1.69718513 2.78008669 -0.0552499286 5.92808469e-12
-38772.3708 -22560.5257 967.284692 1.04855521 -3.82825337 -0.593506181 1.02909586e-08
10136.9172 10831.5642 346.335342 -2.76238405 6.1307421 1.199346 2.4592442e-08
-26637.001 7854.6982 1425.51736 -2.63249436 -4.76522609 0.249669546 3.08028685e-12
38083.5303 -27188.2086 1489.45075 3.24154884 2.44648546 0.19532194 2.62132283e-13
-13325.5034 -27056.2738 -153.887549 3.07228949 -3.04942383 -0.186213308 1.22233842e-10
-23103.1781 3956.11458 226.606528 -0.868865688 -5.01379599 -1.06837459 4.17422802
-40076.8971 -16153.6932 -1217.06266 1.07830517 -4.32684868 -0.708576208 3.66124446e-12
-33426.5127 25688.8873 1112.31928 -1.25533929 -3.43644238 -0.739025463 2.0030273e-09
-41334.2341 -6422.43487 -252.519441 0.566678267 -4.01091412 -1.23392619 5.01588874e-05
34696.4872 -5989.42363 701.745596 -1.38335486 5.1906726 0.186319488 3.70999887e-11
3879.17648 -8608.32415 -1049.14936 6.42023746 4.13347108 1.23445895 7.49803937e-13
-29955.3914 -26431.4342 923.322738 1.98039583 -3.66290986 -0.0479612852 1.83945834e-10
-15018.0535 -8688.47794 -1239.83155 3.03796053 -5.45148322 -0.532759695 1.06076635e-12
-41205.7609 -5470.26555 1154.53485 0.494039758 -4.79043841 0.429399501 1.80843332e-09
41983.7532 10997.2395 -273.954068 -2.03804402 3.94101686 -0.200667389 8.28937819e-14
40368.9825 -19958.2195 85.7338382 0.723382646 4.28319482 -0.142054368 5.81830931e-13
26838.9117 -2314.93499 -817.37565 0.890839961 4.77781759 2.17041035 3.81954629e-13
-22428.5414 26364.3299 195.015123 -3.51608643 -2.26145854 0.340784165 2.06360382e-13
-31989.4214 23284.3144 348.019183 -0.498849737 -4.392767 0.422172207 4.32773477e-10
-24732.0371 -1759.40032 -125.865042 3.48354886 -5.82649515 -0.0301183367 6.57355236e-12
18120.9044 37918.382 -875.262459 -4.27037976 1.27771785 0.0758815915 2.0457285e-13
-8985.98034 36437.4492 512.947382 -3.43787077 -3.02368404 -0.615360586 2.02713053e-14
37970.0921 -22234.2556 177.630488 2.69937572 2.64859609 0.396789817 8.67895821e-15
49121.9636 1256.64753 1308.93635 0.580809238 3.27829876 0.207448343 1.23257105e-13
-519.3304 23885.9399 293.133034 -6.08084829 -1.54003963 -0.737563455 7.78630475e-11
15309.6587 -43487.3254 -64.158384 3.06535252 1.86869672 -0.835510961 1.46623313e-15
10564.0236 48532.0449 274.890656 -3.71286155 1.09348824 0.252185769 1.82233191e-08
-38365.7997 -20094.9757 -1342.24823 1.474049 -3.56151763 -1.00377371 1.67708367e-14
-36999.6776 -27542.5046 663.056075 1.33300092 -3.81182451 -0.328260907 1.11154382e-10
45226.9186 4118.15193 1267.57143 -1.66992625 2.94506973 -0.320320652 1.05896552e-05
46797.6853 -11060.8903 -1459.96401 2.67022249 3.08526404 -0.146804368 2.11080721e-10
-14126.702 -13211.4022 -54.8392175 3.94954669 -4.97030808 -1.19035983 5.54083675e-10
-25034.7651 -15032.2363 -931.890623 4.09038085 -4.04302521 -1.05000733 0.000419215927
-11144.0707 20880.2833 -908.876993 -6.43861689 -1.32488899 -0.373454636 2.00416141e-09
-13386.3604 38268.7224 944.411241 -3.06602669 -2.46224402 0.103448863 4.36564493e-09
-15089.2299 -47237.6418 -92.5026323 3.6288029 -2.24774186 -0.724617552 1.71606611e-10
36685.5405 24987.7117 -134.216996 -3.01756416 2.53663722 0.0410700371 0.000486184782
-7088.93006 -45961.9725 1304.19907 3.28323076 -1.42649078 -1.14196588 4.79622232e-08
17611.999 23008.9349 -83.3061706 -4.26821179 2.57570162 1.16758752 1.81093285e-12
34002.601 -20097.861 281.54822 2.6380393 3.93478999 0.0779795841 6.24065854e-10
7384.9202 30133.1292 1374.68706 -4.51740121 1.58977362 1.07161912 2.29533911e-10
29820.7603 13891.4731 845.802501 -2.21808569 4.81327752 -0.862681461 1.894192e-15
338.555575 -22796.1579 -1193.25379 6.12226597 0.310012504 1.05627257 1.99100356e-12
42358.5158 24248.5079 361.491562 -2.30565583 2.56230529 -0.518438942 6.65058747e-10
22334.5611 10291.4868 1085.60209 -2.20956273 4.01628416 0.0587755097 3.08382687e-10
35963.7228 -6281.16643 -1201.82541 0.576317622 4.8262264 1.02664179 2.20005769e-14
-4854.71033 16442.7205 -719.720006 -6.02191913 -5.55541491 -0.181012066 1.60948853e-10
16594.8029 -41683.7958 497.539749 3.49187578 3.04419219 0.00630160629 4.76442228e-08
37059.8797 -23431.6203 1275.29148 2.43930015 2.624502 0.874835555 6.36237271e-15
10919.4437 -44452.234 -388.585074 4.01860779 1.10893969 0.00661236952 6.56061453e-11
15647.4841 46031.6774 -833.808079 -3.00774352 1.10998163 0.035635269 4.17527051e-05
-32583.9029 28174.5624 -217.028824 -3.59040451 -1.99879138 0.386688927 5.19706977e-13
-19524.2976 -39739.8553 373.966246 3.63925223 0.0325662744 0.654444726 2.85434231e-12
26131.8425 41869.0622 126.017132 -1.91784543 4.67140636 -0.142886633 1.92753977e-11
13976.9924 -86.8864 -1321.66346 0.462495284 7.65441255 -1.26501896 6.80110542e-13
-10944.7762 -16786.9292 930.307187 4.05507638 -2.95999931 0.0900595388 2.22815875e-09
2443.59762 -47898.7134 1316.72769 3.75355981 -1.33104511 -0.595375401 2.52368068e-11
8188.59981 -23226.1774 1144.75459 5.1688214 2.52350841 0.123057259 7.04586462e-07
-6702.35051 33735.2548 798.792181 -4.66325178 -3.05328257 0.440277255 8.40737086e-12
-14160.1295 17974.839 5.65451675 -1.0851904 -7.62527175 -0.0824183431 5.79616178e-10
-20090.0361 -12902.6741 1485.44561 0.54418136 -5.74995371 -0.277503207 4.84764682e-09
-35046.6119 2697.23663 -844.036869 -0.489500919 -4.11735431 -0.334020866 3.13929625e-12
12697.3231 2295.31785 230.354448 -2.0584953 6.36208362 -1.06872443 1.27868604e-12
-36759.6922 11097.1136 70.2729869 -1.78022831 -3.22106806 0.293000305 1.63395391e-09
-27660.6746 19916.3552 777.490028 -2.42852478 -3.48204789 0.557708241 1.1655584e-06
2055.04532 -5965.63609 -925.177805 8.7830136 9.45496358 0.820611562 2.44929379e-10
25429.4064 -22058.0873 460.082434 2.05799132 2.95250084 -0.0535596794 8.53903144e-14
19406.319 15634.8951 -1089.59833 -3.34184788 4.39370203 0.635028088 9.50588487e-12
32214.857 8203.11159 -1211.16408 -0.0265378705 3.93232927 -0.0821294854 7.62705957e-12
8859.61556 -13392.4866 465.241644 6.31903916 4.01896107 0.74798227 9.10889908e-07
-4905.16692 6362.7199 357.855042 -5.36019966 -9.28568115 0.258547463 3.70927878e-14
43052.9869 -1361.71932 290.965515 0.923155727 4.45768576 -0.499597379 6.51478876e-13
-9458.97198 -31098.036 -793.268319 3.80105289 -0.934263786 0.604297838 2.66060969e-09
-14649.2689 3701.79843 -79.6201144 0.479610067 -7.10142211 -0.412385664 2.14311004e-09
46919.9294 4009.92845 51.0617215 -2.41220603 3.36419997 0.441423781 2.45948615e-13
-19984.1768 -34256.5211 -307.817314 3.18865448 -1.80488003 -0.81687153 1.20326782e-10
-7796.24607 -8988.61619 -973.066546 5.79791572 -5.29271259 0.87676688 1.99662881e-11
10093.7232 -491.044564 -1214.12733 0.651983722 8.05651128 0.796618307 2.79258591e-12
7182.64817 4197.12244 307.243322 -7.21250309 6.24175624 -1.097952 1.20538322e-09
-23309.9798 44110.6893 1259.10486 -3.63982161 -0.906588389 0.290435464 4.28155103e-09
32451.9913 -27343.6138 447.843078 2.0223488 3.61424811 0.327700817 3.96488042e-09
-38319.9613 11091.1647 -837.919598 -3.22633742 -2.60904191 1.08874928 1.86438109e-07
4480.59259 -36084.3785 1163.78041 5.13006571 -0.242445285 0.278803801 1.46361044e-11
4717.81587 -47282.7312 -359.602411 3.25263342 2.43633036 -0.152946887 6.51049097e-15
27552.8685 -12642.825 -1427.8046 2.32068635 4.51394052 -1.4051926 6.12736391e-10
-22481.1272 15779.5666 1387.60146 -3.75257104 -4.30648382 0.317304564 0.000100865602
-2523.39765 18440.1904 912.915869 -5.82923602 -1.84640404 0.305762557 6.83769246e-09
46622.1227 -7527.59313 589.292722 0.835561333 4.08213313 0.208597686 4.42594193e-08
-39522.9058 29501.7552 -953.474723 -0.709155407 -3.16479634 -1.02913418 2.25690024e-11
-3830.22995 -2015.88392 -411.937645 4.01022903 -10.6884042 -2.75224722 3.473201e-11
-18731.6967 -27918.7497 1496.14976 3.48828239 -2.23388209 -0.515672424 9.30879295e-14
17621.2688 1321.3798 -818.392097 -2.422522 5.06215909 1.95083671 1.61347235e-15
31395.9434 -20057.9351 1479.04031 2.3879336 4.0326293 -0.231455533 1.47531629e-15
-39343.2208 -1383.3424 118.579827 1.2001342 -3.67397196 0.549995269 3.69686398e-10
12882.0805 -25979.2165 251.798626 3.928833 2.58507983 1.26533716 2.54117312e-13
8104.69439 23702.3706 -951.728756 -4.14622518 1.29969111 0.00483467476 1.66306419e-05
-5368.37529 -11209.569 -954.958745 6.94422937 -3.35778187 -0.758393101 3.18547085e-11
-42223.2689 7159.98265 1132.82069 -0.995917044 -3.29266117 -0.307380536 2.63015294e-12
-28703.7822 18462.8366 -1307.27745 0.177845744 -5.4956882 -0.256167695 4.02338477e-15
-44932.0176 -14496.8455 1163.64109 -0.508174504 -3.46569466 -0.9696151 1.13148168e-09
9302.94427 21782.352 -504.851772 -4.94203993 1.18666707 -0.211707433 3.28496619e-09
32310.3334 -19673.1361 -510.195547 1.41239961 4.83347114 0.234946547 1.71394237e-13
14288.691 46127.5322 1314.23112 -2.66281332 2.13727543 0.085409509 3.02828339e-15
-16120.0594 30820.0777 1385.16639 -5.2311466 -1.24861431 0.077753057 1.49892127e-15
11174.1893 -36757.0726 -643.393562 3.91826824 1.64435752 -0.349084902 3.37007292e-09
10964.9732 -20703.7436 -857.464544 6.23847997 0.614133647 -1.75283884 1.44286233e-14
4735.28478 -34053.0923 -10.570656 4.27230689 -0.00473675792 -0.24552895 9.70333089e-12
-7140.99614 -13127.9409 -472.122008 6.56730173 -0.854555301 0.975687916 9.85192416e-15
-41815.0349 27412.5664 1488.09036 -1.00952697 -3.7004726 0.0488543253 4.32961736e-12
18137.8959 -1304.28252 -667.428402 -0.642026851 6.48989518 -0.193843742 1.64821746e-09
19749.7359 -14975.1781 518.386902 2.54106413 4.17616914 -1.13575023 7.19836313e-12
13238.9259 -6544.13991 -513.973801 0.253867799 7.23920454 -0.16367624 0.000526165011
14722.9341 36587.3559 913.115574 -4.33420295 0.910558578 0.444841501 7.75413929e-14
20738.0415 -5023.26257 -757.81405 -0.532339846 6.30397932 0.355465465 1.40443052e-14
-29732.1493 3085.78785 758.514141 2.32719627 -4.46263299 -1.08634343 5.14551625e-14
-12201.0505 14211.9166 653.110908 -4.52394621 -4.83563546 -1.11530749 6.36867956e-05
7401.19964 13004.035 -899.404252 -5.78902628 2.0487631 -0.94821878 5.15173674e-09
3100.29962 -38967.9213 -1487.13452 4.07743956 0.452590845 0.28436008 1.06293337e-09
-43674.6876 -11269.7493 969.063731 2.22185554 -4.06634372 0.588321645 4.79496171e-10
37841.0651 -12441.7562 -431.980317 1.60260923 3.10677877 0.270788109 3.44831019e-12
-38646.4091 374.477221 -997.193369 1.25581415 -4.77871221 -0.175017756 3.54900916e-13
-33769.536 35781.6719 470.397685 -3.19346024 -2.88402509 0.292342376 1.19782266e-14
2188.29172 48830.3165 267.091332 -3.149535 -0.989229412 0.406239478 3.12659325e-15
-12212.914 -15990.62 -629.679458 4.38578707 -5.23445599 0.888740856 7.96256235e-06
-5952.56738 -23142.355 -461.017349 4.32079976 -4.28050082 -0.31780885 9.39518617e-12
2225.31296 35271.0342 -1085.71288 -4.31865795 -1.44356324 0.29738112 1.20775031e-05
33037.4472 33801.3457 954.086999 -2.36966903 3.41998908 -0.387937445 0.000706342992
-33175.5808 -25165.0812 840.160172 2.35037987 -3.71103594 0.814923985 3.3667608e-07
38688.6027 31499.2407 541.799908 -0.551250885 4.19484725 0.437534082 3.33909388e-09
-41208.7245 -8038.97163 -1280.52216 0.979681082 -4.56430924 0.825882388 3.25665177e-15
11373.8706 -2361.69579 927.331069 -3.58555538 9.15686371 -0.400104504 1.37465159e-09
-20881.0518 -37661.7109 104.421498 2.99139835 -1.52604609 -0.090346807 2.07119653e-13
2755.60785 15924.6578 952.614191 -5.43431486 2.86438569 1.253813 6.72645032e-10
-2251.39429 -20239.1358 183.345005 6.51143457 -2.44193472 1.31887397 3.45743359e-10
11692.184 3031.72278 -283.126931 -2.2622134 6.28262763 -0.729905603 8.05298077e-15
3618.2247 -6764.36675 138.66204 8.9504699 5.48262436 1.0797404 4.78387484e-14
-9500.49063 41994.531 1302.47284 -3.16255414 -0.529571894 0.547921016 3.42804357e-10
-31687.2512 -7324.48661 640.561438 1.28101468 -4.0723542 0.43814998 6.42344987e-09
34092.3518 8339.84405 1288.49716 -1.35544882 3.38109944 -1.38037955 1.05364058e-14
22390.2319 -23838.2818 760.840515 3.61146458 3.98381925 0.000207671916 6.3310035e-09
17615.4325 34386.273 1410.04299 -2.30375774 3.14638185 0.507919182 3.3266944e-11
-15686.9602 -12699.6726 -974.082472 2.65425177 -4.71473259 -0.566660502 3.43371902e-11
-42611.7938 -14911.7004 710.092579 0.679235501 -3.98556312 0.202955431 2.22194018e-11
21735.9697 -41761.9674 -1467.834 3.28729385 0.936615707 0.27394558 9.38494034e-12
13803.2716 41781.0524 1174.16885 -3.10081197 1.19285412 -0.13808346 2.70551886e-09
22126.7841 -11344.0783 264.808421 2.36200201 4.04500951 -0.755992865 9.2213171e-15
33386.7301 -9801.7918 -1064.99724 2.26463644 4.17979574 1.14729171 1.47799293e-10
510.196812 -1232.01573 -198.318944 22.0043413 0.621518076 -2.93392002 2.14195914e-11
44904.5808 -20783.871 -957.668917 0.0791209622 3.82133281 -0.259235273 9.34134242e-09
-36080.221 -3848.23464 691.295003 1.41292648 -4.16769574 -0.617103241 7.10784508e-15
960.283145 -46659.2142 -652.316362 3.11293391 1.12504069 0.24215309 1.20350025e-12
-35661.0477 33579.6722 1269.87481 -2.52553832 -3.49208529 -0.506366156 9.70472793e-10
-12276.4945 -39226.9824 300.941678 3.52314932 0.164174058 -0.0090933749 1.06479357e-10
-25647.1537 -5362.15504 -630.660967 1.3384414 -3.94770391 0.356211889 1.90418149e-14
-15690.3088 39205.7811 -1350.72799 -3.67306565 -1.55410422 -0.149562346 1.34545488e-12
3957.53771 -49565.3343 -961.716575 3.60703189 0.465980066 0.314724409 2.68419193e-11
7197.56436 28663.6215 1097.36245 -4.30156369 -0.108255817 1.07846963 4.34327856e-15
-18805.6254 -23512.334 834.442509 3.44924609 -4.74844964 0.821170912 1.17513888e-09
14255.7403 -40882.0489 1465.87587 3.5436949 3.62650093 -0.118457179 4.88145607e-09
5588.02612 -23163.398 -771.206055 5.40753059 3.42954598 0.468692231 1.14562403e-12
-30713.3668 -29345.0219 -1164.97471 4.49654557 -1.4818872 -0.613289614 2.19212275e-10
31880.306 -4851.3597 -501.43008 0.899589312 4.36001005 0.715595251 1.26212411e-13
-5656.2999 -27030.693 -145.876844 5.7574153 -0.378991718 0.181424037 5.67469496e-12
-45136.7837 733.155668 852.585605 0.365054987 -3.35067524 -5.70076792e-05 1.57667005e-10
31573.3508 -28971.6349 -1348.48287 3.40184051 3.31822237 -0.666659712 2.42986395e-05
8732.587 -45563.7376 -1077.9517 3.10241742 0.50091629 -1.1573018 4.5887144e-14
-33378.8346 28134.4988 -1050.04291 -3.5249825 -1.30117631 -0.14482627 1.036673e-15
-19836.7264 -987.074501 -181.962385 0.20418975 -5.97537305 0.534868364 2.75262222e-10
-3916.07242 -29347.6101 630.319895 5.48068902 -0.33509425 0.84335222 2.59674143e-12
5092.5314 -9682.80903 1364.93836 8.2409083 3.62310004 1.37784169 1.69487441e-11
-11648.9362 -16577.563 -1096.37865 4.18308876 -4.77049567 -0.0575347203 2.87726125e-09
-18714.6184 -40254.226 -1167.28992 3.87358609 -1.82164927 -0.539494548 8.93289481e-11
-7115.22212 -16179.6785 1292.11268 4.05918355 -3.10773894 0.654697338 7.95746638e-09
30110.0447 15164.0062 1448.0168 -1.42450811 4.50044338 -0.0397908769 6.58758383e-14
-15943.9173 -27195.8823 -1481.04379 5.3037799 -0.130127637 0.43610457 5.40659166e-15
-29241.5459 16726.9477 -1050.2665 -2.43224581 -4.35319552 0.591163138 3.15707915e-07
-41064.6403 -22095.4557 48.1163145 1.79595279 -3.95596522 0.931744821 4.58472685e-12
48858.5775 -4340.74343 -1277.46077 -1.7815269 3.49144104 -0.30807067 9.50538127e-09
5968.48587 -12760.2303 86.330543 7.26562368 2.74293049 -0.618479092 4.76404238e-14
22653.851 -4520.04232 -364.311188 1.75358885 5.93371995 -0.0993853234 2.22936711e-07
26170.0998 -32299.8411 -948.031053 3.22635209 3.07208221 -0.0542873459 7.28131947e-14
-37876.8611 30736.8216 -602.190687 -4.57630488 -1.98055324 -0.576678916 3.45650248e-14
20387.3009 -7212.1259 -37.2709889 0.908551679 6.21066721 0.905585092 5.83384669e-13
49314.8358 5884.45613 215.547079 -1.0817884 3.00038859 -0.323298173 3.15499187e-09
-34185.4524 33703.322 -982.073487 -2.56707099 -1.77091776 -0.147942653 7.14846155e-05
-40567.6571 6623.95096 753.066083 -1.98980172 -3.1464873 -0.0498766967 9.94814681e-10
28148.15 10993.8493 495.624302 -3.37902436 3.95503879 0.342361578 0.000127145697
-1594.14488 16439.3057 674.268431 -5.31186811 -3.48789644 -0.434179323 3.3236877e-15
-8303.41846 11838.0616 1033.66849 -5.20850919 -5.64721072 0.300375494 4.55044329e-11
17701.309 45389.842 -422.042809 -3.68141464 1.63595848 -0.434207397 7.29434725e-10
-29746.8497 40019.1957 -261.814162 -3.04607037 -2.63092909 -0.618766171 1.69980555e-11
12141.5712 -26042.0898 -864.791467 3.92615907 2.10325798 0.0496401584 6.13622982e-15
-32939.8215 14284.9945 717.646651 -0.993741464 -4.98990608 0.129510722 4.47623114e-08
-38716.7307 -4217.51776 1279.78682 -0.919702025 -4.72807616 0.0879241894 1.72019124e-06
25457.9332 -26918.9392 140.417975 3.44591181 2.99436824 0.0703573979 1.08908796e-13
14557.2224 -44358.4212 -231.24554 3.373401 0.811441495 0.569404923 7.42645275e-12
39012.6009 25778.8107 -473.051136 -2.54882036 2.70632416 0.375511589 1.48036843e-14
-11001.0538 1640.26487 -1381.62213 -1.12997514 -7.28279395 1.19715559 4.51224333e-12
22719.231 29357.6563 1430.38406 -3.55772814 1.84549248 -1.89188677 9.14247361e-11
9152.07093 -859.612158 -1044.24693 -1.914987 7.18650361 -1.23968939 1.12785435e-09
-28957.9923 1046.22038 -1217.73839 0.0535183874 -5.52414195 0.706098119 3.87896202e-09
23484.8369 691.125963 -1072.6645 2.45450189 5.90562143 -0.376448365 1.08402047e-12
21519.8926 43225.2644 1078.77899 -3.59877199 0.304533891 -0.499213709 4.15044043e-13
-41876.3216 -8360.86627 -240.022734 -0.891043397 -4.86081951 -0.107334387 1.92269971e-12
-7212.27971 -49109.9427 850.047906 3.62780429 -0.815041921 -1.02257415 3.90336803e-12
8829.45144 -11593.2274 -329.994178 6.92108178 0.0832908492 -0.966958163 1.14738014e-14
3805.17879 -2965.093 555.802007 5.44949814 11.4543977 2.88728148 3.80993939e-09
-34163.0205 -5615.95031 415.431015 0.301496429 -4.05923638 1.10881519 0.000256956723
25685.2021 -36548.1079 148.900092 0.980975481 5.307295 0.0197929329 9.95076126e-09
38360.6968 -16222.6755 182.193358 -0.115101982 4.2916495 0.0541630327 1.17950335e-12
44351.909 -7097.30365 -1364.77382 1.77590565 4.17733066 -0.476793592 7.89621697e-06
39335.6511 20169.9477 -1471.54527 -1.8313468 3.45445553 -0.0532324021 5.79242568e-11
22094.0494 11510.9331 -281.657525 -4.04475705 4.81423759 -0.219610923 1.6002812e-15
-29615.6357 11633.1635 -1329.90581 -1.7979299 -4.95651304 -0.441390993 2.74680571e-13
41379.9676 -15436.6859 1484.40626 1.71899209 3.24398477 -0.270219335 3.08337538e-10
33416.6664 30442.6732 -394.873642 -2.48197055 2.53540765 0.19656872 4.65137494e-15
38900.2701 -8497.31837 -238.234589 1.61784883 3.23033772 0.570124826 9.65878102e-14
-4601.12619 491.763851 -1395.70645 -1.22935794 -13.3272037 -2.52914569 1.4645111e-12
-19725.7887 45183.4276 1278.57243 -3.19773639 -3.03231975 -0.820551981 1.4557261e-11
10656.8461 34930.5676 718.484003 -2.97025081 3.07643083 -0.338414138 1.09751116e-10
27882.8634 6513.17042 430.850682 -1.21192395 4.77530437 -0.027179394 1.43694549e-11
1175.88721 -28771.7444 677.714675 5.06255143 -1.59622466 -0.0414511485 5.71613918e-10
-40898.5776 9183.96028 -481.403099 -0.401601808 -4.50363985 -0.967508556 8.30831781e-11
-24485.3302 2607.52485 -678.406562 -1.43570423 -4.47064062 -0.216103749 3.44935636e-12
18881.9663 -2556.67619 241.047542 2.53819885 6.43374698 0.509514866 5.79549726e-12
5789.83091 -41149.2431 1175.06572 4.69761761 0.806078642 -0.445364048 9.63560777e-09
-26205.6423 29591.6115 -1104.74312 -1.61857 -4.85974755 -0.774291091 1.15059035e-14
-26453.0039 8132.86478 477.204779 0.170362663 -6.06035857 1.37368991 1.25485898e-14
1785.45264 47341.142 443.516197 -3.78423334 -0.950961187 0.41120144 1.08656925e-08
-11750.9727 13002.4733 -708.164112 -5.64147063 -4.45414583 -1.0352025 2.89328884e-09
34566.3665 -2545.24562 387.714577 -1.03194814 4.19183616 -0.336154416 2.96452405e-12
16137.6645 33903.8215 470.465181 -3.46885009 1.12669782 -0.125676777 3.13845983e-06
-47024.2794 12457.2795 -1263.28291 -2.4908844 -3.19162323 -0.169457288 2.18476338e-13
35044.2388 -357.121961 809.933065 -2.70783347 4.15612228 -0.380922482 1.95140286e-13
-3614.36273 28097.7471 372.990538 -4.16526325 1.0860804 1.12924962 1.01344084e-15
2890.16182 -37685.1509 888.334133 3.57540482 -0.0882126833 -0.562949392 1.29993591e-10
9953.18342 -34864.0243 478.839273 4.22001252 3.09051949 1.17228008 3.34534584e-12
-22728.5562 28412.2596 226.77389 -4.11638825 -1.54556147 1.28545531 2.69017374e-12
-13910.7625 -27775.303 -376.320736 4.74607621 -2.91466307 0.288928035 1.17276869e-10
31155.6893 15104.2419 -637.932577 -1.37493185 4.19302513 0.170273912 0.000293258303
21663.3695 -3284.71776 -451.609187 1.62004525 6.37358539 -1.22038893 3.02108723e-11
-41201.9733 -11203.9624 377.785732 1.79191125 -3.55560387 2.18540027 3.73508664e-14
-47903.5164 -1997.28406 -545.485558 1.29431025 -4.23027075 0.211174674 0.000381408587
-12602.2193 -16086.0788 1153.59662 2.99043293 -4.8720014 -0.411415944 1.04346262e-06
45205.6946 16751.6437 -1492.05289 -1.88624623 4.00640307 -0.0305999074 3.34375847e-08
13477.0014 32910.1675 -849.203908 -5.19879029 -1.1394408 -0.768461228 1.24744763e-08
-30123.8391 18207.6752 -739.179848 -1.58494127 -5.05783053 0.7862776 1.51327691e-10
18470.6523 31283.5069 -1136.88082 -2.34785917 3.81992887 0.593930748 2.86550237e-06
-8263.56008 28387.7965 1033.13739 -5.35878182 -1.59618317 -1.18488704 7.30891122e-15
-4193.26805 40388.8563 -232.034234 -4.3793293 1.32331337 1.17379337 4.67094494e-13
-34563.4084 -15098.6033 1054.28505 2.73890023 -3.93019897 -0.176898548 3.52201183e-14
-45498.9911 -5453.34861 -1494.41406 0.24502468 -3.64459253 -0.302842785 4.34938318e-15
-11231.6683 -17266.6461 -1010.28114 5.33831813 -0.217685868 0.0663324776 5.63651781e-10
-1502.88794 -42976.0147 -1099.95278 4.47790149 -0.536005518 0.445783742 6.96526453e-13
-1787.79339 -27407.4686 1332.43779 4.30480189 -1.53693882 -1.170795 7.69023258e-09
7846.50823 -47099.7947 -464.334005 4.3427388 0.428342828 -0.549729622 4.96857183e-10
-10769.1234 37709.786 332.71757 -3.81688077 -1.03947334 -0.66895267 3.81115432e-08
4331.16523 -17495.1225 888.734591 6.27792964 -2.97621459 -1.82277795 6.55936425e-07
-47388.0334 -2485.08738 -465.095514 -2.21083803 -3.83007685 -0.353277774 4.62649871e-11
37081.1863 -25966.6614 705.824419 2.05767247 3.29071108 0.24145137 5.86416243e-13
16945.4248 37596.1559 402.190965 -4.05225015 0.437874842 0.51511223 2.01586771e-10
4176.25976 33667.5383 546.229588 -4.24462209 3.29644273 -0.0121920623 2.42322739e-09
0 0 0 0 0 0 4300000
3520.26502 5513.35317 -1223.87052 -9.03224995 4.84846743 -3.10250898 6.71059627e-11
-33211.5331 -3703.43153 61.6762268 1.07480329 -4.8637866 0.154103068 2.90274738e-12
22133.5464 12805.0689 -1463.85647 -2.23674322 5.19816721 -0.0520610945 6.85227365e-09
-45689.4725 2324.81132 298.776515 1.02255666 -3.67196819 0.283525432 2.03647623e-15
2642.22594 -32043.6501 625.313428 4.39280312 -0.207438567 -0.23119314 5.4875409e-11
-13088.6627 -45086.6149 1226.30773 2.97862238 -2.70279584 0.0892486791 5.17852028e-05
-32776.6018 -32594.7826 616.018328 3.84292879 -1.81868608 -0.401727598 4.99406246e-06
27869.8094 -12534.1356 -1427.6675 0.849674727 5.53844196 -0.312228017 1.83055246e-09
45111.4937 -9295.69861 754.122172 -0.456444864 3.52980449 -0.160281025 6.22243509e-12
-31253.6226 626.848959 705.414746 -0.0249174968 -3.90178384 -0.414661047 2.67013741e-05
23425.9439 14621.2748 372.29816 -2.78056052 4.13956051 0.207334416 1.87366132e-14
-1535.67238 -4663.55498 648.120821 11.0891464 -8.17334876 -2.45888328 2.34735872e-12
1209.24461 -8633.89061 546.023528 8.17649757 0.267185954 -0.164821306 4.27057736e-09
47692.3414 -10712.4996 -198.094815 0.304603203 3.14549959 -0.529886602 1.87866117e-13
-32570.1449 -9639.1375 -545.350266 -0.770009069 -4.25464655 0.208404042 3.5849644e-14
-29683.2329 -29721.8536 -987.777835 2.40700527 -3.49805514 0.826948261 1.75064306e-14
-1250.6493 -46793.4532 -319.678396 3.40117455 0.437899964 0.622665 2.73274294e-13
44836.7421 10608.7457 1268.54549 -0.989111588 3.99246447 -0.688221359 2.88776159e-07
-29848.7261 9960.61478 1361.82818 -2.98310878 -3.54421828 0.523178824 3.71055521e-12
-9180.8464 17941.1076 924.041761 -6.03231443 -1.15691487 0.285325889 1.0980822e-12
3746.97424 -27583.9908 1202.18035 5.33384413 -0.176408128 1.09414903 2.36600855e-09
-4404.30433 -13457.6887 -1046.338 6.86422243 -5.04639772 -0.273818062 4.88471465e-08
-24150.6537 -24119.2099 444.239606 4.89242768 -2.35182193 -0.0331402627 1.10746027e-14
2755.50706 14189.0401 -427.633019 -5.44199021 5.49912143 -0.653465906 1.50646558e-09
26114.6321 29958.4654 726.100082 -2.9133048 2.40173615 -0.944409975 2.85802702e-09
3312.88459 -13166.0397 1231.23052 5.91089345 1.99100229 -0.0318216712 5.79538127e-14
7524.03329 -11304.1822 -1233.31566 5.34917004 5.70582683 -0.27071682 1.25538229e-13
4374.16519 27696.9302 1286.60406 -4.08891557 2.87528553 -1.47630925 8.38524813e-15
14549.4455 33190.4188 982.643863 -3.15777231 3.99867428 1.04764499 5.64611537e-14
28484.1477 22870.5606 94.1199996 -0.73326777 4.19856499 -0.131374555 3.96084559e-14
28873.4141 21197.5765 929.733879 -1.8519318 3.96206033 -0.175257173 7.10163343e-10
40845.3058 -15029.5873 54.3651682 1.48586299 3.36239994 0.692406044 4.35571274e-09
-1701.09091 -33401.2993 -1354.32062 3.77945368 -0.692711156 0.508393312 1.08269411e-11
11515.6659 47443.4513 577.183567 -3.01597859 1.01952537 0.14756216 3.49019422e-06
-1464.52939 -25113.5052 1073.73574 4.98359386 -0.914717881 1.33348816 5.14979695e-11
-271.54514 -6394.1523 -90.8099762 8.97896362 3.09110351 0.613680218 5.42940783e-06
20646.9207 10472.4584 -1397.52504 -2.81639108 3.72510262 -0.0561075317 2.16488757e-09
-20693.8523 -22161.6743 -33.1237582 3.15557014 -4.44895623 0.676730399 1.97006393e-14
-5421.91704 -15757.9727 -818.733331 7.02763625 -1.83879279 0.150191568 5.62297999e-14
-21764.6753 4922.97271 -605.955394 -2.77458031 -4.91728122 0.530167182 1.94675678e-13
20069.4619 -2944.67157 -1241.26527 -0.757858541 5.55336169 0.269738553 1.02184983e-12
24732.6552 19939.0883 486.534312 -4.57192108 3.20670224 -0.356659998 2.06795342e-13
28194.3582 29454.5486 543.883474 -3.63833283 3.07802685 -0.077173012 3.20436209e-05
15424.2059 -21742.598 -585.02244 4.48530736 3.2566555 1.99437017 2.3681543e-06
-29561.37 23601.2579 920.040121 -2.94432692 -3.17528661 -0.670705333 2.44817811e-07
-40791.2633 -18466.2788 -324.391306 1.8374825 -3.51970667 -0.903214113 4.03465398e-10
-29719.8809 20077.2472 1472.5813 -5.04849409 -2.07409403 0.464799675 0.000201950837
40023.6244 2913.39883 988.465384 1.29801155 3.8609166 1.40592989 4.82810248e-13
10890.8816 14988.2354 -470.774356 -4.02944257 2.94062759 0.519490698 5.65091948e-10
1503.06949 42626.714 -31.895041 -4.06083701 0.44452885 -1.08365489 3.27771805e-14
41763.3547 -9597.71035 1481.75393 2.18314658 3.5421078 -0.640048171 2.25862892e-11
-35974.7176 -5806.58437 1485.10024 -0.699028008 -3.85339384 -1.11545933 4.04042485e-11
-31394.2458 27329.3746 -356.138911 -3.00531346 -3.03208007 0.338679738 1.08549564e-10
3674.33538 -33716.6413 387.993808 4.96834429 2.17696618 -0.384462063 5.43344155e-05
25194.546 9471.77631 -820.351974 -2.40844107 5.32696171 0.610764419 9.84266483e-06
21161.1176 -22106.026 1341.22156 2.96262338 4.13308879 -0.961495347 1.5887049e-11
17999.4128 23757.2972 -1161.89452 -2.65391672 3.89811473 -0.514024319 4.74198486e-14
22455.8668 -5099.58812 -164.835855 7.05917108 4.1435272 -0.239608656 1.08006221e-13
41633.3381 -17236.9683 9.33391831 4.27460934 2.63619098 0.0999632106 9.51081975e-10
-45762.9966 12488.5611 -506.303127 -1.60301067 -2.81690996 -0.666945526 0.532320018
-39987.3009 -21940.9142 -1478.54782 1.73334716 -3.30435044 0.539510695 4.20321167e-11
17140.5817 -29593.8029 1113.62971 3.81169414 2.76078291 0.31392995 3.4148074e-07
-12646.4438 27508.5814 -514.73089 -4.43048231 -2.63084912 -1.81634963 1.54700782e-14
15997.236 -41856.3819 -1280.43536 2.92099347 1.87826547 0.0694108789 1.40545592e-13
17015.5413 -45929.9779 -459.081505 2.3994256 2.70454428 -0.180551842 8.90451121e-09
32592.4094 5556.79641 -982.908852 0.655545949 3.88795823 0.144253725 2.62520733e-15
25274.3853 -18526.4202 909.321722 3.10571078 3.73333305 0.207450577 7.64418424e-10
22415.0898 -7983.17782 201.471655 1.85672773 5.95880024 0.411539608 0.093559957
43789.5564 20212.9238 1368.33651 0.265282916 3.99085114 0.302235975 7.55875061e-10
-41950.9218 -7874.30048 -724.425061 1.08304469 -3.19685217 0.400358123 4.7796853e-10
5900.65923 -10042.7448 847.363999 6.03376057 2.45140391 -0.178942745 1.80486913e-14
2540.22578 -4048.20131 77.4137529 8.31125722 6.62556817 3.80749358 4.27765416e-14
49154.3366 4583.41014 1207.28066 0.624695699 4.47727088 -0.256500923 2.17720458e-11
-4201.5451 -29557.938 871.198727 5.10145306 0.144220288 -0.468752207 1.12877084e-12
-29960.2209 -1255.78336 -570.919194 -0.733882514 -5.21971756 0.176485616 5.57282727e-14
-3476.64048 40514.6606 -691.348163 -3.60483098 0.646565402 0.553699451 5.04440507e-15
71.4066077 29803.1078 -43.0864362 -4.76738497 -0.285934144 1.01426675 5.62277317e-11
4459.5448 -27062.7873 -1325.06306 5.88006804 0.634883254 -0.416462684 1.72644626e-11
11446.9319 48487.4418 -360.920918 -3.56439035 -0.588617457 -0.0989064105 7.73203405e-10
-8143.41035 -49085.9258 1317.69338 3.81259342 -0.830211279 0.214381968 1.81712086e-11
14340.3963 1851.7742 -1279.77652 2.43381954 6.98587732 -0.656079513 6.34728082e-09
38814.4034 9047.81565 -966.693029 -0.370582722 4.03371822 0.835560091 7.8813929e-12
-31162.8302 12940.8745 811.713028 -1.12537934 -3.87708254 0.018928387 0.000295534069
-4073.92538 42163.3521 -135.620375 -4.08460771 -0.732783956 0.296845682 4.76030868e-09
30002.1178 21676.0212 266.308786 -3.23322353 3.40199763 0.563640943 9.58463205e-15
4324.26068 -30968.8352 730.74516 5.45855054 -0.165613245 0.713920577 2.57604229e-09
-26572.6986 19114.1068 496.726374 -0.140030694 -4.42365966 -0.186737683 6.66196841e-11
14929.3346 32819.6284 -121.542011 -2.97600926 2.75997092 0.470189019 4.88241901e-09
-30708.3854 31083.4428 -826.366826 -4.23916104 -2.30452338 0.441541937 8.62534456e-11
7258.85286 973.775151 842.823888 -0.202875053 9.08798131 0.45117214 3.23252044e-09
-16550.7435 -8229.66027 -1036.32193 2.27787388 -6.02096352 -0.336312432 3.94386286e-09
-25428.5971 12075.6547 497.674211 0.0978734338 -4.41426737 -0.153968614 9.37958772e-10
41772.4204 -7654.25948 -305.968245 2.01100827 3.21050443 -0.721836314 1.24259165e-11
-10672.3986 1978.33331 -1470.18827 -1.83872721 -7.79521217 -0.886062294 5.6558496e-14
-37133.8428 -30032.7899 77.8962951 3.29995858 -2.22562102 0.413026946 2.05940591e-09
-39115.529 29309.5445 690.722942 -3.00428268 -1.77821444 0.0407889508 6.27903149e-09
-15338.2803 9947.42935 -1295.00142 -1.68516487 -5.42631401 0.718252557 3.05429087e-11
24253.3866 21732.3766 -1417.64599 -2.62396573 3.29521887 -0.680443678 5.42675721e-14
32733.7609 -29785.3151 729.624588 3.0116005 1.52090351 -0.515177489 1.57815712e-09
-10465.6116 21602.084 96.9657483 -4.953872 -2.25187509 -0.127327437 1.86188086e-10
30493.2724 13594.9309 -125.491663 -0.738952547 4.72640855 0.3818025 4.7347524e-09
-24423.7409 7107.18801 842.056025 -1.48358449 -5.67563428 -0.479767245 8.57280247e-13
16964.2173 -45673.8472 802.353107 3.3269099 3.3706543 0.677902821 5.68885693e-07
-16280.8774 -7799.17773 -997.355743 6.90208601 -3.43942302 0.184469365 3.7363365e-15
33515.8012 -36213.9679 -1473.1906 3.11477722 1.97538469 0.863550737 8.50606608e-12
32042.152 35423.7092 482.816901 -2.53191186 3.34804542 0.538668702 8.51819909e-10
1102.79214 -10423.8884 -251.819612 8.30033871 -0.904757379 -0.693280346 1.07308564e-05
34031.8284 32579.8902 -1344.32305 -2.35786856 2.33655501 -0.527895004 2.75013715e-10
-3864.58353 30849.1191 -447.152167 -4.28913546 -0.137971467 0.173656935 2.22355648e-13
36078.133 -29072.0039 1318.32484 3.51210152 2.59910508 0.222354358 6.08750689e-12
15874.3911 11237.5177 -896.401589 -2.42155439 5.53145538 -0.838275357 5.26744905e-08
-14366.6072 23891.2333 1239.22098 -3.64359982 -4.54843733 -0.178310908 9.96272702e-13
15194.4928 -39486.8782 -373.574005 3.59746036 1.3812465 0.397133783 1.39407338e-10
13617.9076 18648.9883 1476.36788 -5.5967231 2.23553663 0.863713413 1.06454465e-12
-44022.9655 1678.10025 -232.663896 -1.11007088 -4.0376776 -0.634448316 2.03556259e-06
-14511.5368 18189.2278 1386.73935 -3.24032628 -2.91875501 0.918466799 5.45780573e-12
38872.3127 150.925305 369.572523 -1.44741556 3.88413473 0.554097673 2.28102923e-12
-46615.1068 -8517.13534 355.825907 0.495429221 -3.804575 0.552791811 4.09927863e-12
12047.6864 1532.1399 454.135086 -2.53447091 6.26087539 1.09579069 1.42809946e-11
2990.67844 43893.9198 1459.23249 -3.4506182 0.803831394 -0.211776737 1.49182802e-15
-10640.9766 -8366.20615 -770.967804 2.82890993 -8.50541635 0.397209931 4.13682607e-10
-21918.4824 41087.7517 497.518016 -2.52183461 -2.69795602 -0.0186673301 8.02934891e-06
3831.10523 19664.6227 -20.6951874 -5.82458126 0.352577993 -0.13976603 1.30381277e-11
6156.75444 17363.8294 -1063.69467 -6.91310046 2.07647324 -0.761029033 6.90755872e-10
-7891.64462 44499.0632 429.408066 -3.69773225 -0.42298365 -0.275791765 7.54872973e-12
12556.8182 14918.4281 291.91209 -5.57802676 2.59990203 0.255111856 6.74600817e-11
-367.830242 21232.3225 747.302442 -5.11545194 -0.875742405 0.659856919 4.20965513e-12
42583.9217 -12072.4309 170.507163 1.01062714 4.42048995 0.246490324 1.49521744e-11
-40218.8486 14599.0108 -671.995382 -1.214616 -3.01892362 1.03380663 2.22488357e-12
6332.05265 48630.6775 -170.500547 -4.2664706 0.0902241449 -0.31263682 1.53254907e-12
-48687.745 9571.14704 -1053.68951 -2.33548401 -2.78762709 -0.399995468 3.30041749e-10
21722.18 14711.7101 -492.11111 -2.40209773 5.00556924 0.0805338288 3.28816842e-11
43007.1382 24813.4356 -79.7405707 -0.714598567 3.23609576 0.656765387 1.77449011e-14
25257.1576 31668.6842 930.698641 -2.69881631 3.76882866 -0.175082559 2.61835173e-05
29429.8367 37056.5229 631.117636 -2.02976796 4.01465991 -0.702971242 1.89447327e-14
-31736.4637 23773.9196 -1341.1269 -4.21883359 -2.30770513 0.0901431966 1.40729095e-11
-10696.7666 -44603.9196 -512.611949 4.20939407 -1.38398902 1.08535636 2.37249555e-09
-25958.4837 -605.921738 1396.89922 -1.32294075 -5.68359755 -0.218405495 2.53815794e-09
-15260.0278 -4012.55007 28.0601961 3.44155122 -6.5423414 -0.329496443 4.18303304e-09
-18219.5651 -29199.6041 1422.73026 4.54917869 -1.39733609 -0.765036497 3.39269548e-11
-42532.8568 14177.4978 -249.226484 -1.62436469 -3.22496733 0.259003676 3.43620826e-05
22171.4162 -14021.2956 -856.652323 1.50584895 3.89142407 1.2370085 4.25206241e-11
-28529.9209 -18687.1672 -265.442797 4.14624368 -3.00601792 -0.386921283 8.18410797e-14
-14097.023 2780.08941 -1350.80826 1.29460141 -6.45207759 -0.210571236 3.50719708e-12
4426.43828 -11818.9473 -987.37639 6.48996944 3.64334226 -2.41854566 1.14497503e-06
11088.0213 34842.3148 -1378.83285 -4.01485677 2.3120315 0.378779563 9.69767273e-11
-31905.2059 2677.05176 -1210.39772 0.348480168 -4.69831904 -1.09203103 2.9020528e-10
-21071.9485 -25593.0068 -1370.7959 2.06027918 -5.67130216 -0.15546404 5.30617363e-11
35837.6371 485.468605 889.703731 -2.97203966 4.12305299 1.37416271 1.12595484e-14
-27631.5672 12929.8478 1104.67779 -2.32031839 -4.92158609 -0.67503692 6.06338392e-11
-26841.253 3425.5204 -1147.76012 -0.181858743 -4.2274013 -0.185109257 3.13753985e-15
48507.547 11639.1679 -1247.016 -1.57128367 3.56708896 -0.544154733 1.66651708e-15
5768.44499 21777.8216 -1222.35989 -5.62403247 1.01737518 0.564874825 9.75641473e-14
39879.1413 19816.9832 665.06825 -0.709234953 4.41923759 -0.221047592 7.8347039e-10
4715.76971 21549.2418 826.883477 -5.30914275 -0.458699848 1.21482168 4.99176484e-10
3748.37575 10678.6179 -1092.09616 -7.10302416 6.13689547 -2.05407973 5.44545691e-11
-881.898493 -44506.2045 1077.81814 4.58295359 -0.776586098 -0.645765195 6.41709918e-14
-13608.8401 -42476.9733 -1368.79645 3.25528597 -1.55908044 -0.0326004382 2.30621645e-12
4613.00773 -22105.6447 -723.075037 6.11773096 2.61809922 -1.23099989 1.10023442e-14
-15982.1134 -31922.465 387.644057 4.57346529 -1.44910348 0.68762732 2.00927328e-14
15861.835 16573.8414 1075.41695 -3.46985462 3.52294637 -0.357922584 3.37632195e-09
-43186.111 18708.2794 1207.28173 -2.25799438 -2.75174538 0.412269819 6.69060453e-12
-8122.27637 24550.1131 853.286685 -4.29205126 -4.06422299 -0.216882982 2.92407781e-15
-39703.49 26804.6109 821.255852 -3.10707945 -1.73458947 0.434327809 4.97359766e-05
21282.9861 -21338.2244 -47.9404628 4.34710641 2.72420042 0.758819433 3.60259098e-13
-18989.247 3976.42828 254.912887 -3.61578706 -5.05768943 -1.3776575 1.37237984e-09
34786.6096 -35825.2319 1476.10349 4.14073921 0.961166867 -0.77166785 4.32860437e-12
-29552.4765 32672.8268 -1498.26734 -2.75703583 -3.20408645 -0.250925043 5.33500659e-13
47603.5724 8050.13261 -240.895656 -0.0466123427 4.20980166 -0.919006341 1.39953009e-13
5187.87905 18556.0893 466.508401 -6.11915878 1.38649656 0.604268216 1.36965954e-15
-12662.2794 -37699.1228 581.214101 4.77202659 -1.23929291 -0.0551645092 3.29428881e-11
265.566488 42314.0167 -1386.56816 -4.59126953 -1.38100119 -1.13862549 3.75661995e-12
-36675.2778 -27199.1622 -1268.64826 2.48054128 -3.42578212 0.603653616 1.95711686e-09
24821.2402 -4295.90491 -1140.76859 -0.849938612 5.29122023 0.680402609 2.19780577e-06
3723.44038 -33497.841 900.282317 5.41902916 -0.346137904 -0.960960956 4.90345961e-10
-1781.01187 -44069.8687 771.272022 4.71923881 1.01951155 -0.324088365 1.23417243e-10
-34701.7732 -1201.80502 -677.582537 -2.17695232 -3.90187579 -0.620028282 4.40350068e-10
-4105.7916 -6608.34775 -1130.04136 8.33156172 -0.912790256 -2.6817767 5.65778777e-13
18460.3951 -12253.3784 -556.503965 0.959145122 5.7168338 -0.693781427 3.61651643e-10
16090.3893 23879.2374 -1347.9922 -4.47210936 0.476278389 0.685452809 1.26862572e-08
-22900.9191 38867.6676 1205.64358 -4.05527676 -1.45175973 0.761962872 3.06582554e-14
1716.75652 -11328.4854 89.6046539 7.33740073 -0.501877441 -0.614800493 2.35156181e-12
23353.4196 2318.35607 1436.3823 -0.876572246 5.47785115 -0.512013176 5.66000799e-14
-23084.8594 28268.6677 -1231.89641 -3.18828379 -1.78033646 0.818384644 1.18037692e-15
14467.5066 -35204.3354 1423.52868 4.04508939 0.7606563 -0.765139696 3.56641277e-10
-19344.2232 19504.922 1008.08019 -3.24997798 -3.46516224 0.568117179 13.7874075
-44673.265 12253.7037 -1201.6741 -0.0677876523 -4.619533 -0.229967588 1.60262699e-09
3243.77581 21974.0204 1085.71109 -4.58396477 -0.677481525 0.583651188 1.16093438e-15
11245.465 17083.7819 995.518977 -6.56725705 1.3508364 0.1425948 5.44326929e-12
29773.7931 -28571.6167 966.09411 1.8503077 3.71615345 -0.0893672661 4.15305578e-14
5915.70308 47598.53 -479.160462 -3.72296724 -0.0807056569 0.555072057 4.01067816e-15
-32927.4385 -1368.89787 1344.52918 0.783916811 -4.81286168 -1.09016036 9.58340776e-13
-18032.416 -42973.6301 -557.733804 3.97949123 -0.414429805 0.310581666 4.15886004e-15
-39286.7132 -30317.1859 -197.545946 3.20625217 -2.9887309 0.230977981 3.94086901e-08
25897.9294 24269.2838 1440.0824 -1.99190788 4.72273207 0.722093042 2.75645543e-10
-20723.7791 38754.866 -1421.92544 -4.29530667 -0.898176143 -0.479729359 5.23672188e-09
-23678.1643 -34664.3319 -3.07186004 2.54796418 -2.57683502 -0.135494536 4.87590233e-09
26806.5365 -25379.3347 -1072.79932 3.79937396 2.77608099 0.222770301 8.74885669e-08
47713.6005 -1517.74401 326.008265 -0.495701164 4.44103461 0.388077706 2.17395734e-13
19713.2189 45041.4532 -499.197358 -4.40203989 -0.738406883 -0.344449048 9.9127696e-11
21479.8581 -12138.7634 -28.8024971 3.70297471 4.79864663 0.238606293 2.14728354e-13
42907.4124 -24588.4779 589.251041 2.13937714 2.44842321 -0.254098603 6.69704773e-11
-9564.88305 -47148.7252 -1052.92368 4.0904832 -1.68503659 -0.226089964 3.19546192e-13
-27365.2818 -8349.60289 -1097.11113 1.49073068 -4.82457447 -1.59342079 0.000104631385
-26625.5841 14231.3669 181.629588 -1.21988816 -5.73679236 -0.579066549 1.93731052e-11
10728.6537 -32877.9203 846.38533 5.33572751 -0.393221032 0.681145259 9.29146844e-14
7139.46217 -29197.8999 1240.98778 6.14813126 -1.31598755 -1.66917603 2.65045037e-10
-4841.39924 43859.975 -1018.82181 -3.7331859 -0.160652099 0.990309118 4.28392903e-12
-24606.9584 21291.0582 144.917923 -4.06591321 -2.31439769 0.10496468 3.503507e-12
-42246.5515 7553.56361 -39.4500163 0.0649101306 -4.43950003 0.104711271 8.53824991e-05
34969.6686 -9220.73428 820.386143 2.79199941 4.57437115 0.624285081 4.92815242e-15
11519.1628 -26073.5807 992.739533 5.06137424 -0.423574354 0.231363336 1.03786843e-13
18797.131 -5454.28971 -844.929643 4.01753522 6.05577817 0.156736892 0.309080324
-8729.64038 -26897.2966 -1451.06647 3.72019575 -2.37811437 0.484339592 2.09491265e-11
-21012.5357 5689.05067 1046.12828 -1.05755436 -5.74896331 -0.528375416 2.64175338e-13
-2827.50691 -42544.6184 845.518372 4.63401294 -1.94981537 -0.400866709 1.43347589e-10
-44157.388 -1006.69294 62.8237334 2.24549813 -3.93733176 -0.611394407 4.31113717e-07
35955.4115 -5183.3794 886.030703 0.7276076 3.9907545 -1.05902691 3.65160114e-09
28687.8662 40572.5098 162.683881 -3.13609946 0.919840202 -0.487828194 8.29514989e-13
-4891.75111 11342.7158 -136.101546 -8.42566388 -1.43571201 0.204110549 1.8499523e-12
-9260.97214 -15834.5082 -9.90197209 5.50224818 -3.00207576 0.668582597 4.77831637e-13
4464.86278 -12894.1178 -1039.69488 6.82391234 3.89521057 1.68123449 6.15835054e-14
-8880.48078 -19750.4898 -140.352665 6.14971073 -1.48179893 -0.169552516 4.46142449e-10
24935.1092 -19024.1446 -28.1567392 3.65978545 3.68577917 1.81110165 1.84844193e-15
5837.97413 6591.2455 271.058831 -4.22882915 6.44133455 -2.62716104 2.51941997e-13
-22757.1159 -11451.2507 -1429.58895 0.918092466 -4.92499218 -0.794302684 1.50997769e-11
-21462.4725 10553.6309 -80.8394262 -0.356316431 -5.72534846 0.732313628 3.25811565e-11
-15159.9075 35879.2774 92.2276063 -4.21128624 -0.156424965 0.191354516 6.03530411e-05
-18278.8631 -13705.9095 -662.966984 3.24086239 -3.17575978 -0.853137498 9.73522949e-09
21259.0178 -7258.97593 -315.927538 1.70261312 6.11274655 -0.45185438 1.10308241e-12
-7450.29305 -1165.25444 622.81937 2.31330259 -8.7696804 0.856794274 5.35252033e-09
26358.3283 19637.4545 1195.54309 -2.95886893 3.22194157 0.19895661 2.81392504e-13
-13130.9669 -30189.7997 -842.417518 4.48235277 -2.19536607 -1.28924592 2.29555005e-14
-3312.84978 398.305655 1324.73934 -0.42389021 -14.4751381 -1.60877348 1.02858991e-10
-40019.0401 11696.7161 144.47771 -0.844260841 -3.33670064 0.164988552 1.07746282e-15
-15417.3224 28853.5158 528.905753 -4.21997463 -1.11807002 -0.425855581 3.06081331e-12
-20251.6499 45609.5406 -439.100785 -2.07641881 -2.99223559 -0.303425647 1.82883575e-05
37129.5705 -4454.63996 -650.299239 -0.207509582 3.66668031 -0.053228227 2.77681777e-09
-46574.4476 -16117.2476 -1053.23216 0.406935397 -3.46071628 0.239594032 2.76793683e-06
17607.4317 27839.9636 203.287539 -5.76114228 0.622670673 1.02372956 2.57546272e-09
-1636.79716 40736.8765 -825.073584 -3.99394958 -0.243203306 0.200385218 9.60894256e-10
20768.2324 39080.8721 90.517952 -3.82544621 2.38371 -0.348831674 2.27649485e-13
-3713.53832 -44820.942 205.950645 3.49221241 -1.90054785 -0.414636988 1.74065755e-10
-24901.6681 37838.3156 778.377651 -3.30535711 -3.23497316 -0.416625633 3.27617856e-12
-23336.2769 -29349.5473 -384.970783 2.39957928 -3.70771057 0.973976093 4.6395858e-07
39760.6411 10553.4535 725.211487 -2.32172913 2.74521419 0.455627943 1.19029994e-13
6183.31502 7998.7538 434.125416 -6.36911451 5.36381438 0.536833081 2.24756335e-14
1435.88589 -35571.4301 418.12257 5.04000908 0.400517284 0.066991377 5.40992192e-14
-13258.5462 -35958.5406 920.689249 3.54758664 -2.3498237 0.577545404 0.296335346
-25440.8682 22203.6314 1490.76177 -1.87800484 -3.11561739 -0.352469267 4.68769329e-10
-4617.99214 34329.7178 828.387305 -4.11584744 -0.541154054 0.485927982 9.57028358e-14
19526.5396 -34605.0979 -165.995849 4.0764872 1.52765688 -0.217084342 2.98603823e-08
45162.1436 -17436.8479 78.9959544 1.11265225 3.72858988 -0.373140002 1.89849389e-10
6709.45101 33443.0357 28.512997 -4.48627014 -0.378782575 0.00987968718 4.74869553e-14
-1032.68301 5484.4611 -1011.26088 -13.1429788 3.53215076 0.762625755 8.87267056e-13
-38348.5063 -23373.6366 -839.763654 2.19665708 -3.85300659 0.186737518 2.22312344e-11
2161.96371 46264.1555 17.2301834 -3.30952516 -0.640602593 1.25689602 6.6391966e-08
4758.11963 -33071.4255 279.763373 4.39795118 -0.48170618 -0.226829616 8.25517108e-09
-42944.3067 17249.3241 -486.634346 -3.79853607 -1.82134655 -0.512307016 3.39626829e-09
26799.7309 -18940.2456 -298.282314 3.50575883 3.32901325 0.756220962 4.17078403e-15
-21825.3911 44456.2603 878.23597 -3.35048154 -1.76773979 1.25924407 7.75467163e-10
43732.5185 -10796.9843 474.725991 -0.622237002 3.36587661 1.05406389 4.03801321e-13
-20205.8354 20508.5449 572.633169 -3.11940517 -4.69929284 -0.108595332 4.47996483e-14
23144.6679 -39121.1288 -217.136106 5.05372034 6.989385e-05 0.0267310088 9.17650057e-14
-2208.66364 30755.8939 -862.210414 -4.93085111 0.277098179 -0.69358702 2.45300334e-14
23404.031 37898.6269 602.197403 -3.02981588 3.0692934 0.458029258 1.16888833e-06
8086.53828 -36993.4719 -621.152928 4.7936477 -0.644870945 -0.414376311 5.0911968e-11
-12565.1301 -16880.4711 1375.79508 5.94543703 -3.17920025 0.37453399 9.3571782e-09
-33275.6562 35378.2119 131.49735 -2.65251452 -2.97777451 0.796230373 3.87578206e-11
-1902.87803 -6857.80732 -1076.08384 11.1820955 2.49925479 0.124766781 9.24550736e-14
30609.6058 33941.2005 -1267.80838 -3.76598113 1.04061011 -0.185593535 5.54657949e-12
-3123.01671 -34649.6172 1264.29859 4.84300594 -0.264572588 0.282600336 1.5837869e-09
11975.6827 -15633.0205 -909.823924 5.16677854 4.61894344 0.591451945 6.96634608e-12
-39800.5752 -12577.0786 163.951647 2.44990342 -4.19232234 -0.191313123 1.11949085e-14
-19032.1233 -34916.0068 -105.794983 3.3610524 -0.721001119 0.504857952 4.88103375e-13
23853.9444 -24565.7897 87.1208657 4.45117828 1.04763648 0.030603119 1.91459631e-09
-9249.18291 -2459.42353 -863.410474 1.9320182 -7.94507314 -1.65539367 1.98464886e-11
-5112.87604 249.335762 -111.549768 10.3287728 -13.2372051 0.972294457 7.62863304e-13
-21703.7576 -32819.9177 1296.0113 4.31409173 -2.3776985 1.50048714 4.32053666e-15
-24805.9388 -35514.8389 -5.52621241 3.92400951 -1.29695524 0.379226181 1.24902155e-08
1089.62478 -20546.4131 -667.492641 6.18365335 2.73109207 -1.23806308 1.76952962e-09
-34417.7087 -16506.1232 57.1283754 2.2563915 -2.92909504 0.176964511 1.29118124e-13
31016.1572 26017.3191 215.110687 -1.58845592 4.24575814 -0.39023006 2.37595147e-15
-16724.1039 -33485.9243 442.200058 4.42329528 -0.677090015 0.5068276 5.57330076e-13
5370.71457 43639.6747 170.883847 -3.317608 1.67530914 -1.17885758 5.72790494e-09
-12737.4736 -37080.2631 507.47063 3.66761409 -0.687193479 -0.192253245 5.30434814e-14
-28584.6798 39927.5938 -535.352777 -2.86084527 -2.31656207 0.706752152 5.31605723e-06
-33816.6498 35131.7674 -804.872938 -3.0828881 -2.92499363 0.680939275 6.1210969e-11
29613.2085 40246.1678 897.349128 -3.49475836 1.60458205 -0.177341675 3.46885312e-12
-47440.8215 -10018.246 1124.20494 1.42157781 -3.6640933 0.0417828707 4.67086136e-08
37172.1883 -7388.07882 -610.142588 0.787278487 3.80989481 0.102488239 2.25926371e-11
16.4719018 20312.6944 495.583629 -6.25715682 -1.85345713 0.409873184 2.09375049e-08
-4153.76441 -47468.401 -464.241123 3.47318585 -0.51358738 -0.153602542 1.08302711e-06
21047.4173 -27157.0499 819.625588 4.06973863 2.97432233 1.09436376 3.57922876e-11
5337.83158 26118.4738 -1490.07596 -5.11425168 4.52948458 0.545445729 1.9125461e-05
-37993.6015 -8078.3149 -656.520814 1.79150281 -4.3340193 0.840679622 2.32680571e-11
28757.0458 6221.03086 -519.777276 -1.29458932 5.14990104 0.707247894 2.59412195e-05
-2371.52681 964.617524 -840.064396 -10.5162451 -13.0423784 1.88233702 4.50638089e-10
-26070.2592 29899.475 868.09284 -4.16647969 -1.80432876 -0.148532047 2.15402104e-14
38073.6728 20636.6375 1108.85096 -1.84445416 3.85989363 0.229961609 1.92144102e-14
18922.1018 -15330.3675 717.596315 4.6384008 3.48847457 -0.0346850212 6.89552062e-09
20018.9301 39465.2784 -1406.55827 -4.40593349 -0.272235763 -0.724270049 3.4768412e-11
29011.6967 -25571.4405 -265.976917 3.55956939 1.87728342 -0.0761573351 6.10835649e-13
-6277.8529 13805.3696 858.995294 -5.73896146 -4.75814075 -1.13333101 2.12703074e-11
-18355.8694 -40967.8386 1481.12705 4.35885949 1.20338241 1.10112136 1.54219348e-12
45109.9423 3490.85785 3.86824824 -1.25274218 4.50265921 0.0544144583 22.4343087
23551.8673 40766.8189 -655.728169 -1.79730794 3.03114011 -0.106514563 1.81940982e-10
5450.92335 -31627.0965 -63.8098114 4.78030897 3.01436923 0.22192036 4.02551118e-10
-2302.47278 40159.8803 -1482.21819 -4.83787657 2.34029496 0.0966227738 1.09395815e-14
30636.0595 2737.16977 327.707187 -0.862199191 4.33675868 0.874579778 1.19506386e-11
4280.62829 -20233.0024 -857.922256 4.88006839 0.947402905 -0.326327592 1.6302648e-15
33900.8892 11983.5835 -1337.86098 -1.88990931 4.78658795 -0.50730257 5.9785334e-09
-17712.3153 14080.0497 -858.158642 -1.9830112 -5.40150392 1.1019801 8.11042572e-15
-9883.76924 -36649.2774 -398.497121 3.97566331 0.236322824 -1.20452601 2.10342826e-06
-12691.073 24742.7524 1441.0207 -3.00412444 -4.05960038 0.0802730318 2.41537523e-14
-34935.9369 24009.3186 1348.71302 -1.38231697 -4.60471004 -1.11072582 9.92043925e-11
-42377.7388 -14336.6114 1124.75721 1.08684701 -4.02359766 0.140422495 2.96580351e-15
-41395.2763 -16817.8833 782.457843 -0.111793142 -3.70044583 -1.04744541 3.7655389e-13
10833.0812 -24595.6226 1384.64459 5.29161308 0.0981025986 0.680545713 3.98197877e-08
-4833.39353 1485.03591 -1202.93605 -7.25298253 -11.1803391 0.768643461 1.64186598e-05
-41962.8339 16215.37 1080.82454 -0.466020058 -4.21682902 -0.0669720764 6.77424695e-13
24864.5144 25876.3196 532.10495 -1.72423433 3.64487797 0.76064398 1.80689382e-15
-23718.8719 -7305.40664 -264.420745 0.753071974 -4.57943743 -0.304812938 3.79661577e-05
1626.94789 -15661.4786 -495.053089 7.03794985 -1.35509474 -1.07532118 1.27680967e-05
30664.2943 -834.333377 -675.285775 -0.20519352 4.93941467 -0.788329892 1.48539533e-13
23047.2767 -31319.671 -1417.77564 2.90075467 2.56797528 -0.324379885 1.85901928e-10
-4467.69694 28985.3254 127.901432 -5.83589226 1.28701054 0.397910098 3.07396089e-05
32468.4093 26225.0066 1332.94833 -4.00217154 2.16197329 1.07254822 8.48615287e-05
-46980.1055 12664.3802 -540.740735 -0.709950885 -3.45788533 0.464659232 2.8292236e-09
8403.93129 47956.2358 1207.34989 -3.74762448 0.953220433 0.327339889 1.18300923e-09
-29788.3437 -17741.5221 506.580301 3.62306097 -3.52965796 0.737758476 6.03770479e-14
-9214.73682 -43332.0691 -274.064978 4.42757071 -0.572905742 0.110540277 2.63793092e-09
8153.47011 41804.8193 -1252.2415 -3.94365215 -0.80098054 0.846095504 1.24465112e-13
47694.4278 -7515.76085 -659.733749 -0.515337056 3.26738737 -0.648610396 2.88161944e-10
23547.8448 28103.193 1309.57945 -4.51896577 1.6952727 0.367040907 4.11647232e-09
704.475028 46430.5 -409.090063 -3.03014472 3.03451657 -0.0145490811 7.03748584e-11
-31281.2223 -15485.8636 -1287.03652 -0.16477027 -4.18228324 0.152296829 1.55348448e-10
-21421.0317 -28794.3702 862.626745 4.37261999 -1.58168807 0.0349567147 0.359784926
-18481.5831 -15889.631 -691.154025 1.30424482 -4.82735801 -0.750750408 6.02768237e-13
-10918.0611 41830.0573 955.394359 -4.65184407 0.647557298 -0.062834603 2.68989235e-15
6286.21515 12279.8187 916.362057 -6.9576644 3.51049928 -0.684327203 2.1930133e-10
13007.9062 -8432.99888 -1482.89166 6.33639645 4.27335495 -0.132239764 4.07055043e-12
-10791.7907 -27503.7153 -1349.505 4.93951314 -3.00945078 1.56204705 3.10592559e-12
-23063.2562 -7664.83009 -960.000616 4.1802715 -3.52309179 0.941864945 4.83202713e-11
-27355.6256 32646.0643 -990.284099 -2.52151344 -2.1510928 -1.83876371 5.45121654e-10
-19608.2041 -40230.8767 -38.4863313 2.53305359 -2.52039235 0.702979349 1.1259409e-11
-29450.0155 14309.2483 1105.97424 -3.78398003 -3.28657829 1.43511103 1.6427687e-11
-6712.82704 32909.6841 -307.958786 -3.52349005 -1.71329379 0.23195382 1.52084715e-12
-13022.405 -6719.80044 -254.700439 2.09968125 -6.72131609 1.15580158 1.08828621e-11
-3725.98424 -14391.4834 -663.418298 7.6647097 -0.221654404 0.92118338 4.66092217e-14
7546.67628 9442.42956 -539.097472 -6.14310447 5.69033087 0.942405887 1.32247644e-11
-30882.5876 -11467.2594 -20.3759659 1.44780471 -3.9808625 1.48547715 2.07070235e-14
36427.1569 -3443.47312 -1482.43443 1.37665559 4.98351977 1.05377354 7.36599647e-12
-37301.0224 10012.348 408.721725 -3.46349398 -2.58155228 -0.827230933 2.05594932e-13
11168.1839 -24918.5922 81.4845003 4.56451693 2.20836898 -0.819701725 0.000179880526
20913.8411 21907.0074 2.57444611 -4.65135581 2.8160658 -0.882735929 5.79833328e-06
8768.21334 20638.1213 703.947036 -5.24261823 1.86804678 -1.23633311 1.56027785e-12
2313.76341 1810.6708 -783.080258 -8.45343731 13.9144282 -1.15810237 2.56484064e-14
22331.3637 18549.1707 847.538434 -3.10905966 4.87295573 0.0404385458 1.04737149e-09
6232.41308 26077.3944 -418.264464 -4.84705129 2.10535506 0.0281892598 4.28231743e-14
42918.8202 -8914.60281 -758.643597 0.585481893 3.86117454 0.40729885 5.84860705e-12
-9691.0606 -27507.6126 -1046.10436 5.04287057 -0.967749983 -0.186953913 1.0042628e-10
40528.161 -28224.611 82.3063065 2.08586546 3.92092631 0.306415391 5.40438752e-07
6256.19514 30958.1711 -1417.06652 -4.73264163 -0.426318472 -0.515033916 3.62093344e-15
31631.4582 29895.8507 -1345.13913 -4.56440767 1.80932807 -0.619607154 4.55190502e-14
-9910.20674 -29857.4704 -437.706896 4.45591863 -0.484452923 1.10439883 2.25009982e-13
-3782.95068 -47781.2753 -1138.17706 3.18326013 0.813130071 0.464385108 9.71058582e-14
35977.5877 26999.2826 -291.735885 -3.78010223 2.81404891 -0.25628363 4.22406306e-11
-35857.3241 -17135.266 -700.247796 -0.160137707 -3.98329514 0.986242276 2.87764602e-09
-24205.1429 -24038.6683 -938.379212 3.77795532 -3.61022712 -2.04685906 2.44450674e-13
-44364.0025 -12839.8994 -515.569177 0.371299316 -3.57515442 0.633147717 2.39317922e-05
6088.3612 -7889.42195 1027.11656 4.77957817 7.18428606 0.819861576 1.80194164e-11
41484.1674 -11689.8978 512.494679 -0.515128888 3.44252881 0.481607122 5.29678853e-09
5193.31897 -9581.20593 173.939878 7.05560812 3.94350825 1.02647259 5.22556717e-13
22931.8796 -42358.7481 581.01463 2.82563477 1.88480368 -0.975040948 3.7794277e-11
38976.2052 28061.247 1410.7461 -2.23507113 2.9081225 0.76815014 1.76769678e-12
-19637.5344 18335.3952 -84.7288473 -1.9062139 -5.53415868 -0.563725474 4.05099619e-11
20477.6473 -39892.4918 629.072962 3.62888041 1.27169536 -0.430472873 2.29411957e-12
-12150.8511 8041.42133 323.914656 -0.405949335 -7.2671096 -1.05791694 2.8947808e-11
-0.0637069779 30819.2985 -417.455215 -4.96843522 -1.35281136 -0.436318231 4.35765276e-10
42919.3047 19366.6804 -1292.67823 -1.22749251 3.90509265 0.00344919058 4.86786761e-11
-17967.2815 22983.2656 1350.03018 -3.64756813 -3.60144018 -0.845379803 9.36723806e-09
-37350.7092 -13878.937 -1382.65105 -0.340609727 -4.19615342 0.501419453 6.2448312e-09
-18328.385 -37111.6146 947.014484 3.17769335 -2.98323556 -0.816904338 2.61735808e-14
35646.9578 9938.96657 -173.317731 -0.96024289 4.51915912 -0.155064267 1.29790014e-14
16237.5855 -23850.9237 -1001.95165 4.05867553 3.78943479 -0.33544935 1.58219775e-11
11624.7564 -19035.3549 -342.866691 7.08057143 0.902782641 0.829473971 1.50967984e-11
-22681.3725 19047.2028 -564.163204 -4.1078348 -3.28625411 -0.120642315 8.33915225e-11
-5948.2555 37042.0571 527.200304 -3.90884694 -0.070530727 0.509337641 2.65414915e-13
10105.6032 -47897.7921 -47.8797858 3.93307229 -1.30906458 -1.5363791 3.05454661e-13
-21472.6326 28843.6971 -355.049242 -3.90068761 -3.03636135 -1.31237437 1.85667387e-15
-2582.59524 39434.4949 655.101094 -3.41923307 0.191379548 -0.72908276 9.05710455e-13
-17543.7575 25885.3926 622.555023 -4.66608469 -1.23941565 0.0163472238 6.10269692e-10
24799.9496 -9818.28388 1062.40502 5.40766406 4.12078977 -0.858735804 1.0343787e-12
-26228.4421 -38460.0459 206.667483 3.81530295 -0.512782309 -0.269341754 7.14759659e-10
-29461.5945 -18423.8347 -674.948548 4.87400166 -1.17172948 -1.56308848 2.90505501e-12
2224.25691 -16613.8864 822.383884 6.86941138 0.832550531 -0.661341914 0.000112233079
10016.592 39910.0139 481.775054 -3.96296977 -0.061992681 -0.176801023 8.97076842e-13
29555.0376 -33693.7688 -1205.49757 4.14205077 0.459799793 -0.651897349 2.33706712e-07
34414.2848 11071.8842 574.835177 -0.419078126 3.73620772 -0.268676546 9.29982087e-11
15950.1789 -5779.41827 1447.17227 1.06445867 6.32672036 -0.229313622 2.04103417e-14
-33747.5768 -15552.1516 -199.769806 1.64612006 -4.22334439 -0.236087762 2.06429436e-11
47683.9787 7966.43266 1221.93705 0.709800622 4.20208387 0.561887601 3.23228695e-11
-4855.22195 -12025.9984 425.22939 8.48621704 -1.08063093 0.573547329 1.34567135e-13
-25406.2516 -42577.1041 1140.76465 2.81295955 -1.66170477 0.157728781 2.42576105e-13
2433.35069 -41016.3508 462.084256 3.4879898 -0.234355441 0.792733438 6.25842185e-09
41836.6478 16808.0426 968.439508 -2.21648039 3.67801401 1.07817945 1.9105884e-15
13173.0043 -36672.3095 177.910088 2.97309699 1.64955176 -0.373575776 5.89676207e-15
-13153.5831 21198.3914 1457.98273 -4.6928218 -1.42968405 -0.723801831 8.27735144e-15
12882.1748 -25428.5887 -724.288848 4.74712625 2.77620932 -0.458389867 2.09112925e-10
7467.33347 -37364.4776 -447.745036 4.88344516 0.653319898 -0.467409685 4.54738944e-14
-22405.797 13213.3563 -640.028201 -1.60817647 -4.36092367 -0.105785396 5.10255324e-15
34459.2978 36187.5324 859.97765 -3.15353933 2.60192188 -0.154115756 1.98462127e-10
-12003.0888 20617.4936 -441.233169 -3.60636005 -2.85610709 0.948973334 6.95810866e-15
-35642.5206 -10636.5006 -1164.20936 1.39080362 -4.65416859 0.358366067 8.10403312e-11
32144.4267 -36303.0458 1222.3703 2.54635396 3.46019439 -0.363891211 1.5642117e-12
-24572.1267 -36988.7247 468.405535 3.24935233 -2.57097466 0.334410169 2.6724959e-07
34812.2607 -30958.8621 -1492.46608 1.8517087 2.43872424 -0.480063955 1.69660794e-14
-31417.7622 -8745.11634 631.178955 4.66897595 -2.71606853 0.898609501 1.43286631e-15
-26651.008 9509.98411 904.651327 -0.561559186 -5.68998879 1.56881825 7.76543058e-15
5310.58216 31331.3354 -666.100423 -4.17417976 2.52767653 0.776986573 1.43943312e-12
-7059.00471 17830.4757 -907.167451 -7.0047603 -0.14103301 -1.10312241 6.40990805e-12
31266.7769 30583.5325 -268.201995 -3.05619264 2.45541682 -0.36429015 2.14370821e-15
5455.10318 -7510.57422 1420.17856 3.70338672 7.46532945 -1.11054139 1.66171062e-13
-15226.0895 -38462.3089 738.486176 4.39984659 -0.602469845 0.0800750921 5.65203201e-13
-40997.9687 -10617.4728 -39.1240929 0.00195088583 -4.13327152 1.16671435 2.06512716e-12
23845.4662 24187.7702 1385.30778 -2.37637147 3.74553153 -0.430907049 1.25984402e-13
2239.49024 11006.2625 302.060169 -6.89689275 0.862881556 -0.596681657 6.65155868e-05
43873.3229 -11751.1266 -653.812729 1.31441367 4.34688997 0.197279977 2.39351388e-10
-45909.24 14274.9212 284.102181 -0.282527364 -3.75792344 1.03699925 4.9618038e-05
40172.8717 554.664371 -208.968535 -1.03555011 4.29202887 -1.03565871 1.46545509e-09
21330.9673 2038.49771 -725.483593 -2.71444713 4.78548179 1.1612988 1.43642557e-12
-21266.988 19741.3131 128.449598 -2.41888087 -3.05450397 -0.79683504 4.14427448e-15
-26921.1083 -35839.6289 -780.872055 3.67822316 -2.664035 -0.383182382 9.40013304e-09
27249.508 -2288.80097 -549.912492 3.79019536 5.26612028 0.171058188 1.07328769e-15
7847.31908 25871.4591 -949.26738 -4.59009443 -0.186100836 -0.644111792 3.28130699e-09
37486.0794 -17905.8386 1069.33172 1.61907615 2.95859501 0.404973481 1.30434926e-15
4038.71526 -30779.4906 -254.11914 5.61350804 -1.24678972 -0.819155634 1.93586126e-11
-39739.6007 -25918.9137 639.699822 2.3628483 -2.14686048 -0.0867163901 4.68846628e-14
-9834.0068 33494.1954 -1238.30131 -3.54631011 -1.39113554 0.0967418114 7.23501125e-05
-28975.0078 30079.7098 -1261.0043 -4.11481802 -0.522540874 -0.0145106177 1.85643413e-12
-2382.79257 36710.3488 -680.020569 -4.98492148 1.50280232 0.186626268 3.78430989e-12
-26541.3709 38492.7657 646.117283 -2.25969449 -2.45769758 0.0770400868 3.31989513e-10
-41156.0277 -12699.4243 809.357862 0.136957895 -3.92810181 1.53577802 7.28276899e-13
-29068.4674 -32063.1349 -1229.07598 3.52747571 -1.36130548 0.331422028 0.000764420232
32350.9613 -28094.5763 -466.388778 2.25134462 2.43062583 0.342233195 4.73801058e-10
29922.591 -15086.985 1263.11406 2.22920591 3.69658749 -0.887501961 8.36015639e-13
-18316.8824 -27859.0017 282.724772 3.80371359 -1.51720001 -0.204592276 1.59757905e-15
-21616.5633 -28433.8608 575.522178 2.18529415 -3.10635589 0.404833971 1.8734174e-15
-9180.13019 859.300984 -1289.57854 -4.82666267 -6.69180254 0.164225309 7.79110881e-15
40940.4252 -11563.0721 -162.547685 3.0476865 2.81760116 0.234181566 2.47738286e-11
11990.5895 -34539.6527 -28.0386082 4.44746723 0.15646149 1.3253547 2.36789078e-14
38556.6628 2354.96339 735.439931 0.207683751 3.68296196 -0.0180676032 2.03426596e-11
-16374.2171 36530.2522 -779.37548 -4.04700588 -1.46112677 0.273939154 5.84763701e-09
-642.94595 32472.0757 -55.7448 -4.70387934 -0.420597533 1.05571751 2.38765795e-12
29635.9744 -16911.8604 802.551562 1.85983383 4.56168979 1.27293483 3.56870982e-13
-38502.1834 -9438.51799 -1062.64884 0.628893277 -3.70536946 -0.54368761 7.40654161e-12
-21303.2426 31669.1903 -245.118363 -4.01191654 -2.19481556 -0.851709719 3.64198211e-09
-27348.9128 1484.88998 1202.72213 -1.18658123 -5.26701893 -0.124686017 1.0343601e-05
-46294.0293 -17476.7854 -288.978521 1.11383488 -2.78024827 0.890720088 1.17780464e-14
33386.9045 13117.6419 161.791087 -0.276583601 4.6743919 -1.33218401 4.32375261e-15
3395.43142 -20789.7653 -6.92699713 4.68442733 2.8017254 0.753637464 1.0238236e-07
-1043.84751 -17698.2204 507.265818 5.36255735 1.89287694 0.749733505 3.28830873e-15
-8248.70728 -30626.1383 -457.363751 3.86665322 -1.86142665 0.492437948 2.19813601e-08
-34163.8508 -7152.97596 -1136.76658 0.66872195 -4.55023174 -0.838405992 8.46963045e-12
45334.854 7160.75613 -394.770204 -2.18457923 3.94123586 0.150523275 3.06084093e-09
-24906.5351 38265.4595 739.045819 -4.66934704 -1.05064454 -0.578645454 2.56950914e-15
16697.6778 31995.2146 -546.67663 -2.9752419 1.91640025 0.0982134193 1.95823014e-13
23291.3807 -30436.4793 614.548639 3.06057159 2.12854369 0.644300947 4.07664374e-14
30107.2835 -31982.7649 -1132.09198 2.71544927 3.21467711 -1.09638801 4.72536389e-14
25811.378 -22959.4441 680.198539 4.51620311 2.31920212 -0.168671091 5.9732469e-13
-37612.5014 -19962.3034 100.058176 1.85480869 -3.52497936 0.369398474 2.89260843e-11
20758.3515 -12633.3502 828.186621 3.24359834 3.52215841 -0.376282231 5.01205821e-12
-11902.4332 -47960.1406 -1145.52436 3.97198011 1.04997628 0.0505327771 1.06490099e-08
25783.6888 1304.98444 770.865408 -1.24821706 4.36202327 -0.497755218 5.32038116e-10
-24502.86 -37733.233 -428.039415 3.37257517 -0.736821139 0.3811913 1.46610892e-11
32143.3666 -36134.219 258.562114 2.78545595 2.70758662 0.923042704 2.51783406e-13
9951.01606 -33021.9248 -1153.77982 4.09545938 1.40397742 0.108751528 6.11253209e-14
-40927.7071 5877.1026 -1230.48774 -1.63754173 -4.28026361 0.52899263 8.54852808e-13
31932.363 -28338.5385 583.023764 1.91627418 3.44361933 0.680993105 8.70095189e-10
-18910.8595 -27616.393 -669.750083 3.4056406 -2.43328912 -0.336964448 1.34963571e-10
-23557.107 -30552.6041 185.872731 2.83702228 -2.33843042 -0.161798311 5.07066553e-07
10652.7093 -42639.7228 619.294244 3.93796624 2.79470535 -0.244130093 7.53071097e-09
-22207.9818 -30101.513 221.541287 2.73632507 -2.25744865 -0.698743323 1.21622674e-08
-26910.3655 13325.3277 -1352.38052 -0.929723772 -5.81962652 0.146846504 1.02843936e-14
44693.9956 -9819.88958 -1112.07959 1.59709518 3.77648425 -0.319361021 4.07217671e-13
9061.89266 -22283.2623 -278.414497 5.5483176 1.18687493 -1.04197659 2.09613318e-10
22993.1374 3425.43649 -657.225464 0.330596059 4.94312212 0.255218523 7.34611589e-13
7958.11847 -24192.4438 868.532593 3.48558687 2.90728515 -0.308689959 6.95100227e-11
-29882.2407 -1994.28313 756.622033 -0.0131334241 -5.13248294 0.910335477 1.68683545e-14
-19522.2851 -29075.7939 593.092453 2.7312387 -3.28527666 -0.695473172 6.61817346e-15
39374.9623 -26479.2653 953.544002 0.367233833 4.93242782 -0.770071095 7.62752255e-10
-18517.9275 14177.7708 -101.245161 -1.66216871 -5.29501233 -1.44150233 1.7878174e-13
19959.6262 30267.3359 1117.48556 -4.35776492 -0.263207466 0.477259784 1.48236301e-11
41012.077 10482.5452 511.479339 -0.884811846 4.40680785 -0.293975798 4.59490818e-07
-2347.69081 14689.77 524.065138 -7.99735078 -0.638863693 -0.0291594623 1.34010619e-07
1970.77248 -16478.6276 874.781837 5.29870636 -0.828595807 0.285134431 1.45088792e-11
-5003.29078 -26645.3559 1377.86049 5.82236608 -0.221760797 -0.239417192 9.19832215e-11
-16468.9832 -23488.3585 1262.56417 3.4190457 -3.54917338 1.7881293 5.4966426e-09
-31342.9307 -9567.52414 157.004624 2.04156401 -3.58156575 0.344692237 2.82698013e-13
19422.9492 27898.0064 532.043107 -2.60444839 2.52040921 0.0230503277 4.40987331e-06
18523.776 38541.5032 -807.444989 -3.95408977 0.96655439 0.823422611 0.000568864008
39829.8173 -17069.5458 -376.844302 1.85882566 3.54095768 -0.935018487 4.01823101e-11
22177.1034 -2325.45923 -503.773829 1.89474558 4.79854085 0.987909418 7.97819694e-15
-34255.8916 -30115.8106 944.974112 2.35421416 -2.89209141 -0.712894086 8.44072106e-09
33588.5665 -16093.649 -1270.11679 1.73240751 4.64799858 -0.983294905 0.000347696112
16530.2383 27856.6881 1455.43044 -3.75646654 2.22606196 0.363145494 4.88740513e-15
21683.3284 3643.33019 593.158774 -4.29240625 5.81743436 -0.294140697 1.51034078e-08
6664.98109 -41682.6414 -769.429508 3.13306188 1.13650725 0.0694087295 5.05461403e-12
-45459.4099 10408.1828 -1202.22589 -0.798641729 -3.80064834 0.102774967 4.15433134e-15
12982.9931 -18360.9108 -989.84291 5.54663329 1.97198537 0.419609711 4.16498061e-13
-2941.63888 -42607.6982 1047.40603 4.34777089 -1.41118151 -0.420730906 6.17457074e-10
-14631.2498 -35860.9083 -1202.07746 3.99032958 0.172173459 0.867515249 1.85112504e-14
22710.8168 6786.63402 758.769039 -1.17008769 4.14471613 1.41784321 2.17365279e-10
5822.30641 31136.9632 1175.7981 -4.47823283 2.67004268 -0.215790925 1.45537056e-09
12347.4541 9870.09883 1058.94752 -4.58932835 3.19337595 -0.187450714 7.61087398e-15
-31505.3455 20881.3802 41.5449578 -0.607697769 -3.64404023 -0.0482060671 7.34621489e-14
-195.850449 47805.859 958.204609 -3.42915288 0.361178178 1.20617412 3.78228702e-07
-29895.8132 19327.2707 -1004.74444 -1.20415801 -4.77366996 0.145346797 2.22954704e-15
296.735761 -28265.1983 -386.385432 4.44245801 0.244858556 0.0902398745 4.72398345e-14
-33880.4067 15024.7088 -408.498564 -3.01387966 -3.90892566 -0.196369685 2.72099717e-11
-32842.6609 17935.866 -1465.25668 -2.4080587 -3.05322652 0.0807692153 4.6327705e-14
-33528.7497 7995.09886 516.431925 -0.111047431 -5.27743887 -0.636921139 7.8682323e-06
-32761.3347 -27663.9043 -958.208497 3.89335439 -1.81754459 -0.0761741169 1.44856333e-10
-32977.3058 -22486.3506 1368.53701 3.41077125 -3.38963359 0.897076244 7.70171401e-14
-15149.243 -3080.41128 554.23144 1.417157 -5.10240803 0.13475845 1.60254251e-11
-41397.449 -4373.27592 -185.36188 -0.0915922447 -4.64710546 -0.616222755 1.55638379e-15
27268.1623 -18952.9342 -1265.7973 3.19379091 2.92145526 -0.488709531 1.61963036e-13
37609.6383 -26043.5286 1290.25709 2.35312801 2.61300604 -0.184590606 2.57724732e-10
24824.1695 2844.39412 551.564784 -1.65043583 6.05221422 -0.850312091 6.44308894e-09
-31029.9055 30049.329 -1273.23802 -2.61115794 -3.71685682 -0.427514093 6.34796648e-15
11098.8847 -28302.9967 1111.32226 4.87683591 0.579927865 -0.175991137 4.31281275e-13
4589.54578 32880.5045 -1489.06992 -3.54910476 1.52587041 -0.299732404 1.5768621e-14
30759.849 17.5635642 1131.61582 0.736351454 4.98458246 -0.367540979 2.85808503e-10
-17363.3698 42417.1642 -1144.01815 -4.02255647 -0.0186559968 -0.346515987 6.68935506e-10
26404.4824 -35781.7961 -645.094416 3.43084377 2.93803129 0.471256805 2.6780344e-15
-18868.9009 -18749.3305 711.966309 2.84485679 -4.11311821 0.107697583 1.02137116e-12
1000.9683 595.442235 590.991658 -14.1316128 17.0004332 -2.27563266 9.75083787e-09
-34808.4357 -12187.0287 1397.78372 2.66691467 -2.99577362 -0.156359398 1.86643635e-15
-27741.1224 9386.67801 -102.013673 0.258430938 -5.8201251 -0.291236345 1.8383314e-15
-1507.93202 -46630.0401 97.5357371 3.20051072 -2.0688796 -0.676778276 2.90596036e-11
21817.0903 -15909.9469 -143.294299 1.83801106 5.93711528 0.332223269 3.0010307e-14
-2096.06623 11404.3891 881.453894 -8.42642734 -0.821178276 0.345815984 1.31193094e-14
-28156.4498 -10291.5128 -1415.76203 -0.816092826 -4.38783958 -1.24557714 7.59287619e-09
17936.9654 -25328.8806 28.458745 4.00530442 1.63934657 0.0628251482 3.83081051e-06
37458.7256 -27230.8328 1214.55221 3.23115482 1.85966844 0.433036548 6.22269364e-15
-2361.01359 -27654.7853 -1084.18249 5.2953964 -1.65250905 0.386715073 2.05821109e-15
16932.2973 10514.0225 -1461.77661 -4.31451892 3.80125455 0.973109856 1.44105196e-15
44004.2805 18634.7878 332.263935 -1.29463119 2.71465763 -1.09220613 2.10847936e-14
-33658.8501 -20256.6455 -187.766263 2.30854683 -2.7370628 -0.100197402 2.25173972e-15
17523.161 46746.6827 -1155.36581 -3.56986473 1.29261067 -0.471906856 9.55045106e-09
-24934.9344 -38796.0528 -861.553802 3.66003606 -0.757509548 0.706361907 8.95147799e-12
740.641894 -33296.525 -634.301984 4.77834559 0.565573669 0.180611811 1.85640327e-11
29769.4498 -40023.4067 1478.71575 3.31450939 1.224855 -0.944585417 1.81557872e-12
34060.7142 -29214.647 -1491.0416 0.523153501 3.70045395 0.168031355 3.9332617e-09
-26692.5358 -10659.3738 -2.4403214 0.872746105 -5.62502457 0.750857918 2.10377798e-10
-13889.4065 31238.1135 -1088.9768 -4.98111989 -1.55233072 -0.31701323 0.000490290934
-10754.0634 -42956.1021 751.506651 3.50813827 -0.781555652 0.159959266 3.66421079e-11
-12555.631 -46002.5133 -1159.32544 3.4320446 -1.40825699 -0.13129193 6.4956973e-15
-35701.3081 24541.2597 1331.37418 -2.50976118 -2.88384728 -0.869648201 1.45129091e-06
22932.8011 31983.0009 -807.67549 -2.29496433 3.34341143 -0.348566673 0.000449037639
33369.7087 10507.7073 1300.89155 -0.493648408 4.27260457 -0.0844361846 1.21711634e-15
23245.4548 2949.52701 -1126.65499 0.16017808 6.07536831 -0.360923022 1.4029257e-07
-19587.7688 37388.2111 1434.68512 -3.25685754 -1.78514154 -0.0640739513 1.85924271e-09
19549.0532 34865.8928 351.662776 -3.24796375 2.08672745 0.44952573 1.32576551e-15
-33546.0406 2592.56873 -1151.89624 0.311224154 -4.82139797 0.260820039 4.15536095e-14
38457.9289 21140.0661 947.958407 -0.677442675 4.31424259 0.618883491 1.20184219
18062.8371 -12186.1743 741.854994 2.65627025 4.24343224 -0.531405314 1.34790994e-09
2419.37342 7062.62292 567.280996 -9.44572015 2.93816394 2.3986397 2.95852774e-14
-26835.95 -10055.5359 475.348356 2.06643284 -3.85755121 -0.681141022 4.47874737e-11
-38236.8805 28476.5359 173.557728 -2.89110226 -2.55304432 0.53560696 3.54381807e-13
-24735.6913 -4292.26177 -311.658497 -0.855366362 -4.57704903 0.329225164 6.91820085e-08
-8781.67598 -46622.3705 1376.61968 4.49877885 0.214306023 0.481283569 2.39274324e-12
-36749.0605 -23278.2267 1499.28508 1.36573452 -2.92979294 0.265527523 7.02284824e-07
-27265.026 26010.8636 1164.57661 -3.94231191 -3.2015848 0.153801788 1.70117107e-12
-13612.3708 13457.1128 794.264542 -4.77075955 -3.57581488 0.69940406 1.16381898e-06
33023.1158 3965.18878 -1337.98617 2.46572054 5.18185647 -0.888823513 9.59722213e-12
24400.2649 -31779.2304 819.9838 3.39218376 2.97611842 -0.159498215 1.16422833e-09
11529.6795 27644.1131 149.059285 -4.10579944 1.30832524 0.441626213 3.40121116e-12
-1592.11477 -40305.658 80.2747933 4.75610462 -0.999389462 1.24862863 2.48960095e-12
11359.5914 13122.0494 -827.934488 -4.71282976 4.96159687 0.227780831 8.09154384e-15
-18364.8538 -29038.6868 -830.809746 3.7329203 -2.18859167 -0.95281554 1.84753014e-12
36224.2358 -24702.7356 -880.386979 2.26629296 3.430294 0.414333734 3.15781764e-11
-24568.019 -26797.3535 1481.21137 3.52862067 -2.2148448 -0.14883848 2.42007029e-15
-39564.4825 27133.3041 -834.583373 -2.47145777 -2.58906751 1.06771091 2.73404261e-09
-21815.9846 -32425.1939 -746.648558 4.64273843 -0.700269339 0.151351756 2.70280332e-12
-24609.0994 -13777.4669 -727.149628 2.02669632 -3.86792628 0.02536737 2.06280146e-10
-29811.443 20058.7005 168.876032 -3.33917363 -2.57989887 -0.464173848 4.64591549e-13
-19278.8498 -13702.1656 621.34806 4.0323154 -4.95847957 1.97297229 3.1459642e-14
-5427.5338 16548.9225 473.599505 -7.00238135 -2.30507988 -0.250695964 3.32097892e-10
-13434.3499 -33251.9569 34.4989549 4.23824686 -2.02102519 1.03402229 3.18106188e-14
-10761.2049 13465.7944 1274.70211 -5.33868423 -3.23688507 -1.6194664 5.31709462e-11
-36279.9631 29273.1908 1397.64915 -2.70775336 -2.11309855 -1.08222894 2.38255107e-14
33663.633 34513.8355 1084.32117 -4.1240456 0.872811082 0.129185587 1.31615988e-14
2117.3911 -38254.9256 -542.871698 4.23082391 0.566390327 -1.34111677 1.60252806e-15
-10530.8029 39229.7657 -1059.31612 -4.25923765 -0.608975665 -0.614985604 3.00261799e-15
-17613.6763 21863.5868 -451.393125 -4.41702344 -1.63215284 -0.159912561 1.4154164e-13
28091.0723 30474.4217 -530.417437 -3.72668636 1.8136532 -0.231578761 1.85705183e-13
-21212.6912 27046.1524 204.707382 -3.69206479 -1.87961744 -0.104494088 2.79998177e-13
5432.93662 -22006.4282 -963.249235 5.23519115 0.582053983 -0.179723803 1.02259831e-11
-11565.4001 30477.3223 -627.672 -4.24467639 -3.32646406 -0.285749581 2.74262386e-09
-38244.3391 27371.4273 -1053.11684 -2.29087249 -2.42554662 -0.288447111 4.09996968e-13
29448.9774 -31162.3566 -1373.18693 4.06528669 2.40334331 -0.211311107 5.38727526e-07
-5235.97031 -38343.5853 -1111.64057 4.15478271 -1.72556452 -0.223946854 5.36029256e-12
-32441.7017 16271.7888 1024.42011 -2.45621422 -3.4810612 0.0120870965 4.11982254e-05
45296.5004 -10913.111 -608.979712 0.748472845 3.57773473 -1.36304549 5.80501421e-14
30304.5919 30991.8281 1219.71172 -2.30124843 3.67315762 -0.915561498 4.2212441e-14
27672.9576 -859.702203 1191.09346 2.74758211 5.65704857 -1.75228215 4.5030649e-05
-10235.2069 -39884.5884 698.558139 4.73333191 -1.0206045 0.171371842 1.56551745e-13
-42668.068 -24606.689 -1432.59245 0.332404117 -4.42883178 -0.574097964 4.05610805e-13
32179.2321 10426.3509 503.564014 -1.06844082 4.33563653 -0.858470269 6.07189809e-13
4695.74082 -34927.1665 725.342802 4.23751567 0.539138933 -0.768736071 1.83727768e-13
-10040.0473 46839.7462 720.012118 -3.41326592 1.36831588 -1.56570497 8.71904712e-15
-45747.07 -3849.21223 307.223782 0.274795973 -3.17704369 -1.22131775 4.02509189e-12
34647.1269 -2963.82824 489.591029 1.10508014 3.63851823 0.353233027 1.11577054e-15
-10652.6721 -46471.2571 -859.822401 3.41353273 -0.798250435 -0.385932892 0.000282164727
1711.25129 -2338.51689 836.249399 18.0832563 2.82575246 1.11277389 3.99763688e-09
25174.1065 43052.1932 1255.23419 -3.59851747 2.28688722 0.177043476 4.84029867e-12
-12209.3961 -19829.2144 -571.639575 4.03840241 -1.8886669 0.301262497 7.13240146e-14
-20056.8136 -6322.52741 1489.15985 1.25589371 -4.66238027 0.181114088 5.51514844e-13
-32889.0168 29993.5077 -544.271758 -1.10421046 -3.23414307 -0.292252617 2.43417552e-09
-17070.6189 26676.68 547.865325 -2.92790122 -5.13568588 0.308704796 3.3853734e-12
4286.90916 38518.4654 961.567229 -4.90509927 -0.115156544 -0.264422099 0.539272034
14670.7353 -7.70017936 1038.18189 2.95347606 7.24916826 0.864438748 7.87209482e-07
-22803.0518 -18300.3686 -1408.38335 2.08014272 -3.94139638 -0.528023762 17.8201188
-23566.8595 -14365.6686 -139.019446 0.995556879 -4.20337515 -2.28053129 4.83111213e-15
33897.6191 -2305.24256 292.640178 1.35884261 4.39661707 -0.428682953 1.13058459e-12
-46831.9409 -8356.97455 904.912936 -1.20054728 -4.77110576 0.39340635 1.81915519e-05
-5742.57327 44456.8358 26.5045657 -4.1869519 -1.78469358 -0.606191982 1.46301672e-12
9673.70071 21349.9206 1101.60375 -4.94973779 2.67100805 0.19922716 2.92800967e-10
17201.0408 -5451.21997 -1495.7398 1.70549605 6.82160691 -2.40943068 2.1766495e-10
-45298.2837 4634.21692 615.892675 0.661261354 -3.99351785 -0.106187304 3.19703864e-13
21731.3012 8160.27547 676.377565 -4.25693531 4.92571147 0.311329127 3.86217974e-09
-1895.82978 -26696.0726 1453.69042 4.019931 -1.11176275 0.835472312 6.65458754e-06
4901.47103 -43999.294 -489.030448 3.59748016 0.136340911 -0.210129381 8.2010896e-08
4670.95525 -1654.8109 -587.965177 6.92799133 9.26196593 0.425404056 5.88316115e-11
-47072.1516 536.917891 987.930923 -0.641857985 -4.10990232 -0.40118971 4.5131064e-13
-18393.1803 -46331.6881 -1312.6634 3.96290113 -0.722619188 -0.670668518 9.46374349e-11
15754.3585 34861.931 -1323.54136 -3.88829303 0.599796193 1.27768267 2.15024771e-13
8298.81286 31006.6866 566.399601 -3.55499705 2.58292455 1.50979398 2.73777794e-09
1928.30509 12191.4901 1400.07814 -6.51568927 -1.76060715 1.87120008 2.07399923e-08
22253.3894 44426.6083 1031.02824 -2.81552542 1.38335667 0.314104083 1.35762724e-14
25644.33 -26363.3931 1072.66611 3.68056529 3.09489414 0.0115009982 1.03315372e-13
-10597.6377 -48471.7204 852.441496 3.13848206 0.226980571 -0.241883253 1.01986029e-11
-20410.9624 8138.75386 -1491.67694 -4.39747752 -5.29855828 1.91557514 3.34674389e-15
23626.5007 -31756.8982 -946.602268 3.48446172 2.05426558 0.0431460465 5.00890433e-13
-3631.78025 27785.4524 338.785532 -4.04327195 0.494509512 -0.511073509 4.88253265e-11
-13899.2439 -9472.52189 -594.060573 4.14440967 -5.09424893 -0.707235663 7.68805386e-12
11532.9986 -36075.8589 768.504086 4.07324476 0.707600754 0.0663176843 8.86790311e-14
10877.0154 26829.1686 -1343.08299 -3.78201737 3.12280956 -0.0109465861 1.20876993e-15
5679.38831 27793.6415 1405.7771 -5.73720701 -1.00145135 -0.948800181 1.77098845e-10
-38213.7036 -31673.6949 836.767624 3.5721081 -2.61319374 0.829372171 6.53149545e-11
40529.8746 5108.48595 -1492.66712 0.878558994 3.80878087 0.576046688 5.18775844e-12
-25185.1292 38215.2233 -605.880722 -3.57381352 -1.34499087 -0.45787368 1.0888569e-10
5148.72447 -13895.2552 881.62846 6.64159448 0.322715345 -2.42203406 1.11314237e-13
35656.8472 -31080.7723 -176.393323 1.11073033 3.15834738 0.8961314 3.48114915e-13
-20949.6385 22665.2142 -314.287331 -2.60831488 -3.48389746 -1.27763998 6.62592762e-10
-2457.9521 29098.3657 -655.361945 -5.55583497 0.666978675 0.322839699 3.16780724e-11
-12301.0619 -12000.8334 -697.060624 1.61329401 -6.24241059 -0.901389454 5.09283425e-12
12053.202 23139.9004 876.710016 -4.78920488 2.67212857 0.969865313 1.08899627e-15
-35532.5755 5180.55646 -215.089291 0.571855814 -4.97001046 1.3375882 7.40303033e-06
-12645.8629 41470.1467 -1070.86399 -4.38004501 -0.0800985612 0.340426891 3.96386002e-10
-26487.2591 -37416.6849 334.748724 3.60684021 -2.18040416 0.644720484 4.64055187e-10
-38425.281 -21255.1909 1269.19484 2.48038239 -2.75596181 1.24730908 3.12109633e-11
12326.9093 -38998.3737 -1371.15824 3.14118639 1.10809957 0.0344349048 9.42474466e-11
-40038.5377 11970.8097 637.378437 -0.657158568 -4.73756454 0.540184795 5.97801147e-10
-27785.8817 -23459.5451 -678.777602 2.4678222 -2.85199216 -0.574523369 6.01239568e-08
-12139.2641 3101.1509 -1019.28953 -0.365314893 -5.9730712 1.18524293 1.98906788e-14
-34692.4356 -420.713727 -719.713624 0.0255318779 -4.9300313 -1.32582737 2.68973554
9074.38404 -35225.2659 -416.350684 5.20646683 -0.907519247 0.108271581 9.399376e-11
-1714.39891 19058.5273 1041.63629 -6.82207784 -2.02049676 -0.550983624 0.000309086576
1772.62765 -23051.9355 151.96333 6.0184952 0.95089976 0.374364834 1.39061841e-12
27022.6307 29030.3945 882.784949 -3.68171795 3.10295169 -0.0279140494 3.35203539e-11
-11420.3321 19798.2194 127.353449 -5.32673282 -3.47450011 1.09163409 5.8890697e-14
-24614.4898 -38761.7056 405.570956 2.9067875 -1.57345711 0.639824043 2.62814945e-12
-10025.0381 -13798.6151 -198.795802 6.37849155 -1.4527515 -0.490367859 1.4026683e-13
-535.117858 42181.2256 -875.604309 -4.40114815 -1.93513964 -0.319908393 3.89884804e-10
-39786.1948 -641.893813 499.248909 -0.630540425 -4.2632899 0.362871561 1.20840456e-10
13434.1494 -40481.387 -713.494907 3.18057687 1.09920778 0.102019437 8.87040573e-05
10374.6874 20895.3417 640.639742 -3.59604176 4.55997389 -0.605530464 5.50757302e-13
7942.05459 -21540.7173 -86.5164069 5.37714032 -1.67248136 -1.27529881 1.37846136e-09
-8064.67754 15583.5084 1200.93665 -5.19680337 -2.05559828 0.469827078 7.12559153e-12
48876.1611 99.1272857 -722.310425 0.769539994 4.1057801 0.444186981 3.56018865e-15
41266.4194 -13494.8709 958.953782 2.38534231 3.27682224 0.541601867 8.23720692e-09
-10825.3582 27134.2491 -254.120461 -4.67522484 -0.589839806 1.0371526 4.93747307e-13
-2824.94652 -9566.61715 -278.586831 8.94602763 -0.507757952 1.48973115 7.77419827e-13
-10078.0139 -31607.3396 829.729605 4.12326172 -1.19130333 -0.371275705 5.03883544e-11
14417.793 -41383.3827 203.720573 4.13076045 1.34718011 -0.550597152 1.73770495e-14
-28109.7499 35742.1852 -1289.36781 -3.94743123 -0.92706157 0.660969363 2.68096575e-15
-349.257288 -43274.2043 146.628712 3.77660688 -0.919961452 0.399294998 1.7081356e-09
18704.2272 4447.82911 546.044756 -4.54486834 4.40912606 -0.27681791 0.000112415203
108.481387 -43865.8116 -959.018568 3.80129764 0.760722028 -0.805252055 5.46961426e-15
-944.366417 39044.4723 -436.423197 -4.57824753 0.582904303 0.356156608 2.428829e-07
-28679.5954 -36699.1534 -707.187684 2.09971006 -4.55657639 0.41981023 7.30564559e-13
-8427.52418 -13890.4872 558.009645 8.27649186 0.249437046 -1.26955429 1.97264775e-07
25458.4884 -6671.1099 1470.00048 -0.600930966 5.26000276 -0.189391924 2.78111476e-13
-27881.8031 -33197.4371 -856.131118 3.30705873 -2.27273628 -0.509443981 4.35479252e-14
-9757.03477 24008.5535 337.411648 -5.52054106 -1.67352811 -0.175019591 4.1708878e-10
21935.354 -25953.5799 -798.574474 2.17207463 3.35726954 0.81626244 4.12699219e-11
-1552.88379 38089.0025 -1209.42797 -3.56965187 -2.00408824 0.455520198 7.11985643e-09
3775.16772 -12503.6977 610.668412 6.46888444 2.01409512 0.877849721 2.89847149e-12
27201.2772 -10975.3945 859.382056 0.950682283 3.82768025 2.05406579 7.00957882e-11
38463.6245 28925.3403 -880.175117 -0.744754396 3.2339868 0.0368154513 1.73896684e-13
-38098.3522 -12717.4817 1251.7872 2.14859267 -3.97313964 0.127754434 1.09313542e-14
25005.963 35894.5703 454.76754 -3.52035029 1.04940965 -0.000631974094 9.38228681e-15
37471.9772 -28422.8582 -428.527412 3.75266493 2.03725295 -0.0992394036 3.0844885e-09
-28271.5426 35127.5898 1279.54505 -3.86606132 -0.250124392 -0.285387798 2.01238561e-11
-24307.9756 32843.6665 -697.678354 -4.15606405 -0.484397003 0.420590504 3.60862832e-09
15905.8995 -23775.5272 -1052.26014 0.75563136 5.90667165 0.0233652421 9.9304457e-14
25543.2781 -94.1712655 442.51175 -0.137872771 5.88389173 -0.226650643 4.75911783e-10
-8557.10777 -46821.7658 597.917896 4.42756436 0.013587054 1.19366002 7.59505326e-10
-21459.5076 -9982.73901 941.502507 2.93892223 -3.47476256 -0.0510640078 1.51586485e-12
39349.3473 -25227.1183 -89.6679941 -0.0843649857 4.82233767 -0.102144335 5.95219924e-15
-22429.935 -35807.6576 57.9746343 3.37966841 -2.71852657 -0.247621146 2.24506304e-11
-9585.99309 -31711.9695 1264.86486 5.0730903 1.21893723 0.0963799154 3.40230842e-11
19512.88 -4597.63319 -1323.73443 2.42563124 4.55436333 -0.457725925 1.9855628e-14
-20983.5856 -36450.2324 -737.764309 3.30410535 -0.817038971 -0.0949640634 0.000320441748
-3072.68891 13262.546 603.552679 -7.52966671 3.44175134 0.922804752 3.42424774e-10
23662.8588 23483.5964 299.901876 -2.62986413 3.76631511 0.287143007 9.68741397e-14
-16901.3504 -8789.00447 -1314.28119 2.65251344 -6.63399882 -1.56580108 1.48011786e-09
-28831.6942 23618.3178 -968.329334 -3.08518073 -2.48326211 -0.358436701 1.1157421e-13
37864.2516 -6178.91406 -528.983459 1.13153351 3.33345421 -0.692058866 2.76015868e-12
14573.1567 33807.8465 1437.86466 -4.6714763 2.09865994 0.245516759 2.5822818e-11
21188.5736 25474.5927 1275.70681 -3.36233891 3.77548595 0.148911447 3.38727595e-15
-14582.9973 -12725.1511 995.300944 3.83574949 -2.98676387 0.930448675 1.5806083e-10
-44057.8855 -4613.2201 256.930292 -0.217586002 -4.2948339 -0.26056097 1.5108162e-09
-9683.71165 -25506.1888 -465.021436 4.5015458 -3.15376908 1.83453567 2.93925579e-12
-43852.6839 12645.3392 -1020.57913 -3.29654436 -2.32036811 -1.12901711 1.52606501e-09
-19693.4879 -8105.83641 1171.44153 2.85582512 -5.31683738 -1.25460998 2.290559e-10
10246.7347 15842.2798 -717.714457 -5.21972945 1.57384743 -2.77228608 2.17212787e-09
41654.942 -11916.6474 776.224918 1.63749198 3.95978027 0.024849564 0.000116363974
31489.0775 -18790.1204 290.997646 1.2521318 3.75301769 -0.505768091 7.70180336e-15
-30986.6365 -2294.4929 -137.387035 0.889935164 -5.2111656 0.635723138 4.28879701e-07
40490.0934 7363.94256 555.229169 -1.8578845 4.23097494 -0.86681816 1.60090254e-11
22349.4306 43973.1917 -1068.43434 -3.55004121 1.32514839 -0.0735441471 6.69552413e-13
-41194.1341 6220.35381 1485.90135 0.350332605 -3.61460803 0.129842167 7.72667809e-11
24965.814 -40780.3726 709.788663 4.01780327 0.479566052 -0.445341333 0.000644926702
4735.82714 -11661.3123 1327.22247 6.04233014 0.933678986 -2.77015408 2.67649461e-09
-1616.85102 -46864.7975 877.860352 3.7342694 1.41922206 0.369041473 2.28950088e-14
3507.31282 -8276.00461 541.44532 8.22183518 6.68199754 0.790015849 2.73236732e-12
37821.804 -31235.0563 -574.118697 2.16241877 2.29538664 -0.453049815 2.69902773e-09
-20689.9429 15149.5096 -355.123403 -2.83144629 -4.46949674 0.8724963 1.91446137e-15
44010.2142 -605.00373 1267.01738 0.491677496 3.73053278 0.544124719 1.86771809e-10
20264.8778 13145.5805 925.948672 -2.97393221 5.11220212 -0.962513265 4.20053886e-11
32906.3921 -13614.1921 773.258469 1.56529413 3.35843014 0.0209919664 1.9449237e-06
13454.7174 -43769.4016 1327.72954 3.95421081 1.03924311 -0.518323652 2.27881146e-09
-34971.9365 1929.54071 -508.855498 1.44645863 -4.39959651 -0.849101932 3.38695266e-15
-35458.8588 -22994.2839 1132.70546 1.46398986 -2.8809141 -1.39850488 4.12160483e-15
-25039.5761 3971.19637 1429.77087 -0.916040375 -5.72169985 0.240926455 2.62773681e-09
2487.33078 -30979.9516 472.765608 4.73589132 0.0518206125 0.276475075 5.6941897e-13
7732.87763 -21671.5684 -770.723564 6.38010113 -0.568301061 1.37782689 3.08596881e-14
9746.08866 -31307.0888 35.5969847 4.49967871 1.1976349 -0.534982652 2.46512469e-10
-35818.8245 30396.6921 809.026191 -2.51101675 -3.31666271 0.259832663 4.62201068e-15
-15064.2873 -46832.1146 1355.48607 3.04107446 -1.93263132 0.409756898 1.09243411e-11
7617.07636 49232.1136 760.81843 -3.16002061 1.31249694 0.781620937 1.05749535e-12
17106.9904 14544.1925 -435.596575 -4.90638976 1.57266692 -0.676032544 1.20999587e-13
-1459.34308 -35382.5691 -1343.86742 3.8709924 -1.53960039 0.563021725 2.29203549e-13
-10983.3523 24182.5381 -1217.12031 -4.2628936 -1.52573986 -0.885381858 6.33501658e-10
35835.7535 13862.132 837.003748 -0.685296617 4.56166965 -0.933159049 86.5311943
-32284.8751 22631.1562 -1032.66121 -1.63390941 -3.55906982 0.338312885 5.5919665e-11
-7366.06435 14942.3525 -918.407456 -3.17526807 -5.81118355 0.470733782 8.31686106e-10
-4844.4022 -11762.0216 -908.84549 6.57852437 -3.21824136 0.506711412 3.59712373e-15
9837.02514 12051.9838 -1436.28554 -7.10449594 1.35421859 -1.48687538 1.26096215e-12
14299.9361 -5201.88547 588.319881 1.78907974 5.38154704 -0.423014383 1.22264469e-15
28921.1338 26515.5329 -1109.66064 -2.49115367 2.94336946 -0.348061513 1.74252519e-10
-19633.4214 -43953.2126 -885.644032 3.90644851 -1.54290465 -0.357968378 1.47803683e-10
29825.9934 23736.4538 471.482961 -2.9688042 3.60531499 0.330355123 1.045405e-15
2189.41503 -7597.04075 -1036.55384 6.70838163 5.06397662 1.43490921 3.07563889e-09
47778.2463 11211.9481 233.173812 -0.640431788 4.17700223 -1.27801385 2.29863825e-12
31085.976 -13237.7437 161.853143 1.76398931 4.11307732 -0.623642263 6.12079856e-11
-8383.53711 11457.9837 88.2167474 -6.86630313 -1.30137222 0.020099365 9.62484111e-15
32278.4037 26856.6025 -985.236547 -0.832320854 4.2891288 0.079537705 9.10280503e-14
37133.2065 2203.12893 -180.939924 0.125250808 3.93023042 -0.0660343232 3.24007604e-15
-36838.4392 -28666.7214 -1386.94951 2.34688695 -2.09845539 0.403536361 4.33002913e-09
-30062.8568 14537.4256 1497.39224 -2.91237679 -4.13040374 -1.87401621 6.8088082e-12
1523.52378 -48901.6873 1402.04151 3.9159024 -0.354948626 0.0763939692 3.1193435e-14
28496.7264 36973.3653 285.849956 -3.09281293 3.15728119 -0.677837033 5.46819124e-14
-32403.096 -29141.3249 -1433.32416 2.55904606 -2.94583386 0.199940628 7.595381e-15
3413.50406 17341.9124 -61.5593292 -6.61893135 1.31058654 -0.260202675 1.46348196e-15
10399.2856 48774.8285 -393.124825 -3.7734481 1.03342197 0.204251206 8.74136706e-09
-34892.6712 -8117.18961 -1214.90857 0.719614133 -5.0971829 -0.0894120786 3.35033913e-12
-39754.3759 -26385.9337 919.511157 1.93020934 -3.06034544 -0.627398022 1.01036852e-12
-35377.4888 7952.99522 -786.615514 -0.540907231 -4.11909308 0.357395459 2.41953029e-11
2377.28534 -42275.6391 513.1564 3.26376652 -0.00874165059 0.215849659 2.33456519e-10
-33702.5418 -3129.28279 1498.55174 0.200831413 -4.49272089 0.299528028 1.46595598e-07
31201.8209 29556.4134 164.850056 -2.3587551 2.37004335 0.641678708 8.86183495e-15
39170.5609 8333.47027 794.376245 -1.20250081 4.76354292 -0.384490984 2.162167e-07
-22092.2827 -9605.12324 1098.03989 2.49474902 -4.99429143 0.271759196 5.62446927e-12
20998.6143 -31430.2896 199.038645 2.46660281 4.18404237 0.014430622 0.677547749
21300.0681 -14399.3536 310.58346 4.38357281 3.67070402 -1.17624029 1.28466675e-13
-16687.6505 -42066.7299 -169.061803 3.64700166 -0.49014059 -0.16291869 5.53678762e-13
37783.2369 -31745.4181 631.473723 2.55951416 1.71666854 -0.0538146149 5.28540437e-11
6650.24898 9163.57213 -555.15955 -9.6011955 1.13324915 -0.646194225 1.03911023e-12
-8214.43954 -19774.6955 276.856784 6.24560756 -1.67519981 -1.26519778 1.51447058e-15
46482.9989 -14563.4835 -782.496594 0.375534912 3.92844144 -1.05397787 3.23365005e-11
1208.6676 39220.8207 1036.87554 -4.05812731 0.344074815 0.84171968 9.20747206e-07
-37450.338 7943.06287 712.362155 0.239624261 -4.59394244 -1.40478867 1.40577609e-13
25770.9291 -38203.2723 -468.201046 2.86874193 2.04770709 0.408228147 3.6227385e-15
-37642.7358 -255.001431 1121.86584 -1.23743207 -3.82066839 -0.0197429053 4.79662112e-12
8239.0697 -8184.49761 257.997204 5.19065037 4.38395323 0.970338844 5.99720849e-11
28860.2234 -9189.03551 -1041.96108 2.95178008 4.74698498 0.194687565 8.8039014e-12
-9615.64098 24982.5007 -444.254424 -3.98438035 -2.40652783 -0.173533302 1.05593806e-10
37056.6928 -12276.0006 1255.41211 1.8154986 3.43270519 0.924818197 1.21642528e-15
32729.63 -5346.35988 830.107828 3.1104414 3.3206643 1.1923951 1.64058152e-14
-8384.52619 -29769.6304 -574.480011 5.04686281 0.0976407125 0.178740833 2.29419841e-11
-20775.5591 3454.6283 238.226558 -1.15232275 -4.98336064 -1.13065791 1.42202419e-10
-36072.0666 -26204.7423 1460.3898 1.79387605 -3.19949867 -0.377191396 3.44634834e-07
-3135.5829 -18551.6871 126.845417 6.15855298 -3.68734659 0.261532139 1.15273672e-12
-36843.3723 -6428.85799 -535.207331 -0.0311592943 -3.90783126 -0.356641931 6.65344731e-07
-3684.01194 42656.4621 671.889957 -3.24281666 0.0449241184 0.581284559 8.98920374e-11
-9859.13255 -11574.3629 1431.04264 4.89519886 -4.83792283 -0.381369915 0.000589477216
-2839.12521 13364.9045 569.182488 -6.25799241 -2.91915952 0.305132181 4.83823286e-12
30524.1774 -22405.8116 -1227.68575 2.76712199 3.31646067 0.70132057 1.03621727e-10
-39191.2072 6464.58559 1190.38358 0.516023895 -4.87337602 0.664307373 1.9917164e-10
40462.1955 17830.512 290.042774 -1.33469255 3.78157006 0.295142662 1.01810342e-09
-10907.6069 -6103.92636 1111.04522 4.8163945 -5.01119579 0.222584215 1.83743069e-14
-6168.47865 3646.69464 1307.01573 -3.67126896 -10.2063901 0.561670394 7.6210826e-10
13936.8311 18864.9133 1444.99587 -6.34974775 1.78158545 0.19203745 9.85255911e-12
14995.2561 24337.9423 82.969864 -3.95551517 1.76731542 0.0930981317 4.37935699e-07
-4256.64414 7696.61566 -296.523329 -6.69004402 -5.08247962 -1.73863375 4.19090367e-09
-36429.8065 16462.594 970.499646 -2.44403322 -2.84140612 0.00560383998 3.7997187e-13
26644.3829 -8826.46987 -677.277137 1.82401543 4.75823359 -0.992249673 4.66507731e-05
8699.35763 17969.2274 981.78942 -4.09630193 2.76569986 -1.14774337 9.39827466e-14
430.218466 3518.76912 437.654829 -15.2576466 0.229567651 2.05625567 3.36172904e-11
22591.1663 -4738.21414 -656.4185 2.41364801 5.50355418 -0.475539874 1.15148115e-08
-32521.9099 28657.5273 458.769379 -1.76147793 -4.13121001 0.0883169434 1.03661309e-09
-35285.661 13443.1763 -382.126794 -2.09613004 -4.10654172 0.790309133 4.31835101e-11
-12961.9065 -7963.2774 -241.390839 3.04565999 -6.17790289 0.422265485 8.97816292e-11
-24955.266 39434.9114 1200.10184 -3.27270387 -2.74211804 -0.522908311 3.64456873e-10
10467.4407 -4951.51197 411.067325 -0.251884889 7.83728358 0.28744743 5.29456459e-13
15104.1174 -15343.2296 -135.780016 4.08352772 3.86058504 0.153361733 1.3823027e-11
-3935.55758 41547.9103 -135.467627 -3.64530713 0.226043823 0.82114038 1.33205676e-15
-5342.59251 28737.3243 -583.046674 -4.40683264 -1.74680219 0.808845476 3.05826255e-09
-6540.03117 5575.97918 -1257.05201 -9.00183205 -4.12879626 0.0207891075 2.63007551e-14
5853.65224 33461.9364 -10.5175597 -4.44988241 -0.180714976 -0.558545965 2.73708305e-13
-31885.5837 -17047.3095 -1011.65751 1.89543501 -4.69120578 -0.0383376183 1.53876386e-15
-5679.98788 10814.4434 -904.390405 -7.45613439 -3.93086112 0.60149901 3.84193768e-08
47674.6671 -13298.6583 354.517654 -0.530809662 3.61935549 -0.178580504 0.000141651644
-14397.6004 28052.9939 -912.871602 -2.97624332 -5.20573017 -0.459964964 1.43841223e-14
8034.40606 -6325.58675 -566.389281 6.95799073 3.71661402 -0.397050969 2.13619015e-06
-30988.6511 29808.6629 1344.7748 -2.91087758 -2.93454687 0.34591487 1.13085832e-15
2858.63125 35937.5188 1377.58209 -4.92590003 2.10754029 -0.227400772 2.92019254e-09
14213.7424 32314.0754 474.264126 -5.59092819 0.225214595 -0.735014644 2.93744948e-12
4846.96685 4055.84099 1493.55891 -8.18212052 5.82306878 -1.46880299 1.56956997e-06
-16277.0333 2805.44351 -447.021775 -1.12736363 -5.80693057 -0.953437152 2.77553428e-06
10580.4674 39052.0734 -815.09478 -3.35566495 1.34227826 -0.180991341 1.02889203e-12
-28867.5441 9120.30057 -1006.59958 -0.693110015 -5.43590779 -0.285128584 4.46107212e-14
11630.0994 -18186.6844 1439.89351 6.30886901 -1.03271703 0.0112844564 1.02794375e-10
-18830.3565 4617.19003 -1044.00087 1.42962101 -6.42718257 -0.618951965 6.0930163e-13
-29520.469 17813.8451 -1497.72085 -2.19411613 -4.51005773 0.132410161 7.83395591e-13
-20115.3825 15176.6529 -845.870182 -2.23548289 -5.85798778 -0.405750265 9.80562626e-11
33436.869 35859.8522 249.07302 -2.20531625 2.6202604 0.540301048 7.54239166e-15
-19667.8431 16203.9969 -1341.72387 -3.10829576 -3.55857515 1.28954952 1.50210093
22131.3412 -20474.3425 -291.914711 0.607874163 4.61257725 0.858958084 3.58809347e-11
-39012.4003 15133.7444 -246.5367 -1.68909498 -3.37268969 -0.669289583 2.61339118e-13
21433.2946 19937.0981 744.738152 -3.64982656 3.9789439 -0.702212079 6.06290214e-11
-46577.3727 11469.3391 505.795267 -0.475649836 -4.02490577 0.0975526022 5.21737205e-14
-13067.9828 -32849.3395 1499.95954 4.82961929 0.582578764 0.317086254 1.57135991e-12
-12799.1672 -44766.2175 595.508177 3.17013506 -0.997871482 -0.587650597 2.75396651e-13
-20212.4744 33606.528 440.00106 -2.46142874 -2.7477666 0.533237367 1.64275478e-07
-47237.0823 2132.99354 653.353734 -1.08503743 -3.14253059 0.120440677 3.96814833e-13
1701.48386 -42065.7466 400.152829 3.52965281 1.2172818 -0.254179875 1.16343761e-13
-14327.7763 -21725.0742 -994.902029 4.67461893 -2.8224245 -1.96566363 0.000183780975
-2850.10424 -37746.5004 1438.84168 4.06535887 -2.20279906 0.689311643 1.53297216e-14
-9321.95209 -27043.5505 408.694798 3.78230319 -2.13778195 0.607679968 8.26281198e-12
-25889.8927 22053.6755 564.494244 -1.92576663 -4.60519168 -0.926350909 3.26186306e-14
-37129.2316 29924.0102 960.388279 -1.60776707 -3.49435802 -0.123277839 7.58899294e-12
-4736.62407 -3168.94434 -1233.3503 4.07850394 -8.95669782 0.222124446 4.96691706e-11
25807.8328 -27103.3537 1299.42646 2.14242063 4.10256284 0.629344651 1.92521983e-12
-5293.49143 -17679.2341 1496.47589 5.7104933 1.3354895 0.807771942 1.97509807e-09
34609.5692 13254.9557 -1124.90015 -1.82170759 3.00001516 -0.685949277 4.80749036e-10
-26022.6818 -15016.9909 20.2769602 2.6007058 -4.67543888 -0.161971115 1.54939427e-09
-47004.6247 -233.251965 -1339.1983 -0.509869287 -3.86310467 0.481271298 5.36925803e-12
4012.18289 -1249.95506 1070.91875 9.5446139 12.2364081 -0.489273932 6.04340163e-11
-32297.9716 -37821.3989 679.211446 3.87751547 -1.88499009 0.429093097 4.00066192e-12
2268.80761 -8759.68857 -144.776265 7.27367167 -0.361339522 -0.134734326 2.27634821e-13
-27941.7295 38556.1623 480.426583 -2.14900806 -4.57247371 -0.144419969 2.955692e-11
-29966.0518 -13594.0323 466.942317 1.4667176 -3.31725004 0.62297403 3.44004385e-12
-23955.6968 20516.4584 374.443029 -3.37224332 -2.45620489 -1.66742979 1.4545388e-12
20055.7937 9237.62107 493.81269 -1.88499995 5.70779761 -0.375386211 2.28647924e-14
-17011.1183 -3829.15525 -60.5470908 0.174145893 -6.04875968 0.432015355 2.31457226e-14
-33485.5033 -3031.62719 65.080819 2.01256993 -4.62693359 0.392570169 8.69857643e-10
47.3441653 -25527.6811 118.618408 4.42645495 -0.0372005206 0.299711816 1.29373197e-15
-393.149377 29903.976 437.042976 -4.60252483 -1.42142739 -0.113603182 8.72017763e-15
-23008.9598 12080.0827 139.886655 -0.980797445 -4.41274866 -0.188678852 3.49371697e-15
19661.9927 -23469.4158 1237.50794 4.15839177 3.00410577 -1.39426513 1.5750189e-10
-9732.90879 -14780.0627 -721.254845 6.11569917 -2.80922448 -0.435013016 4.27734819e-09
14454.1924 14555.7173 1099.12277 -3.19645344 3.77827848 0.470022332 8.34791367e-08
31618.6907 29470.8125 1373.44759 -4.49533298 0.71021874 -0.0970842272 1.5705057e-14
-24781.1996 -5201.16922 1016.20585 2.87866098 -4.31116929 0.541884512 0.000650665444
-48953.498 2301.48883 119.943824 -0.0149509072 -3.86762315 -0.376503056 3.96403135e-11
-6264.74337 -8911.39302 -857.145158 10.803127 2.78445913 0.263566558 2.57058103e-12
47968.7378 -4191.9276 -855.886886 -0.355757765 4.08037786 0.507448689 1.30746143e-14
-21907.3759 563.435827 473.656761 -1.49673433 -5.77553742 0.420964859 4.46269687e-10
15868.5345 -3410.24402 546.352667 -0.383219111 7.89173994 -0.935271101 3.97095763e-06
-5431.22474 -14482.9809 376.43105 8.0497759 -0.585287976 -1.16891843 5.05453887e-09
-12588.2335 31762.9222 -1031.88639 -4.5904602 -2.2455512 -1.48890496 2.53575879e-12
-3753.75348 -7838.73393 1421.23536 9.14722861 -2.5615898 -1.52415638 1.17775391e-15
-41779.3261 11087.3966 -955.758465 -2.61691672 -3.31623666 0.492568991 2.88778165e-09
-40602.917 -795.397117 619.555037 -1.82588659 -4.1315138 0.414853693 4.6121115e-10
19049.1107 -36435.675 706.350646 3.49098579 1.35670377 -1.00749675 1.84164647e-10
-32177.8997 -22867.7416 1366.5142 2.90863958 -3.10489951 -0.492417286 1.04961463e-12
-36696.8333 -8993.00381 64.5299331 3.62008586 -2.74601348 -0.0103451966 4.97364896e-11
10881.3051 -37616.4452 -609.55939 3.48908284 2.39032543 -0.594720255 4.30799699e-15
25336.8839 34671.7545 -1248.66703 -4.22813614 2.0508566 0.961220863 4.35969088e-14
13225.7846 -16478.9593 -1129.07362 6.28049373 0.667720069 -0.200559406 3.04263821e-10
-25944.0595 -5045.44119 255.259122 0.852067595 -4.79659175 0.376682261 2.0417168e-13
-47683.6318 -5960.85623 -973.660324 0.119651166 -4.29699862 -0.0311766477 2.63963913e-08
-39660.6043 -28381.4405 428.147662 -0.279174672 -4.27471772 -0.924547432 8.37688279e-14
8382.57306 -39708.5205 -716.396288 4.43290123 -1.70574408 -0.247185827 9.23528234e-13
-13811.007 -40487.2248 -1298.8984 3.84596816 -2.26667687 -0.368413007 1.4428196e-08
13709.5025 12035.0323 -1451.96574 -7.87107565 1.33800382 -0.193803832 7.18501894e-09
10777.4899 44715.3658 -39.2217288 -3.93708668 0.758741673 -1.0437658 1.6236216e-13
6701.16575 48268.7475 223.299658 -3.36517076 -0.942616461 -0.399799877 0.541704148
19028.8072 -38800.9372 -819.147567 3.63663476 1.46481131 0.46214635 1.21813275e-14
-10632.9449 18477.9757 1492.08149 -4.98608268 -3.99018094 -0.675235515 9.17839976e-10
34865.9772 -22865.2414 -249.443405 1.38468295 3.82829251 -0.135097602 2.4007161e-10
40184.9927 17097.9403 -59.4759887 -1.70102725 2.85545947 -0.834309245 1.94576203e-15
1224.04311 -41682.0511 -1325.49121 4.10665365 -0.419314759 0.23636098 1.41957208e-13
-5213.24234 40796.4336 -515.500815 -3.45466616 -1.19992467 0.437935809 2.84175951e-14
-6670.39921 -44095.0955 -1082.56239 3.4578779 1.70512351 0.368551309 9.66886662e-12
19733.4664 41607.9006 902.980958 -3.06394856 1.81389354 0.118512257 4.96762223e-15
-42487.7632 -11607.5596 -95.8133314 1.533848 -3.42339948 -0.841423785 1.96166087e-15
7767.22349 -18084.092 -1120.70067 5.30833991 0.636256565 -1.00921649 8.83561506e-12
27952.6667 2328.37438 -1199.40614 0.11869281 5.76311116 0.311693961 6.53045763e-09
-35349.4417 25659.989 546.976123 -4.3631448 -1.91823933 1.35311716 7.45048981e-11
20328.2869 32343.5231 722.708581 -3.49185467 1.33933734 0.366499967 4.17635728e-09
24224.4739 35118.9634 -947.495428 -2.07754945 3.01831641 0.614461988 1.50719784e-15
35325.0761 -6492.89111 -48.6192164 -1.7178533 5.46741682 0.459926481 2.33609913e-13
33816.3778 -24129.5372 218.825839 1.73451488 4.4546874 0.142445974 3.59963684e-13
33293.2297 19799.4878 -123.849098 -1.05913954 3.46155859 -0.978359761 7.41423356e-10
-16866.921 -13459.8887 1451.00063 7.08767845 -2.3489124 0.798711585 1.21220056e-14
46702.6229 4188.05477 765.392394 -0.613501725 3.96437599 -1.51451242 9.47459851e-10
19895.5752 -34424.403 707.103323 3.76678897 1.28922987 0.249951407 1.65809831e-14
-4908.11463 -6320.55498 875.902663 6.58140619 -5.15484871 -1.37850409 8.19089841e-12
-14300.7663 -40867.341 -286.650713 3.37586822 -1.61422287 0.525346543 7.8266922e-12
-17962.8835 12331.9052 1051.9785 -2.01705202 -4.55376933 -0.143295319 1.62880027e-13
2938.21864 -16136.295 -1039.81292 6.41972453 0.956222365 0.114811144 9.07362281e-13
14050.9556 -44957.9371 16.904336 3.69413737 0.754675287 -0.177458731 1.95772956e-15
-40415.14 -1289.96784 737.645831 2.19283842 -4.53614291 0.0615373323 7.16726924e-11
-32661.5995 17777.652 582.542698 -0.954392139 -5.03753212 0.37937168 0.00011575362
-37000.1845 8134.06554 694.069623 0.905923174 -4.24392571 0.507801322 4.38788479e-14
21389.2335 36816.0641 -299.581001 -4.05633572 -0.386311646 0.382078782 3.96321006e-10
-29156.1646 -9439.01862 -1173.05823 0.780149902 -5.06739667 -1.01278042 3.69165897e-14
34718.6524 29059.3908 -889.037312 -1.78194982 3.99704599 0.138395815 2.77554544e-11
7871.26648 17531.3873 -780.39588 -4.6030119 2.90266344 -0.789974729 2.30606815e-13
15759.0596 -13827.4156 -823.480151 1.28693926 6.15429564 -1.3420441 1.28852929e-09
-9337.82836 -40452.7842 -887.828793 3.8297753 -0.390212608 -0.875519252 2.69586975e-06
-32071.709 25707.9443 -780.601043 -1.49019141 -3.31438875 0.69981448 3.33086583e-10
-38830.7353 -26244.4544 817.179833 0.994848834 -4.71936144 1.0423822 5.04594015e-13
-5656.27142 -8361.38768 -1100.54044 5.32845451 -5.63324877 -1.49181307 8.37738737e-14
-38036.1401 4630.56428 350.592069 -1.02210031 -4.78651919 -0.229006378 4.21692694e-11
-4252.98167 -41493.2547 -653.231346 3.41286502 -0.413908404 -0.625050934 1.02731724e-09
34644.6819 -36035.2739 -1029.7246 2.51676194 2.20432163 0.358858361 1.25259e-06
9406.00771 -46326.6561 -1054.92575 3.3089644 -0.187197864 -0.475359632 5.7746163e-13
26336.289 7229.91051 267.57996 1.20316331 5.40639026 0.930228168 6.91563172e-06
220.146737 -30734.619 -1011.47331 4.94636998 0.0737622196 0.391221185 5.70895245e-13
16908.6373 6442.65836 456.565789 -0.926489733 5.7199446 -1.04847944 2.80456989e-13
19139.3303 16156.5705 -694.474637 -1.65714983 4.27553394 1.48224925 0.000333351444
-13100.9079 -39367.3879 1324.05516 4.93129201 0.698666248 0.916067439 2.16907411e-09
4467.75816 17860.7577 40.6456169 -5.41544891 -0.433630858 1.36753005 2.79290357e-09
-16095.6765 -11554.4955 1236.27991 1.34526987 -5.38804349 -0.282126358 3.44415444e-10
7126.34062 -17238.8996 -488.816895 5.39003252 1.90613575 0.121513199 3.90891592e-13
1857.01289 49577.7676 -1187.75891 -3.31750384 1.25336745 0.49765925 8.46760306e-11
-16632.3915 23972.9964 -685.970619 -3.25928504 -3.07215315 1.08625309 3.76661984e-13
-38405.5094 3369.79236 -793.40213 -0.89602496 -4.3655616 1.22315957 6.44888597e-12
20672.1809 10630.3505 -30.6832558 -4.13005028 3.31497024 1.25530612 1.24867409e-11
16350.1957 -45405.8119 125.984526 4.02300266 0.542142821 -0.153541617 1.8500878e-15
-13025.4699 -29541.7558 1363.11521 4.15154184 0.0880454019 1.02101483 5.06042144e-12
45179.878 17237.5989 1123.34766 -0.234077672 3.43870833 0.284027761 1.09257887e-14
27389.4793 -6599.32136 700.581781 -0.501754217 5.16416667 -0.210609304 1.54501595e-15
4872.79142 19053.2221 -1471.43129 -5.32634089 2.56279038 -0.758564406 2.42481386e-13
-14616.5352 -15588.0336 508.911933 3.29217032 -5.35155396 0.352681706 1.3237338e-12
-29934.4732 -16316.3256 -280.678436 3.03267651 -3.17926207 0.305179276 7.44713147e-14
30766.0614 28472.2661 -979.66662 -2.4945171 2.79818526 0.0575501048 5.20456344e-09
12465.108 25409.9592 262.737537 -3.5354749 1.89187337 0.0501789932 1.30377399e-15
-30510.5729 -30073.9264 -1028.06922 2.20036439 -3.99183825 0.261213903 1.55758229e-11
-17781.127 43173.2536 -1135.20096 -2.95384805 -2.08314638 -0.621421121 3.71057949e-15
-23002.6502 20342.6546 1292.98383 -3.73011943 -2.48579272 0.94158252 1.03864929e-14
23872.7547 40578.0597 -1371.35036 -2.89964837 2.76586177 0.112867889 2.44942241e-11
18592.3677 630.424115 932.240037 0.206142579 5.77154613 -0.0492484072 1.29070795e-15
-15413.3931 -16135.9153 -1135.50254 2.90817862 -3.72734993 -1.36582103 1.29157542e-09
-4627.7496 9186.26419 1237.16472 -8.27907256 -3.2952831 -0.319104449 0.775729866
6293.38927 5406.08337 514.927748 -8.99666578 5.99529202 0.53036951 3.04357712e-09
-45817.935 -4557.47154 -1180.16263 0.921115611 -3.59688809 -0.838475895 8.10867954e-10
-26065.3065 14324.2049 572.779253 -1.45686019 -4.80085623 0.445732455 1.00966974e-12
9888.55677 3180.93606 -1269.68951 -2.35043457 6.97381891 -1.31664661 2.67806366e-15
19263.3058 -24668.2724 1409.29113 3.25013423 2.95313795 -0.790093363 2.11738515e-13
42851.2579 12238.5949 -1380.6965 0.0969327186 4.38679446 -0.299383388 2.35884865e-13
-9092.13106 -16119.8583 686.825977 6.13831861 -2.79670824 0.727710602 2.74009038e-13
-14272.0872 2564.3449 -1047.31285 -2.51200521 -5.88890949 -0.915772187 2.40541774e-10
20927.8982 19696.5558 139.319115 -4.15441595 3.93459304 -0.90686853 1.77876529e-14
4148.24941 48777.8688 1281.47077 -3.43388464 0.731345007 0.356342933 3.51804794e-13
-22525.2502 -32154.4895 -636.267987 2.61372014 -2.2426508 0.718030146 1.99539287e-10
-32558.704 16818.3957 -840.63411 -0.183190889 -5.30370234 -0.623979801 6.04060122e-14
-5127.39143 -47425.3109 -784.48555 3.0669951 -0.406983838 -0.708818508 7.47441573e-11
28663.7888 23356.3266 559.604249 -6.92450197 0.90617318 -1.47742031 1.2994866e-14
42708.6779 -18703.389 1239.33788 1.04621329 4.1494342 0.425405848 4.52139589e-10
44204.129 -14950.4367 1003.34436 3.05441279 2.30555053 -0.109567793 4.79272657e-06
22342.6366 43837.4961 -928.728964 -4.16844059 0.393676735 1.17946289 9.68009183e-06
-37371.1422 -13693.2893 -758.08889 3.24388938 -2.46684988 1.13032018 0.710962164
-28571.0887 8988.69448 -422.045746 -2.62025502 -4.27983882 0.385392764 3.44556494e-12
6231.82974 -22055.4965 1306.37365 5.00797302 1.55859772 -0.505712337 9.24238395e-14
32220.6906 19875.0031 -740.877818 -2.88552156 2.83618961 -0.360655765 2.72114254e-09
38050.9519 -19670.7046 433.347296 0.0377325892 4.18379483 0.476508829 1.26258643e-11
25655.4479 30464.9995 -1071.67429 -2.937536 2.95210566 0.796973051 1.22050335e-11
18036.5704 -38816.0853 -1326.76477 3.1368431 3.05977686 0.170691967 6.49531128e-14
-74.8222714 -29278.5089 1064.00139 5.26950583 0.827278861 0.0952998414 4.25363839e-06
7030.8756 -40248.6411 1397.47529 3.63937272 0.76790252 -0.951791608 4.72293001e-11
36843.0713 -19721.6489 292.336296 2.20230603 3.65451593 0.743134385 9.08168018e-12
-44962.5625 -18096.4748 500.505565 0.702731925 -4.34552764 0.399435826 9.10628983e-15
1600.65097 46824.0601 -687.680524 -4.36608996 -1.19085473 -0.146735271 1.39860285e-12
13687.7817 -27476.6134 -935.296646 3.454178 2.28360409 -1.26257639 1.06310268e-07
21668.7838 -38265.8866 -1259.10896 2.75298088 2.24817753 -0.258195235 1.22947772e-09
26462.5656 20152.8465 -822.606208 -1.63519092 3.85610198 -0.385445769 9.2617652e-11
11680.8122 -16679.6494 -1084.11678 6.36579231 2.53768318 -0.406123464 3.94768643e-11
1366.0628 -45128.3742 301.938392 3.64349498 0.849400265 -0.0809736816 8.87584872e-13
30585.4558 -17528.7937 898.677646 2.30380221 3.4678089 -0.995828533 1.50135666e-06
-30975.6896 -30111.9008 -360.504248 4.18713877 -2.10072713 0.0123343743 3.66742044e-11
5687.70979 37247.7084 -643.921548 -3.64047683 3.33918595 -0.645437339 5.05529373e-10
-3619.17473 -45144.2895 -1226.53117 4.48824402 -0.64920069 -0.455552071 0.000990399474
22371.0773 10431.0659 -180.892828 -2.79768789 3.88801412 1.3508933 1.68107625e-15
-7864.78762 -39659.0104 1184.44623 4.65929676 -0.196432721 -0.266894143 1.05412155e-10
-128.053831 -3659.62309 644.545774 11.9205313 5.12894452 -3.10681902 1.97092395e-05
-36575.6068 -16260.127 40.7216085 2.53050592 -4.21920789 0.609208656 6.82335428e-12
-10575.0311 -29202.3069 -1488.57909 4.96588803 -0.872659401 0.3598701 1.63647212e-13
1950.95946 -8811.88208 802.356174 9.38016384 3.07126657 -0.799919989 6.11206984e-13
35786.0928 2558.16024 761.390961 2.67287413 3.887481 0.37982298 1.02649057e-06
-23813.5199 -11007.1343 -441.768333 2.52637479 -3.82380678 -0.10058082 0.000135575697
-23517.9404 4638.4042 -491.292866 -1.40444772 -4.42722038 -0.0227481395 2.30096104e-06
46276.8287 1098.3707 1191.94614 -1.01347313 3.40843617 -0.454006154 4.04649322e-15
-43143.7335 3958.29364 673.550689 -2.55524692 -3.86273633 1.19201629 3.08498007e-11
21891.9641 -11936.9943 1479.85675 1.18991499 5.90691571 0.34358591 6.60171965e-12
-1588.12729 29506.5569 -680.703662 -4.71328857 1.7998907 0.412670655 1.21535473e-14
18279.3613 17779.872 24.8400878 -4.70687778 2.75665157 0.41198212 2.68443264e-06
-13816.3903 -33904.8479 -114.27093 2.85603468 -2.39383473 0.225799467 7.02504312e-13
-9362.4925 -15626.9093 -1228.50859 6.6519449 -1.54429892 -0.464740448 6.32586601e-12
22985.4487 -14072.0065 1439.93999 1.54272107 4.54154038 -0.11341407 4.43493628e-15
-14389.6115 10454.4452 212.533634 -2.99836982 -4.45954225 -1.03463646 2.51922591e-12
-27808.5257 -20881.5243 -1411.55847 1.86741001 -4.44449979 0.788679789 5.21940517e-10
-25453.7971 23695.7283 417.509342 -3.98645843 -3.10829866 -0.897212729 2.41877176e-11
36929.249 -27110.0137 -781.093719 0.938332636 3.27704634 -0.538156588 4.29429527e-13
31105.1472 17488.787 -441.437428 -3.17928319 3.56686394 0.502888637 1.15927912e-07
-21849.6773 4299.95413 656.363084 -0.467998055 -6.52557027 0.882892249 1.65517284e-10
29877.686 -35247.3775 875.289393 4.20991932 0.802625225 -0.0553243962 7.75283185e-07
-20479.4888 13729.5031 851.744916 -2.56566758 -4.76110922 0.715196396 1.37951792e-08
-1650.33181 28540.0972 93.1295399 -4.44451825 -0.638992807 -0.697211016 2.17479577e-15
-35018.0322 9839.13504 578.897295 -0.149558801 -4.85906303 0.565637259 9.92752183e-09
44450.0397 -11553.4538 -92.1274518 3.07346446 2.45414907 0.119227369 2.57925526e-14
-30266.2118 -13957.087 921.903382 0.443668141 -5.48770862 -0.904587723 1.0524344e-10
42522.8256 -4811.86602 1157.16833 0.340556869 3.24757159 0.414561951 1.16287777e-14
10538.3939 28557.0721 1475.17724 -5.0556176 -0.233333741 -0.754707693 1.08288226e-10
35465.5335 2291.77289 -104.627356 -0.63249764 5.07063373 -0.259440043 5.0982593e-06
2227.45175 26096.8312 1226.70494 -4.06514633 2.67058494 -0.0556165259 1.43167698e-12
-39048.3276 -17915.0134 -117.179403 1.04400772 -3.13135966 -0.179556476 1.58554626e-12
2480.95207 -20347.1231 1011.19043 5.95007871 3.3977513 1.52933482 2.80113359e-09
25240.9378 20757.5096 -145.956963 -1.19913887 4.08166381 -1.1373602 1.59362607e-12
-21942.9904 27337.4312 -625.728299 -5.22540653 -1.75590953 -1.52075217 4.73071464e-13
10568.1224 -32879.0496 1376.2102 3.36870367 3.76151368 -0.603420497 3.11977438e-14
-10686.6295 -20998.2419 1387.86451 5.55784225 -1.33165882 -1.87477894 1.13059068e-10
-16417.483 -21577.4306 1286.24865 3.12159184 -2.8560754 0.130459306 1.60251472e-05
-22067.1601 -3091.19985 -930.135766 2.39541746 -4.21423686 0.644734323 2.96254299e-09
40720.2934 -28028.5306 -962.520965 2.02643328 3.41899231 -0.218587169 1.29218023e-09
-21238.2577 -4581.03634 1023.20926 1.38827043 -5.76234822 1.21122449 1.24128465e-07
-21612.5832 -20665.6055 -829.825662 0.946348197 -4.3562265 -0.113421666 6.51389225e-06
-4877.88794 -31310.5844 -442.046417 3.43399979 -2.43617209 1.04173998 2.87374507e-12
2976.1591 -4679.50946 -1204.56316 8.91786691 6.19988668 0.61678613 1.01989165e-13
38011.3838 4414.34967 1280.62696 -2.09506279 4.70709304 0.319695674 2.35482764e-11
17025.2799 -26114.2593 -1010.22304 3.15862745 2.17683098 -0.245706178 0.117701341
29483.6148 -32996.2153 -481.301652 3.00168311 2.95636105 0.305658125 0.00011328229
15867.503 -13331.9087 639.735254 4.01775262 4.62814857 0.317519406 5.25915731e-15
17266.8338 14161.1683 164.933509 -4.31002117 2.20862527 -0.565202809 2.74308173e-13
19896.1179 11256.3558 733.315656 -2.80275426 5.08241629 0.0707783491 0.000120635301
-23675.5136 8340.97814 -971.461354 -0.458972094 -4.59202781 0.610622174 2.82080997e-10
10397.8723 18735.4921 1367.4109 -5.28397516 1.8764909 -0.502977026 2.42818859e-10
7314.71889 -39860.9605 327.875272 3.44386232 0.316439428 0.551510795 7.66611701e-10
-2792.33652 36182.1197 -83.6879962 -3.82042415 0.625534481 -0.678796548 1.5759007e-11
16437.5038 31337.825 -1330.16162 -2.24805174 3.57920321 0.0579838832 3.39868925e-15
4482.97045 11229.9961 792.299075 -6.51547412 4.44319417 -0.73740075 5.53688838e-11
12404.3462 15523.4528 -1135.59388 -5.5074507 2.44366224 0.000282471711 3.20497079e-15
30821.9079 38470.5626 1350.40195 -3.77069384 0.610283227 0.0285778562 1.06374661e-14
-27298.6342 -12450.4849 933.592309 2.31919562 -4.16861023 -0.120866063 8.14416951e-07
-10984.804 -32223.9039 -878.014379 5.55235764 -0.214063143 0.87700667 2.95473945e-12
26764.0108 -24714.3103 1243.899 3.32135659 3.3803915 0.179605693 5.04218034e-09
-20426.053 -41322.8411 1387.0818 3.89510003 -1.15212585 0.385235244 1.45028235e-15
20362.5758 42079.8192 -948.656268 -2.93299682 3.00565662 0.0611344423 2.02036543e-11
5206.18636 -34066.1679 1487.35389 4.62105748 0.431211692 0.694613102 1.92637753e-12
966.735653 -2260.62591 1154.19721 13.9867082 5.12550597 4.35205996 6.50291049e-14
32767.9661 -35469.6913 -926.614528 2.21189127 2.55783709 -0.354675897 1.30846673e-09
-36395.2531 -30948.3801 338.061203 2.56408794 -3.59015106 0.166518157 4.4038497e-07
-3681.87826 13319.6162 407.696003 -7.29820534 -1.74094933 -0.215302203 1.46110695e-06
13575.856 43996.0484 1455.78762 -3.89546651 2.26511738 0.243326558 9.90982572e-13
44044.5555 16584.5131 5.77895484 -1.06552065 3.42788807 0.559386922 5.39409562e-12
36672.2958 -8477.36014 -448.454059 1.80850987 3.35134151 0.277234363 5.22247919e-10
19336.3236 -41568.0952 -893.867509 3.93411769 1.51606936 -0.275056843 1.88211542e-05
-4159.84442 -36419.9045 452.073724 4.29103439 -2.6210514 -0.788690045 6.59221601e-09
33452.0202 -4933.51269 -350.422728 2.31360624 5.01568268 0.382470174 3.97424902e-15
-12978.3641 -25080.1145 -981.129973 4.35407385 -3.30530703 -1.31071796 6.30753546e-13
27320.0336 -35812.2232 -1070.42561 3.48559368 2.79117792 -0.136006269 2.2034608e-09
-6225.62391 44107.3261 1197.4707 -4.13657987 -0.760487769 0.217300741 1.0847021e-11
43020.0525 -16886.9584 305.95884 1.80329354 2.93316379 0.523781779 2.42351575e-13
26477.4507 30200.0328 -1499.23091 -2.4367724 3.61949939 0.517196519 1.10735847e-08
-17317.3512 -25665.1725 388.611395 4.67444015 -1.50649556 -0.325822068 2.50702728e-10
28529.7139 -27868.3549 1015.25805 0.608507189 5.38401877 0.151943716 8.78225068e-13
42182.1897 -22808.0278 829.475314 1.37454562 3.75299381 -0.468846153 1.41120622e-09
14897.5923 12168.6332 -118.7345 -5.63398721 4.17671414 -0.301251482 1.86711682e-14
39963.2095 -10607.0072 1132.26653 -0.810581342 4.23819468 0.707344823 1.27579483e-15
-36487.6318 30631.8989 337.793676 -3.11241829 -1.35734889 1.28551647 7.54055285e-13
-27678.9725 -4736.43992 1338.359 1.43264887 -4.9026255 0.218557752 1.76291849e-15
-44389.9791 7836.60105 -587.682733 0.290414375 -4.73462263 1.03618542 2.21215301e-10
16139.6692 -37860.3879 -798.157814 4.31629085 -0.033490648 0.244855805 2.63844332e-15
-2850.97656 8641.47765 -1084.91797 -5.94807674 -5.47836352 -1.76270155 2.18137672e-10
48601.1728 -695.316952 -738.930026 -0.173347779 3.94167125 0.180261178 1.32329842e-11
8673.90005 22172.5148 -164.394815 -5.37189477 -0.994347325 0.628406276 6.4904103e-13
43460.9904 8747.08322 -321.05277 0.435633949 3.54989084 -0.901748133 1.61772358e-12
20977.8899 -7094.30954 337.416252 3.99996098 4.59090422 -0.690411001 6.93847342e-14
31594.6846 -33545.5427 -637.667947 2.31925117 3.16478523 0.0850099859 1.6332884e-07
-10013.4342 31492.5278 1265.39337 -3.77979527 -1.76236355 1.14248751 3.90501418e-11
-42608.2868 1255.63407 -114.690024 -0.824574935 -4.38112792 0.326023115 0.000219134806
-12650.4865 -28070.9839 702.103135 2.82544919 -3.65446987 -0.186968957 5.08467166e-13
-13482.141 -42531.8857 553.930507 3.61602141 -3.37564777 0.173946372 7.13422129e-10
-6128.27342 19649.2716 -656.845774 -5.79318643 -0.196562018 0.168919727 6.24505971e-10
3482.82786 -31139.0098 537.035474 5.03331213 -0.48622818 -0.0639560541 1.63932279e-12
1950.82494 -34860.3853 947.75935 4.59627155 0.128830967 0.0590701725 3.39536672e-12
-7383.43107 -7328.33444 -1357.8148 7.33680728 -4.08070304 -0.949495386 6.06554077e-12
7363.06335 35884.3178 -761.021269 -4.07797431 1.84576928 0.268997649 2.55098365e-09
37092.8539 25652.9358 20.1353243 0.135529416 4.04186739 -0.459408739 1.09906759e-10
-2437.78486 -9941.85678 771.826956 8.65449884 -3.46255962 -0.950216148 8.01675217e-15
8652.92386 48980.1963 1255.0435 -4.27148811 -0.0305636425 0.05302853 4.24150946e-09
-9595.11274 15307.0227 105.903811 -4.44035183 -2.776628 0.779376653 1.6780359e-15
-7046.53529 -17036.9594 1339.06306 6.95218671 -1.57152034 -0.858572069 8.34815175e-15
-28951.724 18528.3661 1482.85938 -2.75400075 -3.6410413 0.916286343 5.73588656e-15
-10715.6249 9323.88186 -1429.35216 -3.97850855 -5.36057227 1.44667579 7.86091131e-13
14085.6464 -37160.9412 629.124506 3.42650432 4.21320787 0.175598296 2.08654205e-12
18766.112 -31936.5675 1118.19114 3.51976487 3.4018543 -0.185518145 1.2804437e-13
-25734.2398 9626.64043 526.142978 -2.82015281 -5.2669269 -0.00159152097 1.41009978e-13
-33849.5281 -4362.36698 -1437.01803 0.263775347 -4.21165219 0.427939333 1.51847873e-05
-25699.2042 42828.383 650.149225 -2.91513234 -2.16839467 0.36439294 5.1639938e-10
-38328.7555 13224.664 -1350.49334 -1.21743208 -4.35198133 0.497567257 1.51722435e-13
-25613.9591 -22304.2102 -697.656274 3.68328653 -2.16707272 0.133618864 1.96215198e-11
11671.9186 5431.68527 1450.94292 -1.22303494 8.88102233 -0.509214453 1.14068069e-15
48778.0755 10560.1423 -237.393997 -1.36981585 2.96191344 0.387278628 1.30193737e-14
-43154.9349 11473.4244 -1435.11272 -1.98526145 -3.66419517 0.202943004 1.12552802e-09
-8400.37723 -6600.67728 850.444023 4.97193188 -5.11478113 -0.529003429 1.12496159e-10
-16063.0669 12852.6851 552.936134 -6.37789774 -2.1869138 0.252938515 5.61440893e-14
-22123.414 3434.39415 -1259.30823 -1.93464995 -5.99358063 0.405200665 4.60288297e-09
-44494.918 17790.3746 -1257.01427 -0.5966886 -4.27157365 -0.143153779 6.80152661e-10
7873.97413 -27525.5787 -1086.51107 4.85984314 2.54069815 -0.0281109111 5.72327543e-12
36857.7287 -6541.03629 -797.870186 0.333991884 4.97558992 -0.633475793 1.00748026e-13
-743.886529 -12959.2591 -660.755313 8.25672375 0.59386459 0.794288447 3.99692727e-15
-40159.92 -4834.30365 -168.490687 1.37385786 -3.87777938 -0.0743086419 3.67967142e-10
43322.6413 1268.37536 1359.38151 -1.27841417 3.74669252 -0.289704276 4.26316362e-15
7771.24509 41361.2695 1037.71319 -4.47943329 0.605996147 -0.63366259 3.21848472e-07
5933.72956 11953.3261 -1014.38787 -7.2793221 0.932402144 -1.57913774 7.16315888e-08
41655.0733 1349.38313 -587.240312 1.82216839 4.49893964 -0.208865117 1.27899189e-10
-7040.72616 -46814.9645 44.2438032 4.01492503 -0.651042243 -0.441610571 6.16089668e-08
23257.9263 29246.293 -1337.18232 -3.03195736 1.94212543 0.299647702 2.23449492e-13
-21943.5355 37192.3035 523.838013 -2.25874525 -2.955218 -0.13847944 2.04171462e-11
26801.0947 -8712.69825 820.719732 2.52039758 3.38036356 -0.746474341 3.98434363e-05
310.939559 -24459.5432 -188.373755 5.81507678 -0.785085312 -0.325384313 8.00250627e-12
-10590.6602 45373.7378 1126.55612 -3.60297101 -1.29740349 -0.891689671 8.68699419e-14
5731.16081 -1394.88968 840.600599 8.53855306 10.8893125 2.47326868 6.63246231e-05
697.353006 9862.68517 1204.21903 -7.34216754 -1.97711712 -1.78717582 4.98754755e-13
8963.1639 -40799.6347 -1376.81361 4.63795497 1.02690539 -1.04731305 4.69480751e-15
20557.463 6891.28713 328.363083 0.137955776 5.78635985 -0.551214879 1.13906999e-12
-17918.869 28494.6751 -1115.84106 -3.55459869 -2.13417965 0.506505209 1.10701962e-09
-32622.1349 29818.1998 1238.97448 -1.37711174 -4.82242077 0.316958631 2.13227916e-11
23812.2161 6905.45369 -721.921032 -0.500769334 4.87225232 -0.186496818 1.1654569e-10
7067.42783 -46074.9222 1160.77013 3.41668517 1.03752868 0.23490145 4.82976003e-05
17671.371 18727.3658 1040.38911 -3.44440628 4.27451895 -0.556504957 7.55874574e-14
-39253.0772 9255.71658 538.254716 -0.19548585 -4.90516133 -1.64638697 1.14789631e-15
-30767.6116 36729.0769 694.536103 -3.02588456 -2.56339273 -0.837359161 5.8760488e-14
28620.9835 11459.3499 -371.583898 0.610856516 5.19336327 0.557820042 1.50921053e-10
18805.7407 -35762.6581 -1128.07574 3.77385628 0.351823191 0.560926185 7.26760521e-15
-11904.7126 -12062.5268 -608.452448 3.67969722 -6.49454179 -0.927742223 2.31811609e-13
-8088.58544 -26035.3699 -920.452737 5.22937827 -2.34050035 -0.159187139 1.04856684e-14
-6437.13136 20860.6701 -656.669855 -3.94648392 -2.24810013 0.566962222 7.33903972e-12
14277.0947 23658.1823 559.883302 -3.80929271 4.49662739 -0.336415908 1.46388476e-11
20383.6488 6919.22505 -1389.14648 -3.36777543 4.94261196 -1.00263881 1.43075225e-11
12330.8267 -17766.5052 1452.9287 3.60613819 6.36866703 -0.305822652 6.65083869
-14185.7376 -21972.1279 397.322243 3.83103364 -3.79012945 -0.33295841 1.06440983e-11
-38002.4185 23928.2046 298.42614 0.862032516 -5.04763796 0.251276212 2.44973357e-11
-5049.06888 28745.6084 1176.18491 -5.64572934 -0.265916774 -0.47346333 5.4793134e-14
-13156.673 16517.7274 -1348.48315 -5.86196982 -1.82452201 1.43306831 1.74038412e-09
39201.1921 22315.5888 -709.181615 -1.58019684 3.54852769 0.787766618 6.67770895e-11
-19335.3658 42959.9236 -1403.69039 -3.39351573 -2.01566151 0.690530482 6.14657282e-10
13415.324 -32759.8736 1147.51081 4.21027454 2.32583213 -0.57167758 5.26655776e-11
40422.5947 -10600.9 -428.306016 -1.04520014 4.27596689 -0.282555989 1.56894624e-13
18197.8923 -20323.1772 -593.082383 4.64300459 1.68912492 -1.21364083 7.82811677e-14
-32020.9675 33356.3728 -1473.02935 -1.91954906 -3.73393704 -1.07735058 6.23318372e-15
3506.693 47329.0195 435.229335 -3.02975228 0.939338613 -0.26687074 2.26745554e-05
-6197.40051 27129.4002 -707.899455 -4.80914128 -1.34434197 -0.680164234 7.88075889e-10
37856.9159 1802.12995 -1198.26965 1.32472384 4.07546148 -0.795981307 1.35585302e-09
1979.28734 -40904.1968 1353.94561 4.36272766 -0.453747255 -0.879994192 1.9707852e-11
-14808.7984 -16447.7811 344.379733 4.28465525 -1.95511139 1.31048312 2.47751257e-10
-24430.6515 -25702.2318 -276.039848 3.40575544 -3.24712272 -0.59798535 4.17172905e-07
16735.9484 -40997.5738 -1220.93216 4.2346733 0.990901182 0.597498608 2.17940764e-10
11126.2164 -19060.1051 371.756341 3.5155182 4.51405474 0.385123556 9.0134821e-12
3571.38543 47739.062 1292.47051 -4.37985265 -0.59125523 -0.902009241 8.83351648e-14
-47190.873 833.842935 -508.143979 -0.252758992 -4.22749549 -0.347059291 3.82786139e-14
-35794.7586 25717.4665 -981.265829 -3.88046432 -1.64483288 0.119159894 3.16996861e-05
46344.3502 -1042.10354 782.971175 1.0582527 3.26633291 1.57560187 7.74193026e-14
28703.8805 -36620.7868 901.693161 3.16470737 1.29763682 0.0802411162 1.71143246e-05
-37123.6772 13045.2673 268.077961 -0.102109237 -4.0740847 -0.151983253 1.76609236e-07
28265.2139 -8312.15323 -828.485326 4.20453531 4.55811477 -1.07629428 7.11038471e-12
18445.6802 38269.0928 -1295.13226 -2.93569831 3.9243784 -0.492509846 1.0418848e-11
1539.0438 -24477.5559 92.5854645 5.66138197 0.433665033 -0.634422609 6.237751e-15
18827.7228 22333.1607 -693.938628 -3.94471551 2.42330627 -0.291971411 1.45505227e-11
-19271.0039 22205.8456 -1276.50124 -2.1752878 -3.78642729 -0.0836382849 6.79741211e-11
38774.2992 -9163.51901 -118.847347 2.05136636 4.09506663 -0.0190512808 2.9880436e-13
13341.8083 -33184.7871 -944.602513 3.76699623 3.72066341 0.653401094 6.86682918e-11
-31608.7081 29286.8385 117.812353 -3.40758832 -3.04282544 0.232874199 4.69523449e-13
-30538.7074 -527.672344 -357.385571 -0.980209915 -4.48957588 0.414340428 3.56887188e-12
25139.7872 -14702.2593 -1426.49453 4.90045753 3.55222062 0.428070205 1.78947048e-12
26349.5214 22417.3244 1063.69752 -3.6282886 2.40922086 -0.931629931 2.06127587e-09
-12898.3838 27631.2092 -508.853628 -5.43331585 -0.530897584 -0.309342444 1.04879884e-09
-7523.50656 -32994.0416 1106.25058 3.6989355 -0.612771386 1.03072039 2.03185525e-13
2290.75604 5868.99306 1362.81731 -9.35213714 7.35391455 2.2164048 1.4718327e-13
36754.1715 -22009.7803 -117.439212 3.06857179 2.58674562 0.241421722 7.2569234e-08
-12192.836 -6139.93045 1052.39003 -0.878195566 -6.92813614 0.369055635 4.39713396e-14
16968.7692 12487.2993 -619.109423 -2.31160467 5.01735552 -0.692707997 5.23540082e-11
-25603.9758 -19015.0807 515.036032 1.29296192 -4.46078506 0.351298345 1.55318135e-14
8461.67347 -27555.3157 -471.491867 5.54477613 0.625310648 0.355467747 2.28418038e-13
35385.8714 998.649919 943.582305 0.640931325 4.61946256 0.110552386 3.91182999e-09
13487.4766 28923.237 -18.3290319 -4.1150748 1.23557953 0.262701259 6.17468929e-12
30020.9257 7223.9286 -65.8284604 -3.49969266 4.47517532 0.382113609 8.68623277e-10
40525.2148 22182.8699 102.548246 -3.97569611 2.57514637 0.318025325 3.40357655e-12
37190.8292 -31469.6914 -1116.88463 3.72737476 1.48509489 0.394177304 9.01068054e-09
49235.0778 6254.4155 1163.92336 -0.221074009 4.19279047 0.320127337 1.13446938e-09
15255.1533 11120.9146 1363.75059 -3.75646166 5.87812365 0.208222065 3.65800993e-08
2410.59371 -13627.6831 -200.633802 6.00930329 4.67743788 -0.371403368 1.45506347e-10
-4020.29761 -12838.6204 -687.627234 7.19222239 -1.02220384 -0.460794767 7.69617789e-15
2728.74316 38611.4961 -612.950635 -4.9561273 -1.4601813 -0.0706957415 6.04362833e-06
-47397.7328 15438.4131 1121.67 -0.839480496 -3.42547997 0.0966370083 2.67494243e-14
-20678.839 -42446.2634 -1224.34332 2.18475084 -2.56737413 -0.81237624 2.35627815e-11
5219.93236 854.036624 1324.55885 -4.12189773 11.7593335 -0.527746837 3.94492482e-07
-23512.1209 -20902.4967 905.83363 2.07415325 -3.40422473 -0.85300603 1.9253695e-15
-30264.9457 10452.0333 15.7664051 -2.04078675 -4.27623563 0.132236605 3.26954104e-13
25913.3214 9367.6653 -1287.1449 0.240417116 5.53863068 0.164001379 2.27887394e-10
26321.6793 -31090.1403 -1001.87493 3.94056817 2.43055436 0.0382470474 1.79812395e-09
16789.0054 19069.1098 28.4522032 -2.80188636 5.79080682 0.816688901 3.40307802e-08
21898.2708 -18460.8757 -573.50561 1.48882294 4.31967932 -0.0773189453 3.00788547e-05
-35176.0692 27872.902 -603.277549 -2.47546962 -2.72979771 -0.61179456 1.76038852e-15
18468.663 -30841.0299 -236.665373 3.78897168 3.24234036 -0.637289082 6.91460225e-11
-30656.5583 16922.2962 -493.04256 -2.44281792 -4.27579207 0.632857156 1.48094638e-12
42760.3584 20953.3728 1221.83446 -0.493553414 3.70689211 0.453278461 2.13358195e-06
1549.9151 5682.17031 -563.833817 -12.8865343 -3.31151453 1.2996466 4.75634955e-10
-19691.827 26592.5606 1366.47394 -5.07030486 -0.849740285 -0.0367815461 2.18441464e-13
2234.01834 -30323.5075 -1040.53715 5.44294482 -0.0275611282 -0.256799078 0.000234256947
-34474.9959 -31896.0452 70.336141 2.99142437 -2.66210132 -0.16302331 1.06087462e-13
22746.5817 -36521.6358 -45.8082836 3.64755836 1.84048762 0.033429127 7.25129706e-05
28768.2505 -6601.95466 1428.31708 1.15181015 4.55407679 0.587976005 3.0828519e-09
-24302.2499 -31537.3007 -1384.8113 3.29822912 -3.07643893 -0.698062642 2.52316509e-13
28618.0663 -27142.1509 -1008.03988 3.38215513 2.52507559 0.675295231 17.0178893
-16240.1784 -32825.8017 780.5617 3.52221962 -2.19063066 -1.70590251 5.03242549e-10
17115.415 -29197.254 447.132199 4.23543651 2.30050231 -0.0418344233 5.39566366e-13
-25833.3411 697.322611 -1283.88109 -0.68064169 -5.30866052 0.528128685 8.63156739e-14
-5114.94356 -31987.0549 -71.5733022 4.38963422 -3.11831939 -0.123617911 2.28886302e-08
24161.8502 13416.2992 291.436774 -2.63821404 3.97229629 -0.0559256338 1.04057301e-14
46400.876 4381.84847 945.573887 -0.190212154 4.47248404 0.207175363 9.13789667e-07
11005.4471 -45155.1168 -785.712594 3.2637586 -0.494343919 -0.228777468 2.03986297e-15
-2828.08375 1850.98582 1099.17292 -6.83856238 -11.0241713 -0.325082636 2.33256716e-11
-5419.1946 -16687.0232 550.564136 6.82619197 2.05573381 -0.00185231106 8.6854399e-12
36983.909 25121.4864 118.602207 -1.94642663 2.82119549 -0.489765207 2.73212979e-09
38948.355 -15909.6556 1199.84647 0.538189128 3.54597548 1.05230763 5.76274392e-13
11093.2646 17481.271 492.38076 -5.54385528 1.14975901 1.18196652 5.51571269e-14
-21184.8208 17393.427 1172.52457 -2.5540687 -3.62795798 -0.299780117 9.91769209e-09
2465.7269 -29442.0143 995.753817 4.25706246 0.512665485 0.269848143 0.000176304322
6558.51483 -40396.6167 -268.38548 4.69725126 -0.0333753524 0.746189229 1.93465357e-05
-24956.3424 19561.6154 988.680552 -3.93829412 -3.2364373 -0.13846819 5.33922373e-13
29043.7009 22017.8293 -270.550687 -3.80074157 2.2072999 -1.55519957 2.23896128e-12
35007.5682 31844.4876 256.587732 -3.31286964 2.11830817 0.42639298 1.32660552e-12
-26000.7389 20469.1328 673.635074 -3.14619192 -3.48167808 -1.41921626 1.13644686e-15
-15916.8294 31045.6773 -831.94756 -4.3603299 -1.73966319 -1.16578168 1.84150211e-10
11540.2391 -23104.6765 1098.16963 5.63184805 0.0249528812 1.3667701 4.90671771e-12
-19617.1433 10585.2626 1468.67298 -1.77106759 -4.32146609 -0.272375051 8.51431486e-11
-16932.3437 385.68484 827.461544 -0.187387628 -5.82005189 -1.08094747 0.000365235219
47020.4331 13072.251 60.3910106 -3.081375 3.1639637 0.724076416 1.99270713e-12
-38138.4416 -6069.45323 -777.74158 -0.703757305 -4.98245881 0.637350746 7.48319622e-09
32423.3247 15898.435 -927.24745 -1.08564185 4.06935876 0.165855502 6.22850641e-13
33197.5979 29952.5674 -987.924155 -2.79680654 3.25286401 -0.0467453753 1.43799459e-14
34315.8714 -23083.2047 686.748032 2.60776241 2.3929323 -0.927831391 2.64452562e-09
20359.3271 -26832.422 -98.829076 3.5458664 2.09531166 -0.15911013 2.96204662e-11
20442.9241 41987.4772 -1149.52279 -3.27462319 3.6336414 0.199865657 1.49627664e-09
-12269.2943 -43746.0113 1045.62064 3.84793464 -1.28732762 -0.00501159898 4.70941412e-14
-24958.0099 32209.7725 -1100.02622 -3.16653089 -1.39150418 -0.477816498 5.41061769e-14
41643.8616 -9894.24575 824.865834 -2.91343845 4.30298468 -0.684787141 3.34556424e-10
-40059.8111 9523.59474 -3.74427206 -1.26798961 -3.18123024 0.217297862 1.85026336e-13
23193.2503 -8674.34533 -798.642847 0.465957026 5.86237196 -0.247052222 7.42155684e-10
-17180.6744 21523.6706 -1275.98335 -3.59826391 -3.11193198 0.230269285 4.51754644e-10
-12985.0479 -39462.7 -46.6856004 3.71892297 -0.271936552 -0.33624993 9.77371883e-14
386.600521 -41903.0492 175.776834 4.26735497 2.06207475 0.056605385 8.14296053e-11
-4416.36605 -15351.0867 673.148948 6.44346952 -1.74535032 -0.00286534115 2.6720172e-11
-26957.7258 -14089.8998 1170.24924 2.7102696 -4.32276609 -0.0874691356 8.99562508e-13
4106.00778 8287.87938 1313.15457 -6.81185241 3.58363548 -1.03958488 2.54764809e-08
-47601.8613 12780.9972 1334.30782 -2.28004462 -3.100651 0.389845711 2.33479884e-14
5023.19584 29779.8565 -935.146091 -4.97493026 2.92643892 0.241415952 1.86751597e-14
33025.9675 5849.9909 1352.32422 -1.44701901 5.17325952 -1.24465641 2.52619529e-11
46398.5184 11492.7756 99.6238214 -0.668110602 4.25250778 -0.747328753 2.15570691e-14
32373.8192 -15232.8776 881.363624 0.875868378 3.74779348 -0.38605319 2.19983219e-11
-36536.1929 -22958.0323 -1221.97034 2.83256335 -2.02154575 -0.00587688192 3.05104005e-10
1919.19712 -21470.797 1328.83801 5.06496212 1.89143778 -1.0891526 2.87384884e-14
4159.86881 49463.4365 352.174162 -3.01363182 0.440528166 0.431915345 2.05989976e-12
-15900.3322 41468.3757 1167.36936 -3.65542032 -2.83903537 0.119962322 1.4184557e-12
-30662.5756 33288.7807 810.10985 -3.41551476 -2.37579516 0.521810821 1.43172556e-11
6487.46406 28705.0262 -427.888274 -3.77592513 2.29438663 -1.52475688 6.35123617e-14
-29909.3814 -3979.17724 -1323.45111 0.41654968 -4.62645878 -1.07531117 3.09013854e-13
-21017.5429 7857.52607 -260.136155 -0.627550053 -4.81007481 -0.816398444 5.2559949e-07
-39067.428 -20948.7782 -626.960109 0.915176584 -4.61720843 -0.612617411 4.5286733e-14
-2025.70745 18886.9314 -1344.56258 -5.78584146 -0.152365118 1.16444464 4.00632127e-10
-16592.8294 -18487.2595 -821.042775 4.66695695 -3.86738153 0.643530732 1.64197066e-10
7948.06539 -15234.8055 -1274.85795 6.76495085 -0.546725848 0.605281504 3.02022942e-13
-24314.0019 15663.0704 590.657779 -1.27470267 -4.62260698 -0.0711299653 3.5179199e-15
12081.0625 -32863.6576 -1426.90381 4.15210124 0.694979659 1.25334377 3.76229066e-07
-12551.3752 -175.082849 -309.264799 4.7482199 -6.80053208 0.9041641 1.89937773e-14
12216.4954 14567.8018 1335.87817 -2.71150239 4.93031203 0.348708532 3.44415142e-14
-3997.99142 -3707.27761 665.952592 10.9599137 -4.78176621 0.653610589 2.79431391e-15
-31357.6028 -5012.4289 554.445375 -0.326679246 -5.42601149 -0.626539036 1.36081416e-14
-6368.30073 15436.0729 -42.9760607 -4.80253723 -3.66934662 -0.946797884 1.88499375e-10
13070.9525 -46743.2197 -963.22034 3.28785165 -0.220333915 -1.53865673 7.27826314e-13
44325.9538 -16405.7467 -1251.35018 2.40979946 3.36720726 0.319752343 2.89100741e-15
11863.2157 17653.6617 919.117218 -6.05345176 2.5671237 1.17814888 9.98844714e-08
-11173.6064 3346.4953 -1136.16399 -3.10500169 -7.46932164 1.75533754 1.86418855e-12
-19412.0208 5551.21739 -529.486967 -1.72059419 -6.46127238 -0.200290819 2.90688357e-15
-3293.05316 -25193.5356 1068.03324 4.50930392 -2.51498128 -1.15465918 4.11666957e-13
26138.7645 -17173.8491 -1302.26073 3.3648174 2.42277725 0.248022147 1.75595682e-13
16822.5867 44807.2705 801.324331 -3.2197669 2.13837905 -0.20611695 2.3006553e-14
-39470.5046 -14580.8267 -557.715554 3.16725446 -3.25394619 -0.66088091 2.17597277e-14
25259.2062 -28534.0184 -1455.32186 3.36997744 3.21978999 -0.244572655 5.52943761e-08
21430.9569 -6620.986 128.874872 2.42421789 4.17583719 -0.445597608 6.29486594e-09
-6096.25528 47206.9982 991.957592 -3.16515617 0.0485300689 -0.63137264 6.19005784e-11
33628.5301 -3968.49536 793.287958 0.39667733 5.00190403 -0.434068555 1.24409964e-10
-4648.95039 -34496.8938 780.720053 3.55705202 -0.742633082 0.403691373 4.21265832e-14
15244.9094 13777.7565 -1230.53705 -4.32512238 2.36422851 -0.888508882 2.34783482e-07
-26142.3886 423.443108 1268.6492 -0.342597373 -4.50920712 0.367778087 1.67848087e-10
8920.65384 28390.3213 -833.687419 -3.68665148 2.3580519 0.340684576 1.33277045e-11
-14299.1469 18672.8912 -1392.10801 -3.83932849 -4.99134975 -0.54864989 2.40242971e-11
47303.6351 4587.25472 -644.012034 -1.56460092 3.64645759 -0.9743981 5.68596443e-15
40033.9611 -12470.0536 -109.973182 2.15501074 4.31357222 -0.551120975 1.21118899e-14
-44428.1109 13732.2227 -216.111868 -0.383771433 -3.26914659 0.708311891 3.23100948e-09
37999.0117 -29981.9138 -1182.16524 1.90812906 2.29603649 0.399722062 2.66080915e-12
10518.2939 28570.4387 983.906833 -5.31588492 1.06564847 0.616460462 2.38018461e-06
28899.0503 6934.34388 563.538947 -0.645684123 4.45640566 0.570824941 8.98194912e-13
-641.624935 1215.84021 -948.384622 -20.6315618 0.72233485 1.8815044 1.93825336e-11
-5325.68993 14593.7469 -516.571051 -5.92696479 -4.72540036 -0.337951254 3.39350555e-09
22126.128 -28032.6141 -1184.23396 3.62179226 2.14150221 -0.207947033 2.4823492e-14
-10737.7374 -2517.4724 298.24814 5.38228152 -6.5452986 0.0326707289 2.31127361e-12
-16912.2686 37021.7949 -414.566195 -3.85623563 -1.41919462 0.183314308 1.13216114e-12
27845.8036 22277.1619 -857.053118 -2.71518804 3.32184948 0.267669114 9.62368768e-11
45405.0831 -9099.74422 559.81955 -1.71092907 4.98928353 1.2969678 0.000434207377
23751.4095 31810.2574 -984.688165 -2.98949442 3.42059805 0.505215482 1.73635717e-15
29467.0143 -9906.11634 -1160.81507 2.80869512 3.3169008 -0.636042105 1.53081884e-10
-28848.2576 127.98036 -1366.52317 -0.249177788 -5.16591775 0.575603541 8.24126061e-09
-13843.0854 20699.2748 284.451045 -6.1250766 -1.43436963 -0.803859185 3.94222097e-14
-38839.7355 -821.402138 -451.877775 -0.666566473 -3.82208062 -0.248570803 3.04346619e-08
2273.10942 -21097.5454 1364.20949 5.80960056 1.04832036 0.855153287 2.32265289e-11
24320.4638 -30986.6328 1092.18763 4.79198156 0.886338585 -0.155357218 1.69381955e-09
-34436.2363 -728.335021 1358.09084 -0.425260411 -4.25654273 0.436876643 1.36694389e-09
-16204.0937 -3889.63973 1132.42254 1.89264793 -6.20010655 -0.417651799 1.30591466e-06
-45711.7236 893.228891 877.860692 -1.34111298 -3.83366811 0.651375577 7.43095284e-10
-10528.743 30279.3054 -337.892479 -2.71928265 -5.4437368 -0.711833923 4.50323742e-11
-2961.85325 43359.6984 268.473114 -4.08156218 -0.261293457 0.461785207 1.75701562e-08
16452.1292 -5346.12467 139.412647 -0.710086558 6.49072758 -0.351029731 1.90492877e-10
-26616.3064 26668.9395 -41.5551512 -2.34427668 -4.63983959 -0.968089338 1.57540119e-13
-22617.1961 26088.9622 -1467.71626 -3.83496627 -1.61627885 0.734221942 6.16594716e-09
-552.915977 -15783.5123 -779.375975 6.23773427 4.15981305 -1.15353916 1.76749934e-09
10167.7244 25446.1537 3.06453783 -4.62028764 1.52625091 0.485047861 9.89295498e-15
-26669.945 -27109.2185 121.03535 3.59433748 -2.74636928 -0.429883522 8.79035252e-15
-892.799744 -4034.95763 289.94769 12.4992909 -4.58962316 -0.853116047 1.03822903e-09
14816.8693 -1055.54412 470.468977 3.78281173 5.89487802 -0.86549445 1.73852247e-11
32867.1667 -27949.063 -297.175754 1.92831092 2.60747716 0.441475677 6.7640878e-13
32358.5975 11263.077 -316.146157 -0.961982145 3.61251795 -0.963277451 7.28713225e-12
11309.075 7902.74519 682.987604 -2.83598629 7.10728562 -0.596289876 3.62877017e-09
-22597.1443 -15496.271 1473.90196 0.347052278 -4.58264732 -0.95162142 5.07911948e-12
-33061.9681 -13287.3108 -980.084119 2.16900433 -4.26494449 -0.428137567 9.25457485e-05
26654.4549 -29758.8692 828.906323 3.27933038 3.07449375 -0.374586543 1.14530122e-12
2624.6418 -45444.8846 563.590666 4.2712626 -1.68647399 -0.196911003 2.01578646e-09
-38521.2594 -22014.5786 398.389199 2.08874042 -3.19317233 0.249186082 4.76765405e-10
-17324.9201 -13284.229 -297.801818 3.58763183 -3.86678121 -0.503195515 2.10835594e-11
35690.8548 -27059.0977 -579.299002 3.26941841 2.94228529 -0.0320153409 6.26401356e-14
23910.5151 -15893.8806 -1241.39992 2.79459437 3.51902728 0.602125962 9.81887118e-11
-39213.1055 -10830.8814 -998.736067 -1.48457936 -4.45746117 -1.03470431 5.32660036e-07
19819.6239 23478.1785 1467.33495 -3.57203007 3.99551827 -0.222867822 4.05512435e-09
8658.99353 -21826.9262 -599.985348 4.92966367 2.4112097 -0.252764707 1.10575731e-12
19883.6336 -44070.7318 -388.676378 2.63973382 1.48462033 -0.544941889 1.3597821e-09
-27402.6963 12029.8718 -1324.05518 -0.257378056 -5.24744675 0.38432911 6.44655253e-09
-18487.7481 36167.1028 -358.946855 -4.26395327 -2.2399995 -0.802232822 1.66803303e-05
27375.1272 38532.7704 1136.41248 -3.4024366 2.45359932 0.118909681 8.47199696e-08
4675.97102 -17654.287 -299.610026 7.03221144 1.2219116 -1.95959436 8.17960028e-13
-22254.3095 -19786.1889 894.725227 2.88690798 -4.74069959 0.229092006 1.84494893e-13
47413.676 -8613.19932 441.921203 1.23364644 3.40760598 0.705715078 5.6398306e-09
-5297.18636 8401.9762 1496.32155 -5.28057546 -5.61120885 1.23076334 7.79783218e-14
35010.8769 30298.8495 -1311.01725 -2.08199701 3.59937297 -0.576757304 1.72446358e-14
-19081.0845 -22509.1979 -730.049415 3.40519168 -2.50452738 0.705183703 7.00848625e-14
48425.47 -11715.472 1361.81699 0.900456226 3.84244026 -0.66811066 1.70587394e-10
-43024.8504 -3910.84358 -925.95552 -1.25969471 -3.79563686 -0.209468646 5.62991707e-12
7678.07444 17804.5084 925.996713 -5.35637454 1.66274001 0.230878037 1.86940874e-10
-11444.9071 33783.5201 591.357061 -3.46396889 -1.02381138 0.700796643 3.64466928e-14
11615.395 15452.8999 733.510287 -7.42218767 1.30337668 -0.465202647 1.35688047e-09
27706.347 28802.3625 1345.46525 -2.35620931 4.09170502 0.309049497 0.000994664052
3428.89425 37434.2517 -248.364065 -3.50956579 0.322453624 0.634146106 2.40470338e-13
34747.0266 -6289.58242 1362.18428 1.28470744 3.34213333 -0.184339342 4.41826121e-15
-6604.74763 36816.3098 -621.457393 -4.19856392 0.513391806 0.973969272 9.47774868e-12
43175.1381 -22934.0641 609.964035 1.87777403 3.84532313 0.460448936 2.13113933e-08
-2457.08613 -22751.4814 -454.410406 5.12368451 -1.40524859 -0.741385728 5.03107453e-13
28662.9315 -6009.07205 -138.318558 -0.428658044 4.52229044 -1.33858214 6.59623838e-11
9411.59886 -35790.5508 285.656643 3.68376307 2.79862173 0.312324137 5.52603218e-15
34353.4217 -9092.3819 1374.87172 0.480636272 4.92556414 0.604957062 3.83888983e-06
-44948.6077 15377.1223 1290.12768 0.0132508854 -3.40780874 0.295217813 4.09762316e-12
30633.9708 -11180.5253 -380.540725 0.482484653 3.77997897 0.705465018 2.10891922e-09
20885.2863 -28927.3921 1168.92148 3.36048846 2.25012476 -0.771122508 2.39513948e-14
36314.6784 3587.3002 1441.87818 -0.0227869555 4.4958109 0.101941499 2.42383934e-14
-35555.6726 -31916.6052 1254.12742 3.47560519 -2.3186751 0.676970048 2.17379605e-14
-23100.2484 23945.6154 1485.49673 -3.95261438 -3.40287203 0.933959608 1.39455918e-13
4640.47175 -44234.6607 -7.78983041 3.93438928 1.23881132 -0.95471033 3.01385489e-14
20607.9108 -12037.8007 -338.408047 3.49975754 4.38736048 -0.16843004 5.02808385e-10
-37716.4873 29953.0563 1056.93877 -2.71431466 -3.29944783 -0.426813526 6.18423559e-10
-12090.1164 14579.8623 -237.264023 -3.47110669 -4.77673356 -1.16445782 6.29756623e-14
23020.1006 -27087.8136 787.778324 2.7318269 4.03928298 0.480938478 4.79459353e-15
3918.25484 25494.9131 -1463.58522 -4.00801552 2.95944373 -0.188284882 1.35940442e-09
-16624.6631 39564.3614 476.623746 -4.11790842 -0.615219929 0.398614726 1.52759039e-11
1181.72904 -2458.63834 253.346741 19.1756006 -2.09256463 -3.44145834 2.21195644e-09
-32246.8513 -6928.87015 753.4904 -0.0443854596 -4.11218408 0.0282264239 3.61497035e-12
-3573.61926 -45489.575 -1291.38644 3.1355683 0.00642555847 -0.323138459 7.30439798e-13
-11560.2085 28767.3853 1234.06063 -5.24966038 -0.883227115 -0.189705402 1.02515808e-11
22065.0723 44776.7179 -572.518705 -3.0571313 3.14489616 -0.201644614 5.33378344e-11
-17088.0087 21474.6969 -562.609694 -5.03644093 -2.48221011 -0.511087457 1.61322992e-13
-30146.8683 35733.1031 390.169311 -2.07821219 -3.38363325 0.749480042 2.65535574e-09
42924.8274 6294.25883 -1157.20747 -1.10826137 3.02524112 -0.0519826487 4.081572e-14
18597.2323 -10240.2813 -29.8039717 4.58338812 3.23870604 -0.609166471 8.09559466e-10
28247.6402 -14785.8308 134.593768 3.1279512 3.53504326 0.196037421 4.16102863e-14
22256.1254 -8826.48777 -433.716068 0.347456008 5.28523863 -1.13738965 3.01335677e-14
-15379.9895 -1685.66532 1246.00245 -1.48860048 -7.51156694 1.55005323 2.13293153e-13
22842.8729 36198.6953 -1041.80097 -3.08537625 3.23584428 -0.754129752 5.80248866e-09
-19837.1124 -22337.7487 79.8239398 2.20878691 -4.73010642 0.461453224 6.55192132e-09
26807.7639 -23094.0698 344.264503 1.87692011 3.99420836 -0.126384231 3.4469457e-06
20989.1083 -34220.7968 -384.418424 3.22667005 3.57094565 0.140707364 8.04269575e-09
30456.615 -3301.67177 -420.499009 0.46492396 3.72414436 0.400594343 2.33454089e-12
27143.566 10898.6729 -145.801194 -3.09817588 3.01095512 -0.273955202 0.000477604783
15664.0195 42159.8542 -1325.50821 -3.71576941 -0.0636848751 -0.0461159534 4.22998429e-13
26135.9482 4537.33849 -688.636779 -0.881318234 4.23372784 0.883512619 2.8909949e-11
11359.3443 46592.3818 1467.67453 -3.83153321 1.93298607 -0.51038741 1.24801527e-11
9456.18737 11682.2761 1316.7994 -5.79702225 1.64265244 -0.0679355971 3.12091454e-15
-7134.75672 40146.3911 -379.532052 -4.69612519 -0.358047925 0.691858506 4.11299221e-10
18568.8208 321.632514 396.76546 0.454674676 5.40926262 -0.274243546 6.46974128e-06
-20813.7025 -20531.8425 -644.164994 2.53532751 -3.82217216 1.00141606 1.70386814e-09
-28593.2772 14242.895 -563.014737 -1.74980066 -4.76960154 -0.0595408638 0.000126030693
22954.3007 -457.474173 -6.86451982 0.107951832 5.5998063 1.02877126 2.85792698e-11
3084.86699 -3021.25262 301.076957 9.34933484 6.8687265 -2.75739671 1.05863286e-14
-31983.3698 -9800.6458 362.19584 1.72287725 -4.09133005 0.26914269 7.67475702e-14
-22896.4268 29485.3021 655.742866 -4.14701624 -1.71599607 1.00862825 1.71244285e-09
-19728.3404 23880.0527 -45.4583856 -3.3075128 -1.94756707 0.231121165 2.53423559e-12
29495.327 -30909.0567 237.456063 2.91380261 2.64015645 -0.44548696 2.31247316e-07
48866.6477 1810.89318 -1138.15029 0.884584549 3.97878685 -0.0436069608 1.36439344e-13
-34382.4584 -4738.73107 -930.058667 0.988783667 -4.33681132 -0.969740085 1.81729719e-08
19077.98 -32027.816 -239.271297 1.31979439 4.48570592 -0.494188999 1.22354195e-06
9217.20335 -29579.7956 -1185.53447 4.10216289 1.9264363 0.981964549 6.96524576e-05
22068.312 -40971.6785 -271.230005 3.711307 1.72436576 -0.696364127 9.21178825e-09
-46433.5257 -9818.34063 -762.135208 0.140788829 -3.50456774 -1.15219164 4.67313829e-11
-24829.8555 37887.7196 1235.03137 -2.98941647 -1.91885215 -0.458817363 1.25850539e-13
-28701.9991 24910.0095 242.012321 -3.66262976 -2.46181146 -1.86899005 1.00760501e-14
22789.9925 28885.7348 -958.808136 -3.64515727 1.93812452 0.356724316 0.000197034515
-19096.9018 5412.51567 860.384417 0.157950792 -7.11967288 0.234235851 8.01165522e-13
40845.7065 1633.64492 1228.97069 0.541795183 3.40139115 0.0396394473 9.23098686e-15
-18332.6219 -1634.83969 -435.268073 -1.91399721 -6.21229322 -0.49141401 4.03198107e-15
-37697.8806 -10590.4054 677.836234 0.815210581 -3.38260305 0.00918280621 2.64536927e-06
34922.9415 27744.733 841.435861 -3.21072396 1.73049103 0.122031476 1.14953865e-05
37796.4788 26671.0237 926.211138 -1.27609056 4.05820857 -0.115932152 2.94918447e-11
45612.1398 11836.767 -121.699141 -0.740701527 3.7092543 -0.00268706529 6.1749958e-13
32627.1683 4509.37538 53.7519854 -1.31238039 4.66283363 -0.315728957 5.66927763e-15
-38181.6962 17960.485 1478.56048 -1.39062757 -3.04355407 -0.0102969062 1.64765388e-09
-37432.7903 -20899.8822 610.34393 1.8067645 -4.15020213 0.441403726 6.95652469e-13
13822.9828 -38041.1592 -1320.37791 2.63357343 2.79626402 0.50573036 8.5507171e-11
40660.9938 26548.6491 13.5138393 -2.1256645 2.80896622 0.542834936 2.39726316e-12
-13931.3522 -44771.1264 -207.894864 3.36536526 -0.779331474 -0.886816709 5.99042423e-15
3834.86303 -43184.4146 -107.219616 4.02565644 -2.20322213 0.316987416 1.64498344e-14
-12761.8929 -25265.8865 -404.312089 4.49654944 -2.98526261 -0.603045698 9.83871683e-11
40300.5877 -26148.4736 -239.914028 2.21807796 3.79044618 -0.155439985 1.22932336e-13
8595.4455 -28569.2758 -213.506729 4.50378205 -0.956530944 -0.145999241 1.49652521e-12
-6055.12658 -17458.0889 795.671934 5.86764039 -1.61061855 -0.775180058 0.000149084867
45186.4112 -20821.2125 618.239102 0.826790867 2.8847115 0.0385936779 1.79476319e-15
36967.6671 576.79899 67.0355329 -2.72588084 4.02070261 -0.126434957 5.36992956e-12
17316.1206 12471.2551 270.509303 -0.0250489184 6.55090105 0.0561221782 2.6764961e-13
32096.521 -26334.9691 -1178.71694 3.73007647 2.6269036 -0.0979115827 3.78606785e-05
-36545.7138 -33858.524 -713.072816 1.92606362 -3.3629054 0.445260328 9.3206364e-13
41408.0297 6515.52384 1204.47605 1.02654601 4.53849652 0.730980147 4.46729365e-10
19653.2611 21835.532 459.215875 -2.98565301 5.07090368 -0.279390351 8.93629877e-06
-657.90152 -45197.1175 -1281.58233 3.17511217 1.49356146 0.217529407 6.47625623e-09
-26015.9476 38468.2822 754.288737 -2.4578636 -3.01265901 -0.184129018 5.89634252e-10
-36573.2919 -33588.2754 -362.546168 3.1044523 -2.81016449 -0.236389015 5.79327365e-14
25807.9948 -6713.50463 1342.12542 3.06854112 5.36086466 -1.09982663 1.70803713e-09
30587.5593 -11782.1293 -966.432641 2.40011597 4.26979786 0.596810584 3.05273853e-15
-504.427518 42148.1531 -262.551672 -4.62103048 0.811907161 -0.919231138 1.69949241e-10
493.470657 39369.9987 794.757713 -4.62214634 0.106835414 0.177521596 3.74439088e-07
36889.1572 24367.0826 -280.682221 -1.45174125 3.27009976 0.53090178 1.41563432e-13
-17038.8861 -2175.03739 -237.581517 -0.910331004 -6.92227703 0.0518731593 1.07298216e-12
29462.6242 -24325.5104 24.3668746 2.95243208 3.14289112 -0.613785449 3.82653168e-14
-15855.3488 -25157.7401 -180.982959 3.79676983 -2.00016595 0.485836857 3.85290055e-13
6386.64427 -37510.6849 1400.57932 3.62817539 -0.357559526 0.593970105 7.30453641e-14
27786.3368 -16507.4507 477.536205 3.21819272 4.05589622 0.524516157 2.74413416e-06
26509.5604 -17014.1775 1072.83788 4.44984153 1.71344496 0.364196148 3.21916381e-13
-7668.80492 -29516.1125 -1332.08845 4.93632995 -0.885649581 -0.0705564899 6.47943037e-13
31173.9454 -19227.5807 -1114.72334 1.40495126 4.15284997 -0.603241389 1.28679481e-09
27113.5837 -12118.073 768.259018 2.26702681 3.88079787 0.956168356 1.01344617e-05
-36846.1063 -28747.8794 608.063625 1.52137252 -3.97047847 0.209389469 3.22283926e-13
26268.9311 -36419.7294 -805.821021 1.74648177 3.4109334 -0.786384698 2.59111831e-14
37434.7337 -22464.4547 -1227.24688 -0.273942774 3.89341761 0.762564297 7.38104646e-13
-19365.4887 7815.98945 -1300.34329 -2.43380457 -6.26972844 0.218689233 1.06205021e-11
-41978.5726 -27000.5148 1050.7433 2.06316216 -2.6986626 0.506744495 5.41290853e-15
33769.7062 33005.0526 92.9013877 -2.8467465 1.50566972 -1.39540074 2.41499122e-11
-21628.9286 -282.3397 -957.775465 1.94242344 -6.56077472 0.409613504 3.54560154e-14
42240.7718 -11180.7458 -621.177283 3.05162251 2.67703745 -0.475804694 1.21060306e-08
-17477.5841 5957.28203 -1344.5203 -1.10524442 -6.13545262 -0.656713544 1.33961804e-12
17225.6234 17894.0385 564.049396 -4.57641158 3.30015129 0.610677722 1.54871565e-14
-23181.6527 -4840.42682 -1031.5703 0.878422831 -6.29754258 -0.722370561 8.78167332e-10
-6765.6796 -17905.2564 -9.71363953 4.88134206 -1.1103752 -0.94403358 5.45112221e-09
-2940.26634 603.716023 1139.01872 -2.99806488 -17.2546906 -1.76884511 4.97071038e-12
-21336.5235 21318.6937 -708.138778 -4.01780589 -2.24244723 0.39099389 2.46506195e-09
-1367.94381 8801.24748 301.346171 -8.96139387 -2.23771574 -0.0504301306 6.98113935e-11
-37667.3991 31759.6644 510.934385 -3.38216386 -1.84512547 0.302413295 4.99685338e-15
13131.2635 22112.0324 -1312.16971 -3.38629308 3.11422507 0.483960166 3.28631292e-07
-22088.8079 36756.1623 -624.221634 -3.91474673 -1.60665384 0.515499066 1.59730229e-11
-25318.5539 -27876.0399 479.489317 3.93849701 -1.07461645 0.668267709 2.17309839e-09
-16676.9571 35338.7817 -1214.33424 -3.72693011 -1.20565638 -0.0612129025 3.03638321e-14
2727.27608 -19639.2777 -1428.90062 4.77002966 2.18699071 -0.413758317 2.99128987e-10
43719.5186 -16281.3407 1038.35431 2.01828788 3.68782817 -0.101350332 3.94999529e-11
24741.7651 -37852.2148 814.207089 4.29225241 1.16756276 -0.695676825 3.8093165e-06
-30070.2855 -21241.3997 279.126632 0.206376098 -4.67863746 1.57421808 4.65928695e-11
-14170.2517 -7014.16724 27.7848086 1.42955468 -7.33310403 -0.56338037 3.7244789e-14
37798.6544 27479.9485 644.837553 -3.26377108 1.99490874 0.123825015 1.37676947e-09
22370.8491 -22945.7525 629.836269 4.08474164 3.54115665 1.14743047 3.91748016e-14
-6409.26335 -36473.014 -28.5856491 4.60238678 -0.147663212 0.516663257 0.000316481122
-25251.4539 -26448.8235 -60.5449757 2.76791396 -2.48483419 -1.00461636 1.2432641e-07
11632.9934 -44076.1467 -691.260428 4.21380483 1.61860583 -0.597556316 1.8105597e-15
-9048.79846 47563.7352 1020.27292 -4.20889502 0.198712342 -0.214739998 5.7444075e-15
-21412.4654 -32930.5965 1346.99313 1.73356063 -3.48903971 0.212332444 6.79347578e-11
-10713.888 -47056.1713 1043.35768 3.19651708 0.131742064 -0.883919625 9.44654694e-14
25530.9872 -31800.4901 -824.000378 3.17366633 2.82654173 -0.448710705 1.82020603e-09
-31533.0947 12127.5476 -1342.80739 -2.51307091 -4.4133712 2.26004366 2.2050711e-13
17734.2791 -39886.3777 1321.86177 2.54084074 2.18033231 -0.806424926 1.15682704e-06
12134.849 -44491.374 303.8681 4.40709513 0.167331978 -0.0839415528 1.89061683e-10
18543.4582 890.978271 -1321.60251 -0.683743129 5.79461141 0.354446632 1.82181032e-15
-18786.1422 17175.3791 494.003218 -4.25493073 -3.30542266 -0.832585837 1.97422216e-15
-30671.5072 -13671.1709 381.174642 1.77008879 -3.64814139 1.37430736 2.96893017e-12
-24739.0071 13906.2708 -239.002519 -1.47215289 -5.06786561 -2.12235205 5.09674456e-13
25894.355 -39215.6666 678.306672 3.18185089 2.06490904 0.183364863 1.66931571e-15
-23301.5877 -8920.05734 558.167084 2.8800295 -4.67838428 -0.599547058 5.46675139e-14
19999.2131 1222.8907 -1114.44889 -0.0243727606 6.1464713 -0.2156954 2.29159675e-15
1459.74099 18350.7531 -440.909109 -6.38853846 2.93923703 -1.36186894 1.88513821e-10
-21177.1877 6348.90891 -175.901928 0.891066875 -5.81499676 -0.797837699 2.24274326e-10
-16338.7206 21853.5865 520.537536 -4.78880776 -3.24893274 -0.229167758 6.39781442e-14
11678.6545 31717.095 -417.172967 -3.61197205 2.07573141 0.165727917 8.47648101e-12
-10884.2259 -28655.7726 -1273.83994 4.80344218 -3.12167791 0.315825494 1.57529761e-13
-40383.1973 -24930.2541 195.239149 2.50834457 -3.17057741 -0.312237275 4.36620298e-15
40165.9654 -2091.58924 626.952451 -0.298460865 4.44996497 -0.566507942 8.74366469e-05
40658.8465 -28876.3022 -1424.44739 2.47083956 3.6178007 -0.348619124 1.86843201e-11
-10541.6338 -30817.2974 448.1438 5.31392133 -0.709051543 -0.220060894 1.00504563e-13
-4856.62057 -2164.52808 330.264889 -0.213714631 -12.6279359 1.48227505 2.44647031e-13
-22305.9913 21265.8715 -958.57933 -1.46895906 -3.91699059 -1.05465882 2.49907994e-11
-3945.67011 44207.5938 -19.9860077 -4.42452451 0.982306602 0.0806333744 2.86127989e-15
10824.5216 13884.8408 997.545537 -3.87445331 5.56070452 0.403472462 6.67515504e-15
-36880.423 -15241.0896 -31.4250732 3.29571814 -2.87405963 0.515622379 1.05609777e-06
515.072875 -25416.1889 642.554495 5.53648493 0.582717815 0.425097135 2.69906956e-12
-10869.314 -47005.9042 -616.593285 4.04321241 0.589991893 0.778211526 9.06415983e-13
7110.63023 9180.22031 -1402.10214 -4.43084269 5.87288706 0.900486111 2.31392165e-13
-7350.71967 38181.8424 1090.29977 -3.66351896 -1.27719026 0.0229994623 4.68838319e-10
-25203.5242 -38385.825 1310.67258 3.01302003 -2.7859528 1.01705606 1.84795559e-14
-15257.048 47377.0504 -871.47166 -3.65383422 -0.803462512 0.598561797 6.60869798e-10
-12161.8736 -12822.6483 -54.4781151 3.58561966 -3.7073857 0.577574912 0.000571068172
-23273.2969 32141.1866 964.30942 -4.20669176 -2.18320209 -0.147854056 1.61453431e-09
32380.2315 -13582.6615 241.011951 3.58689675 3.66571566 -0.30543158 3.46020681e-14
-41740.8597 1133.6713 123.140553 1.98588193 -4.76131451 -1.03065776 1.55675938e-11
17820.0469 -30655.8803 -1212.53276 3.89602397 3.61847151 0.170141728 7.96243983e-15
35560.5221 26944.7938 456.537154 -3.16729193 3.06260141 0.751431376 2.23088444e-14
11952.4473 43057.9299 852.1126 -4.04031926 0.0371127272 0.144957808 4.96714366e-15
7181.12129 -40149.0889 -557.093909 4.2679465 0.181900844 0.257713912 5.57008084e-10
951.572126 1474.32435 -307.182706 -20.9886892 3.27757139 -7.04875582 1.19915615e-11
-26048.4715 -23503.2352 675.921476 3.56674506 -3.51657876 0.11424255 8.71917076e-09
1042.13514 35612.1869 1008.01687 -4.03037868 0.687380737 -0.221044126 1.49589781e-13
42163.6254 22454.726 -841.099847 -1.92760195 2.85293632 -0.297635128 3.29864428e-07
-42926.2879 18917.3677 223.488668 0.00678894406 -3.60788874 -0.89198066 4.25659565e-09
-17180.0411 14308.7744 1031.65337 -6.44222897 -2.29461418 1.13327297 3.15052426e-14
18810.9958 23574.343 1483.60435 -1.83509719 4.61316467 -0.87315564 5.49397168e-12
6015.99247 -11112.378 -48.9282193 6.81382297 2.65608514 0.397824418 3.91652372e-12
1215.59569 45305.0927 -413.580998 -3.99341554 1.22501774 0.163137812 3.81920421e-10
24240.4841 -13599.4134 -1339.4934 3.16650917 4.55401947 -0.135181082 1.09917418e-10
6325.4619 36926.5743 334.217491 -3.75349992 0.976296312 -0.231455904 7.54857742e-12
-8133.18045 3290.97788 -660.661634 -4.57443329 -8.50870518 0.872580894 6.39487247e-15
-26265.5833 -18631.9603 313.935377 3.17119615 -4.38527712 -0.234685969 9.54442147e-11
-29599.48 -897.545245 -1220.80964 0.036022585 -5.26151448 -0.589643501 4.16746377e-11
-8466.18959 9725.73659 -1059.17862 -4.93581482 -4.84598512 0.407083649 5.859225e-13
18898.169 22254.1094 -506.348149 -2.40540304 5.81655518 -0.029745247 5.24014747e-15
-21420.2903 17103.0157 634.202937 -2.22447281 -4.90511817 0.690462799 2.60695528e-11
1577.01149 -40031.798 -1134.25791 4.64203591 1.16998292 -0.56226318 5.08086396e-08
14294.8733 -11953.1712 962.380132 3.15274488 6.63522775 -1.35076621 1.22441978e-13
-47215.8249 -6179.6747 1072.37457 -2.54299599 -4.10229591 0.078408643 8.83459954e-13
31032.7071 -2608.80708 601.476235 2.12715587 4.97517589 0.891691063 3.87347616e-12
-412.142249 2982.64467 -1087.04383 -12.0147899 -14.5858931 -0.366042915 5.89703238e-14
-1017.0518 -20520.2044 -251.197855 6.19507702 -1.66070024 -0.0273084663 4.07068873e-12
-36576.853 16938.4611 1119.04093 -2.08672178 -2.87203961 -0.478459828 2.67599674e-11
26866.4126 35290.746 1060.46027 -3.43308239 3.00067357 0.67264555 2.81584798e-05
15124.6114 17902.8405 -32.941861 -3.28203353 5.6159135 0.650982788 5.11067264e-11
-15680.1254 -29552.214 589.293745 4.50952763 -1.70065434 0.371687604 5.29583811e-14
-1400.63888 16819.1333 1179.06596 -6.93496241 0.188789739 -0.512920988 4.63612043e-09
-599.091355 37963.9968 -454.319463 -4.73768058 -1.48611053 0.730417239 3.93121246e-12
-3605.24233 -36827.6235 878.881641 4.21223935 1.13123606 -0.604496994 3.97528695e-09
-17056.2198 35575.1143 -2.16759181 -3.68851926 0.00210865662 -0.197914953 1.31691659e-14
42096.5809 15044.0226 1135.28471 -4.05373202 2.20049963 1.21474341 2.50192301e-15
-38290.1847 -5947.38586 1376.43386 1.12337676 -4.48902721 -0.263885998 7.78260937e-13
1437.14478 42767.687 -635.957092 -4.24825904 1.19840489 0.490232054 1.16778865e-14
16449.9168 -28618.5895 -1360.79626 3.88382578 2.95970628 -1.42108075 1.34660283e-12
42732.2088 5819.07286 781.732387 0.612063998 4.08142494 1.15797227 4.37764272e-11
520.04534 47224.4255 249.456015 -3.13086562 0.28867898 0.347149849 2.52147429e-13
37432.5291 -17350.9044 -443.009164 2.49876494 4.15580562 -0.668977962 7.57262711e-15
11518.9919 -21602.2459 1267.38211 5.96270785 1.70449822 1.27951177 8.66878824e-07
-2908.2654 -43180.7677 -77.8492188 3.42185729 -2.13076888 0.500254146 2.94338556e-06
21198.7962 -44867.3348 -168.867124 4.21636351 1.20905291 -0.0603371977 1.16857421e-11
-35108.8555 12971.2152 595.117294 -1.22522724 -3.81200158 -0.0166853087 6.85915884e-13
-46676.6922 -14150.5201 1113.34172 -0.0855402708 -3.32099631 0.758773085 2.48932686e-14
3901.25519 10487.9694 -67.1307048 -5.2655241 7.19204667 1.90805221 2.9291828e-10
-30518.4245 -33881.2785 -1235.89104 3.20119485 -2.65442855 0.0235441248 9.64914138e-09
41634.3337 8662.98726 1428.70644 -0.427810325 3.61097881 1.63607395 3.76619853e-09
-44922.3909 -3001.0004 -540.570439 1.07001417 -3.64040439 -0.339776976 1.27023087e-15
4188.1908 5297.97752 603.313253 -7.13199866 4.29276221 0.444749898 2.15473377e-14
-14209.8137 -18549.4878 399.647402 3.77554128 -4.91483844 1.89397507 3.28349319e-05
32284.714 35504.9041 -333.795909 -2.99417553 1.35617209 -0.64833714 3.9848085e-09
1331.11979 36625.4071 1004.75219 -3.86230366 0.602385925 0.386734787 1.10751846e-06
-42477.67 -6669.94985 473.023111 -0.658772165 -3.62558818 0.0999631852 1.03999816e-11
-8538.58956 -6294.96354 -1430.51971 1.53707869 -10.3013593 1.4308823 1.59400041e-15
-19692.2462 30121.9246 1407.02139 -3.30092513 -2.24236404 1.02962164 2.43238665e-14
-23091.7462 21237.9125 1017.17088 -4.1554711 -1.29618851 -0.511758183 2.72256188e-13
36239.8615 34328.1252 -648.504085 -0.763703596 3.67528551 0.351237178 0.000487157827
21805.2772 12618.3074 100.916031 -2.52225172 3.67499367 0.605586371 1.94143867e-15
8152.35453 31778.3093 528.063953 -3.71777284 2.49702644 -0.193981101 6.17690093e-10
-13198.0521 535.092786 324.736602 0.401496689 -8.08753658 -0.989296111 1.12739583e-12
35160.3013 -32774.1443 -334.608199 3.00547168 2.0400501 -0.730558009 1.04731937e-14
-7234.13211 -26929.7599 230.002415 4.24082586 -1.61810379 -0.372637101 4.04033811e-11
39045.624 -4754.85538 -430.659782 -0.2242873 4.14086206 0.063351917 4.68992652e-15
-41633.3797 7178.74564 -700.580101 -1.71587739 -4.01498433 0.0407654191 4.46453633e-11
-39020.5264 -29043.9888 -132.300364 0.979180398 -3.15784836 0.443767988 3.96179747e-12
15511.6403 23905.9693 -500.901504 -4.0286374 1.98556656 0.499309839 4.43183848e-15
36659.9019 -25418.2865 691.172931 1.32805967 3.14470863 -0.457308143 1.23813329e-10
-8264.69493 -39775.5129 1097.7924 4.4753527 -1.84004715 0.548932797 1.6746838e-09
19780.6909 -21169.7685 -1001.44614 5.49128044 1.23879829 -0.61469566 9.214251e-14
-2150.77086 -38061.0204 -276.138711 3.4810254 0.0365601482 -1.04639421 7.30078321e-10
24645.6871 2837.44175 392.2951 -0.929339118 5.19225617 0.22628182 6.04107804e-12
-12501.5765 -10106.859 -540.858326 1.78043589 -7.25286314 -1.93644502 3.77647917e-09
-31774.9752 -33825.3345 1425.14346 3.00361116 -3.35908271 0.0443321915 4.4658579e-05
-43724.1432 20505.6279 -1429.76869 -0.0962852369 -3.31205134 -0.95354336 3.14725682e-10
-25764.2882 20636.0446 -1032.89701 -2.96664178 -3.14305395 0.879300121 1.12407157e-12
-39407.8357 22345.5402 -1100.59413 -4.15629824 -2.79143426 0.589662236 1.07452581e-12
16430.5388 -533.221067 597.499047 1.90396805 7.59129014 0.454587179 2.88539845e-12
47982.052 -147.062159 -260.356732 -0.417301034 4.43290394 0.267098863 0.000150907787
-14796.8877 -34309.4263 -436.34075 3.30446249 -2.02259517 1.0638945 3.33704111e-10
-15301.8531 36193.319 955.207327 -3.78705304 -3.20094769 0.601707785 1.03530323e-15
-16267.8925 -885.102497 529.113627 -1.33637842 -5.45534785 1.72460178 9.89419055e-13
222.169288 34873.5813 908.228467 -4.59490282 0.872408154 -0.0675516298 1.02688233e-14
-17810.826 -12363.3114 -41.8677383 1.45003149 -5.59021949 -0.0404261788 7.28014947e-09
-6041.72216 12548.9855 1078.70366 -6.17529109 -1.56925143 -1.19590543 3.37285958e-10
43081.8686 -21078.6659 -99.4330759 2.0058188 3.79536752 0.918734647 1.85172519e-12
2915.94946 -36286.7058 1116.99803 4.88059961 -0.543676589 0.851950528 2.14479011e-07
-2415.43411 11729.7756 -431.920088 -7.96137613 -3.23316655 -0.0526164185 3.48559823e-15
-37295.4759 21703.1252 799.980925 -1.44023436 -3.60945696 0.588039671 1.17916558e-12
18061.4698 -2684.76811 -560.385706 1.12157028 6.16802536 -0.121346186 2.83529929e-13
26117.7597 -29752.3353 -443.710824 3.83762169 2.77045071 -0.397221304 1.87199528e-13
-21863.4086 -40132.9345 -1443.20837 3.7904205 -1.76731652 0.298227269 9.89847532e-14
-37489.2402 13578.6612 157.306941 -1.30942197 -3.34966632 -0.92113665 9.35041906e-08
7521.31092 35952.8705 -686.917577 -4.70186394 1.56823689 -0.19336873 4.04586446e-15
7255.18607 -28149.6208 824.589045 5.20593103 -0.829721508 -0.264209902 3.44707353e-11
-1011.17282 40023.817 -447.636752 -4.66967584 0.716600151 0.808041696 1.38932856e-15
14596.433 4174.99372 613.273292 -2.81866933 6.57475838 -0.315232814 7.0637069e-13
1632.33465 39741.7816 -919.239844 -3.34545245 1.17471484 0.733549809 5.74392237e-07
-8368.29848 37671.798 1085.89312 -4.49387781 1.79482828 0.335958262 1.32584178e-15
11091.9898 29037.2516 18.0469457 -4.62735002 1.10768714 1.01331448 1.89504884e-14
-23042.908 5835.5844 -732.520637 -2.55871862 -3.89495263 -0.93773851 4.01409742e-11
2480.66098 27983.9848 290.619459 -3.91273382 1.14511816 -0.655756274 3.73936294e-14
18916.1901 -18383.785 1468.7086 2.66467983 4.27163209 -0.040913558 2.62236966e-15
17681.4862 46670.5843 -7.21468751 -2.92305059 1.95287668 0.335918431 2.74127529e-14
1215.52369 12861.6559 925.587766 -5.88279574 4.26942834 0.842553664 7.64431191e-13
5914.49815 33604.3773 -1460.12715 -4.03232659 0.746279954 0.785588489 9.84599632e-09
-3434.37753 -14989.8292 -1052.85833 6.27732567 -1.75041301 1.44039999 2.88556081e-14
-31038.1897 3007.58336 -434.956517 -0.637774508 -5.03581552 1.09451334 2.4890563e-14
-19369.5064 23166.8405 1038.55522 -3.80092207 -3.25128486 -0.311522342 2.04762273e-14
29331.4049 2064.64357 1221.81257 0.7038851 4.00438134 0.462388402 6.59327932e-14
-6078.79205 -27587.7486 923.526114 4.86846584 -1.09433455 0.378370542 1.41729661e-15
15977.3787 -7315.34479 -122.044772 3.3967713 4.38659158 1.35353265 1.51870807e-12
-19643.5464 30910.8082 -89.1344663 -3.124196 -2.33929282 -0.81062378 5.63903488e-10
15618.2329 44077.2371 -493.648675 -3.16454959 1.24689101 0.71722378 1.97105568e-09
-25281.8706 -14003.4834 873.363241 3.53285649 -4.28323643 -0.508687672 2.94332945e-09
4083.8404 -33001.1747 -265.781787 5.26849394 0.47073646 -0.912269986 3.71287281e-09
38970.44 6342.80443 -55.7415552 -0.967054356 3.47792801 0.715659774 9.92916796e-15
-15646.0549 -41043.8088 1369.64424 4.06861171 -0.675292082 1.27772721 2.58495068e-15
-41805.2303 -18497.3019 -524.646163 1.46379885 -3.58394455 0.0646932481 1.2699679e-14
-39019.943 -22716.1075 1383.84319 -0.104083485 -4.48639091 0.124732771 4.17638636e-13
7340.21628 -39832.2124 -924.398016 3.95380483 2.86059777 0.546733592 6.95405335e-08
-7422.21011 -6883.7099 -862.056535 7.19724443 -5.22360712 -0.549070633 9.57105e-12
32796.3238 30155.7002 -713.294784 -3.41025397 2.23327887 -0.976014063 5.19797444e-10
48670.5782 4795.34915 -1182.99219 -2.39532519 3.13814917 -0.2133576 1.74253745e-12
-40487.8567 17021.8074 -625.213773 -1.23633512 -4.14291337 0.617626288 6.31613042e-10
37892.522 -25007.3345 -902.9899 1.23989493 3.11558958 -0.624523314 7.4563881e-12
25209.385 -31460.5144 -880.828266 2.69937116 2.58366074 1.00517373 8.85919109e-12
6276.62367 13834.1747 -219.682443 -5.49860554 4.27285963 1.59362647 2.79574908e-09
1335.4628 6671.514 -22.4897472 -9.34599936 0.73631728 -1.21252188 5.31978192e-12
1026.92077 -6901.67937 242.668166 10.3250352 0.21386072 -1.81131785 3.57713002e-12
17080.9524 -33819.638 -601.052438 3.27172801 3.36428219 0.803034304 1.57967159e-15
-28320.1928 34888.4756 1019.47927 -3.23619628 -2.0387996 0.243142895 9.48668148e-10
-13628.1036 32724.8578 -492.90433 -3.74421296 -1.00397577 0.154893471 4.50563038e-11
-16827.1835 19601.5959 220.620903 -3.44601961 -2.53676047 0.768490895 4.74148463e-12
-6322.09147 14727.6012 32.3747024 -6.36974943 1.14985542 0.0489684251 7.65392595e-05
-38541.4054 -15415.7714 -216.308541 2.47249281 -3.72189645 0.346480459 2.99552348e-09
-10501.2365 36693.5937 -1041.88107 -4.70369923 -0.701569992 -0.0971187768 2.71920887e-15
-25855.5853 -2364.7179 -1209.85358 0.957703198 -5.18687584 -0.828671503 2.04729809e-13
-37599.556 16533.1572 566.668448 -0.42096667 -4.01809435 -0.028844258 1.05913643e-11
9460.41093 -750.12236 245.667604 -2.38624305 9.92763943 -0.48308991 2.62236481e-12
-1313.68358 14382.034 -157.011663 -6.8626472 1.72250583 -0.0123631881 9.40323398e-08
-37098.755 -13903.585 -1346.35656 2.00272638 -2.98402809 -1.12741741 1.1310668e-15
7139.74216 4380.59139 -270.274913 -6.11129799 5.65936705 -0.67276478 3.74143581e-15
-22970.0385 -16155.112 932.158577 2.77353885 -2.97321368 0.292797007 2.9332437e-14
-21745.7955 28195.4837 91.43158 -3.6769877 -1.36000095 0.0823882936 2.11464745e-15
29395.6352 28410.2257 -238.45325 -4.02703868 2.13419988 0.283203385 2.04245044e-15
-39570.5329 -30419.5145 956.902026 3.20832096 -1.63175798 -0.116040458 9.22725754e-12
-41626.5112 15752.3222 -382.35438 -2.53669876 -2.56172894 0.971169085 5.99979798e-06
-42054.2567 7029.53376 -861.087501 -0.899043102 -3.6687261 -0.993870414 1.74504964e-09
19744.0632 45286.2917 -556.501793 -2.93305585 2.29254242 -0.623882115 6.34250672e-10
24169.4749 -30213.9462 76.1716131 4.99901827 1.6914169 0.184152285 3.81190187e-06
-31984.5648 -22929.7344 -239.196329 4.45333109 -1.9543497 -0.669756529 6.41294543e-14
-30719.4544 -38715.9524 1076.46848 2.69936483 -1.88179434 -0.200550726 1.60778883e-10
-27723.0067 -19854.2067 -1206.70106 1.70666615 -4.78462269 0.193309749 3.14218639e-09
3546.22099 -34563.7338 224.040842 4.85302647 2.26978954 0.341023341 2.53846119e-11
-7217.24724 42734.0559 225.932752 -3.41626917 -0.726793988 -1.12489489 7.95207329e-09
-17869.8265 -34944.7375 -588.651711 3.22600142 -2.4576068 -0.627263586 1.36408346e-15
-11174.1164 -42808.6595 -1290.14353 3.89832286 0.915033031 -0.490051935 3.23734165e-12
28483.9162 4367.91099 1232.78886 1.3848066 5.62258081 0.293306976 4.87968304e-07
-27627.1142 -14566.5014 -1014.05378 -0.187636344 -4.72871002 0.632698608 3.05761883e-14
-30608.6801 -25343.1829 -932.556842 2.81963264 -2.76667775 -0.834609829 3.98240918e-05
-8055.97017 -48059.6403 867.566828 4.36071187 0.397418738 0.277158982 3.23208156e-09
11885.8184 38413.7268 1416.93201 -3.31441876 1.05578432 0.661453584 2.51652875e-07
-33520.1442 -26482.7776 979.131185 4.74333227 -1.60426522 -0.207516536 1.21513361e-11
16573.4188 -38911.8439 -167.569009 3.86033452 1.53057165 -0.642752046 9.94447893e-14
34397.7124 -27807.537 1408.22422 1.8160491 4.33417483 0.849017754 1.04413478e-12
26658.6882 -10014.8842 1125.56763 4.90665778 4.13277591 0.324836027 1.47816923e-14
-43508.723 -15263.7927 590.21121 0.0157352413 -4.66624239 -0.325765737 8.33870795e-07
22467.5179 -41802.4385 -768.374699 3.9706677 1.63644189 0.243678884 1.26041582e-12
-33754.1215 -29628.1102 158.999215 2.30227316 -2.93533516 -0.0052279928 0.000547484352
-34814.4393 7040.80306 1105.82 0.367875263 -4.386681 0.231485342 1.50921418e-12
1803.18197 -45961.5075 337.192164 3.29922075 -0.488595979 0.368768917 4.34324931e-15
-41400.7021 -10154.7387 -814.454915 0.414344868 -4.66179001 0.0399009197 2.76662691e-14
-38055.9744 20800.8668 -979.607369 -1.69082541 -3.60214561 -0.183700578 3.52642819e-14
-8410.4902 41162.7487 1234.14899 -4.31344908 -0.962493784 -0.151921241 4.56336552e-11
6606.04401 -15247.5275 645.151527 4.76200489 2.39335833 1.45295294 4.27581585e-13
6079.79436 17226.9808 -1415.75712 -5.01484517 2.45194349 -1.61626381 5.43632362e-10
35887.3586 -17579.3535 -1000.5311 2.10433839 4.34982636 0.311013387 3.21556597e-12
38786.6683 30892.7606 -1468.97046 -0.993606153 3.99813453 -0.230389577 1.80873071e-15
45628.4011 -15839.0541 -928.058099 1.72598107 4.0992386 -0.741649995 3.03598979e-08
30994.0124 4994.46294 -723.275886 -1.41636214 3.94620697 -0.250436384 1.44879439e-07
25309.6871 7973.24759 166.108529 -1.89601322 4.30467874 -0.319556219 3.12424367e-08
32592.3677 -11586.4607 477.040587 0.108988594 4.84314554 0.404811065 1.57723698e-13
-37766.1061 -7358.93093 1072.75005 -0.906952462 -5.23887561 -0.705912941 1.04596753e-11
-10596.7663 13991.4927 -111.682828 -5.03020684 -3.53851692 0.282601129 2.09935669e-10
11051.4468 -16339.2995 -908.38064 5.30103478 1.85527865 -0.604767158 1.43454856e-15
-5285.46766 10121.8874 -1235.98466 -7.64796185 -3.88909126 -0.180336544 1.0127503e-13
4619.92552 -26607.6781 -1105.54367 5.26014213 1.24973374 1.05354486 3.63330841e-15
-10773.6665 -40438.9596 1277.06158 3.72037957 -0.589259627 0.205693802 1.04470949e-12
-4436.62139 19186.983 1014.92037 -5.4773069 -3.84353154 0.167798544 3.69045276e-06
-13207.563 36180.0478 766.86058 -4.17984942 0.324863103 -0.168172852 1.31393887e-14
44496.3835 5126.69754 -541.49772 1.00484347 3.59801814 1.35647571 6.19502119e-07
31004.1995 26074.1874 697.841217 -3.53654229 2.89896616 0.382954416 2.48776897e-14
-21743.0823 -11683.8553 270.755938 5.77500822 -3.78900603 0.948298427 2.35891666e-07
-34444.0123 -17137.9115 -155.302913 1.19456618 -4.13381612 -0.146555088 6.20076496e-08
-12872.8136 23820.0542 -322.989212 -5.3746692 -1.75388745 -0.447768992 1.22768581e-13
38206.657 -6804.23791 -417.310579 1.15290394 3.5461829 -0.308431411 6.10005187e-10
40878.4078 -24519.8002 404.088767 3.0844541 3.25199172 1.07255597 0.0006970634
-13726.4551 31485.7387 -838.384089 -4.12647979 -0.501835434 -0.796596188 1.22966661e-11
2742.07157 -4295.4182 679.743889 13.0161036 5.18270309 0.566744167 1.30654449e-10
5537.7878 -9304.36684 -811.327293 8.20104737 3.95926752 -0.702248657 5.62544367e-09
23878.381 -5014.86941 603.716907 1.68682257 4.00118713 -1.15235271 6.36403552e-10
28587.9428 -13426.5792 -361.358059 1.34184363 5.20245344 0.310078232 6.13618328e-15
-38786.1996 -22075.4565 281.739479 1.1536389 -3.82163999 0.593147409 1.06306385e-11
-30286.9495 -6631.63387 842.719299 -1.36078353 -4.656546 0.403592062 2.77517285e-14
48814.4755 -4657.51259 -700.50338 0.965219918 3.87523699 -0.165178263 6.48776956e-08
-28464.5842 14166.099 -834.072831 -2.03720093 -4.8380233 -0.853016849 2.87655967e-10
-24516.6262 2251.65299 -1238.05708 0.0382792225 -4.78881759 -0.367357686 5.0743395e-11
-34536.5544 1573.39236 407.598964 -0.17217675 -3.54131482 0.218765747 1.68356699e-12
-9343.93902 -15673.3113 908.312048 6.64429461 -2.57027156 -1.4987304 1.13839374e-13
-28563.3531 2496.70368 -978.545537 0.545773806 -4.13872953 -0.533454631 1.22493849e-08
-41540.924 6434.07354 -871.388324 -1.76303807 -3.06805709 0.0740571059 6.54730983e-14
35538.2135 26513.837 1265.57869 -2.13071048 2.67420619 -0.0207440113 1.67794151e-11
14723.1624 642.397949 -1343.84348 3.08862053 6.97198882 1.43790735 4.12147038e-12
4750.39471 49185.2186 -392.533935 -4.12382753 0.770100855 0.0960798968 5.96676109e-10
-21509.7305 27607.0207 764.692571 -2.30957887 -4.26524601 -0.160630294 0.000123958854
-13128.7459 47402.889 -663.658044 -4.41739339 -0.162290594 -0.901848464 4.75026627e-11
-48619.947 -5478.37612 165.145899 -1.93641965 -3.35921483 0.409743658 1.99946396e-05
12163.5912 -33483.6878 -454.832613 3.02052789 3.99226544 -0.336783032 8.79135606e-06
28617.322 -11471.9467 -378.993054 3.30706183 4.21270827 -1.03899459 1.10893626e-15
25683.4505 -25394.5768 -462.431553 2.28331531 3.01809239 0.0934636138 7.07945415e-12
-18153.9239 6395.05475 -866.749713 2.47944082 -6.74180313 -1.13163493 4.76130364e-10
7430.06476 39892.4648 -156.802767 -4.55876881 1.40311017 1.68767276 4.4574629e-06
41232.9546 -27083.2756 -930.23814 3.36877228 2.84021658 0.604846579 9.05725492e-11
-18446.973 15356.879 1328.13945 -4.61708384 -2.09124178 0.342992191 2.25042787e-11
21445.7582 23254.5595 1353.30821 -4.13605352 2.42925356 0.654081807 3.6688699e-11
-954.123556 -5875.19763 650.749419 9.35546685 -1.72170181 0.936872959 1.48947306e-13
-31325.9064 -33516.8436 149.13013 0.633589873 -4.00206161 -0.0577786381 1.69012951e-06
24469.0604 -6583.8423 748.844841 -0.615786593 5.06660665 0.796340968 1.19450271e-14
20204.4647 6719.82259 376.941921 -1.91771592 5.46045028 -0.978134934 1.06653827e-10
5961.34596 -34318.7061 -56.5010627 4.31596812 0.233772113 0.0596920926 2.14313221e-10
32284.4662 5854.31768 1160.15234 1.7776994 5.49495074 -0.503266598 1.07318444e-11
23215.8251 35256.386 -1065.63652 -4.95762589 0.287345104 -0.310831618 8.19876879e-12
3293.51126 15325.2129 937.053598 -6.90308022 -2.7949377 -0.810754748 7.10983474e-09
-8774.2894 -1030.58383 -328.198104 4.71917447 -6.75675418 -4.29840869 4.0231156e-06
29153.2142 8458.91904 -20.940349 -0.279836188 5.69538283 -0.166842502 4.54803104e-12
19182.0135 -4919.7757 -685.447664 0.597645596 5.06789566 -1.1519852 3.70284764e-09
-29694.3434 2762.66111 -124.933346 0.194921724 -4.14274193 0.120638896 7.6077823e-05
12538.169 32683.1727 1456.86991 -3.6264397 2.21754096 -0.453936153 9.52905164e-07
-18846.0544 17782.3813 44.2041855 -2.72531761 -3.7270982 0.197904739 8.88254463e-10
-17218.464 -15978.0273 -618.847456 3.59660704 -5.02211326 -0.989614964 5.90487751e-10
-41245.8591 -26285.4216 -727.605643 1.84112189 -3.39815031 -0.731857452 1.76238387e-11
-37628.8563 -25827.3125 625.859013 4.14868964 -1.82000724 -0.46101555 9.20815222e-13
-31732.2574 14718.1304 720.513591 -3.61059941 -3.80594886 1.10527575 1.77952181e-14
-3827.80574 34329.9938 -902.730264 -4.31400116 -1.29572687 -0.770293664 1.02784287e-13
-28549.6216 3072.27433 700.527463 0.295793962 -5.43615288 -1.11748133 1.00688783e-11
27167.612 9423.31529 -573.823355 -3.24519784 4.27234979 0.153813716 2.59989437e-12
-3534.23873 21587.7925 1334.99274 -4.51032125 -2.60552189 0.0435799432 3.63741576e-09
-5462.34572 2787.77391 -729.487257 -6.10812159 -8.42139595 0.159414854 5.42356189e-07
-35475.5409 6144.12792 -303.990058 0.0166559498 -4.71568833 0.249607661 8.61702534e-12
-1097.14975 -38369.4191 450.956474 4.82913806 1.3516412 0.178318466 1.09732461e-05
18728.7262 -18926.5065 287.412158 1.99977085 4.91857624 0.507451563 2.32794298e-13
-44614.5918 19935.4183 1488.78899 0.519803299 -3.74999048 0.44188397 3.33614049e-14
20538.1386 10473.4869 -0.647476417 0.744043365 6.83163007 0.496551879 2.71356326e-06
4042.92487 -9900.18834 1373.29615 9.04194489 -1.49629357 2.80839069 8.73907167e-15
-1355.93077 16721.8449 -647.198749 -6.71684062 0.598155369 -1.56243141 1.64689473e-13
6241.00626 10850.9477 -556.443949 -8.3588288 0.806440177 -2.27371452 1.53918542e-15
-26804.3309 -31876.1352 1413.87276 2.78838488 -2.24107649 0.850709963 2.72050922e-10
-3887.03315 -35274.3241 1252.05031 4.00216442 -2.16107233 -0.804161467 0.239314765
-32244.3056 36334.0728 -570.587968 -2.92250063 -2.30629247 0.300383036 1.1319325e-14
-24545.3628 -34465.7952 337.671852 4.19149845 -1.11479886 -1.02725375 1.13117537e-10
-9855.24617 9551.23851 638.358355 -5.14798324 -4.61611957 2.08385493 7.02160807e-14
-11194.9949 14523.7052 1414.64203 -5.74842611 -2.89317798 0.256926881 1.92920063e-13
42517.8669 16145.2546 212.17466 -2.66488778 2.74523262 -0.234018796 6.21461579e-13
-1288.24209 -13346.8057 1092.76371 6.0287312 -0.411415536 1.02565799 1.72058395e-14
-7493.48123 -14194.0255 -697.233797 3.80812426 -4.06322485 0.146857352 1.25282996e-12
-16783.2418 27334.99 416.513234 -2.20695085 -3.92963158 -0.568089863 1.76744822e-12
5508.74804 40780.3229 1367.35147 -3.44134142 1.27737457 0.489382096 5.23553595e-12
-35053.8446 -20511.5587 860.5965 1.50321748 -3.11695596 0.433301101 1.7727488e-09
26540.7133 -21469.1584 -402.46826 2.67169501 2.90583908 0.427404687 1.84446435e-13
2373.95653 9472.29033 558.567556 -6.35619842 5.47285886 -0.927269087 3.25707414e-14
5066.86011 663.356577 318.671054 0.162754437 9.7088019 -1.09197395 7.03408528e-12
988.037496 -43241.438 -829.183971 3.39992689 -1.10496301 0.378367652 1.37691222e-11
42285.093 6143.74385 -870.010619 -1.81843395 3.03020971 2.29728583 1.83148759e-12
-19553.9641 -24496.3753 -594.752998 3.32508137 -4.07062107 0.884049117 1.24960519e-14
25758.9234 34991.2191 294.284125 -3.58710551 2.8170211 0.439854485 5.4232701e-09
18743.0343 -25533.0448 -104.164964 5.08021773 2.39438604 -0.421262791 1.76988586e-13
-3016.76705 37142.8173 -913.210606 -4.7068161 -0.188946662 0.523721577 3.13249783e-12
